HIERARCHY
ROOT Root
{
  OFFSET 0.0 0.0 0.0
  CHANNELS 6 Xposition Yposition Zposition Zrotation Yrotation Xrotation
  JOINT Hips
  {
    OFFSET 0.0 100.0 0.0
    CHANNELS 6 Xposition Yposition Zposition Zrotation Yrotation Xrotation
    JOINT Spine1
    {
      OFFSET 5.003913 -0.037094 -0.013727
      CHANNELS 3 Zrotation Yrotation Xrotation
      JOINT Spine2
      {
        OFFSET 7.125363 -1e-06 0.0
        CHANNELS 3 Zrotation Yrotation Xrotation
        JOINT Chest
        {
          OFFSET 7.594027 1e-06 0.0
          CHANNELS 3 Zrotation Yrotation Xrotation
          JOINT Neck1
          {
            OFFSET 26.313086 -0.460272 -0.181672
            CHANNELS 3 Zrotation Yrotation Xrotation
            JOINT Neck2
            {
              OFFSET 8.045911 0.0 0.0
              CHANNELS 3 Zrotation Yrotation Xrotation
              JOINT Head
              {
                OFFSET 6.432774 0.0 0.0
                CHANNELS 3 Zrotation Yrotation Xrotation
                JOINT HeadEnd
                {
                  OFFSET 16.169773 0.06451 0.00362
                  CHANNELS 3 Zrotation Yrotation Xrotation
                }
                JOINT Jaw
                {
                  OFFSET 0.108741 3.12938 0.002639
                  CHANNELS 3 Zrotation Yrotation Xrotation
                }
                JOINT LeftEye
                {
                  OFFSET 4.45173 8.166359 3.206392
                  CHANNELS 3 Zrotation Yrotation Xrotation
                }
                JOINT RightEye
                {
                  OFFSET 4.436895 8.135758 -3.222429
                  CHANNELS 3 Zrotation Yrotation Xrotation
                }
              }
            }
          }
          JOINT LeftShoulder
          {
            OFFSET 23.218927 5.195579 1.621656
            CHANNELS 3 Zrotation Yrotation Xrotation
            JOINT LeftArm
            {
              OFFSET 15.902118 2e-06 -2e-06
              CHANNELS 3 Zrotation Yrotation Xrotation
              JOINT LeftForeArm
              {
                OFFSET 28.739307 0.0 -1e-06
                CHANNELS 3 Zrotation Yrotation Xrotation
                JOINT LeftHand
                {
                  OFFSET 27.093981 -4e-06 0.0
                  CHANNELS 3 Zrotation Yrotation Xrotation
                  JOINT LeftHandThumb1
                  {
                    OFFSET 2.276781 3.380274 0.83384
                    CHANNELS 3 Zrotation Yrotation Xrotation
                    JOINT LeftHandThumb2
                    {
                      OFFSET 4.705309 -1e-06 -1e-06
                      CHANNELS 3 Zrotation Yrotation Xrotation
                      JOINT LeftHandThumb3
                      {
                        OFFSET 2.798515 0.0 3e-06
                        CHANNELS 3 Zrotation Yrotation Xrotation
                        JOINT LeftHandThumbEnd
                        {
                          OFFSET 3.180793 4e-06 -4e-06
                          CHANNELS 3 Zrotation Yrotation Xrotation
                        }
                      }
                    }
                  }
                  JOINT LeftHandIndex1
                  {
                    OFFSET 3.247786 2.352677 0.137192
                    CHANNELS 3 Zrotation Yrotation Xrotation
                    JOINT LeftHandIndex2
                    {
                      OFFSET 6.367095 1e-06 0.0
                      CHANNELS 3 Zrotation Yrotation Xrotation
                      JOINT LeftHandIndex3
                      {
                        OFFSET 3.662364 0.0 0.0
                        CHANNELS 3 Zrotation Yrotation Xrotation
                        JOINT LeftHandIndex4
                        {
                          OFFSET 2.329242 4e-06 -4e-06
                          CHANNELS 3 Zrotation Yrotation Xrotation
                          JOINT LeftHandIndexEnd
                          {
                            OFFSET 2.767823 1e-06 0.0
                            CHANNELS 3 Zrotation Yrotation Xrotation
                          }
                        }
                      }
                    }
                  }
                  JOINT LeftHandMiddle1
                  {
                    OFFSET 3.163612 0.945023 -0.406112
                    CHANNELS 3 Zrotation Yrotation Xrotation
                    JOINT LeftHandMiddle2
                    {
                      OFFSET 6.276789 3e-06 0.0
                      CHANNELS 3 Zrotation Yrotation Xrotation
                      JOINT LeftHandMiddle3
                      {
                        OFFSET 4.35652 -1e-06 4e-06
                        CHANNELS 3 Zrotation Yrotation Xrotation
                        JOINT LeftHandMiddle4
                        {
                          OFFSET 2.996877 0.0 8e-06
                          CHANNELS 3 Zrotation Yrotation Xrotation
                          JOINT LeftHandMiddleEnd
                          {
                            OFFSET 2.323256 3e-06 -4e-06
                            CHANNELS 3 Zrotation Yrotation Xrotation
                          }
                        }
                      }
                    }
                  }
                  JOINT LeftHandRing1
                  {
                    OFFSET 2.882606 -0.309162 0.107445
                    CHANNELS 3 Zrotation Yrotation Xrotation
                    JOINT LeftHandRing2
                    {
                      OFFSET 6.033198 0.0 4e-06
                      CHANNELS 3 Zrotation Yrotation Xrotation
                      JOINT LeftHandRing3
                      {
                        OFFSET 4.350578 3e-06 0.0
                        CHANNELS 3 Zrotation Yrotation Xrotation
                        JOINT LeftHandRing4
                        {
                          OFFSET 2.651321 2e-06 -7e-06
                          CHANNELS 3 Zrotation Yrotation Xrotation
                          JOINT LeftHandRingEnd
                          {
                            OFFSET 1.937663 1e-06 -4e-06
                            CHANNELS 3 Zrotation Yrotation Xrotation
                          }
                        }
                      }
                    }
                  }
                  JOINT LeftHandPinky1
                  {
                    OFFSET 2.865315 -1.525436 0.575687
                    CHANNELS 3 Zrotation Yrotation Xrotation
                    JOINT LeftHandPinky2
                    {
                      OFFSET 5.54936 1e-06 -8e-06
                      CHANNELS 3 Zrotation Yrotation Xrotation
                      JOINT LeftHandPinky3
                      {
                        OFFSET 3.070974 0.0 -4e-06
                        CHANNELS 3 Zrotation Yrotation Xrotation
                        JOINT LeftHandPinky4
                        {
                          OFFSET 1.549672 1e-06 0.0
                          CHANNELS 3 Zrotation Yrotation Xrotation
                          JOINT LeftHandPinkyEnd
                          {
                            OFFSET 1.952123 0.0 0.0
                            CHANNELS 3 Zrotation Yrotation Xrotation
                          }
                        }
                      }
                    }
                  }
                }
              }
            }
          }
          JOINT RightShoulder
          {
            OFFSET 23.161716 5.296122 -1.380114
            CHANNELS 3 Zrotation Yrotation Xrotation
            JOINT RightArm
            {
              OFFSET -16.027195 -2e-06 1.1e-05
              CHANNELS 3 Zrotation Yrotation Xrotation
              JOINT RightForeArm
              {
                OFFSET -28.736639 4e-06 2e-06
                CHANNELS 3 Zrotation Yrotation Xrotation
                JOINT RightHand
                {
                  OFFSET -27.133619 6e-06 0.0
                  CHANNELS 3 Zrotation Yrotation Xrotation
                  JOINT RightHandThumb1
                  {
                    OFFSET -2.274328 -3.351035 -0.83067
                    CHANNELS 3 Zrotation Yrotation Xrotation
                    JOINT RightHandThumb2
                    {
                      OFFSET -4.703594 -3e-06 2e-06
                      CHANNELS 3 Zrotation Yrotation Xrotation
                      JOINT RightHandThumb3
                      {
                        OFFSET -2.794935 -4e-06 -3e-06
                        CHANNELS 3 Zrotation Yrotation Xrotation
                        JOINT RightHandThumbEnd
                        {
                          OFFSET -3.183852 4e-06 1e-06
                          CHANNELS 3 Zrotation Yrotation Xrotation
                        }
                      }
                    }
                  }
                  JOINT RightHandIndex1
                  {
                    OFFSET -3.253496 -2.33755 -0.127667
                    CHANNELS 3 Zrotation Yrotation Xrotation
                    JOINT RightHandIndex2
                    {
                      OFFSET -6.344434 0.0 0.0
                      CHANNELS 3 Zrotation Yrotation Xrotation
                      JOINT RightHandIndex3
                      {
                        OFFSET -3.654871 0.0 -8e-06
                        CHANNELS 3 Zrotation Yrotation Xrotation
                        JOINT RightHandIndex4
                        {
                          OFFSET -2.327586 -1e-06 0.0
                          CHANNELS 3 Zrotation Yrotation Xrotation
                          JOINT RightHandIndexEnd
                          {
                            OFFSET -2.770001 3e-06 8e-06
                            CHANNELS 3 Zrotation Yrotation Xrotation
                          }
                        }
                      }
                    }
                  }
                  JOINT RightHandMiddle1
                  {
                    OFFSET -3.168223 -0.944764 0.411762
                    CHANNELS 3 Zrotation Yrotation Xrotation
                    JOINT RightHandMiddle2
                    {
                      OFFSET -6.266691 -1e-06 -4e-06
                      CHANNELS 3 Zrotation Yrotation Xrotation
                      JOINT RightHandMiddle3
                      {
                        OFFSET -4.348901 0.0 0.0
                        CHANNELS 3 Zrotation Yrotation Xrotation
                        JOINT RightHandMiddle4
                        {
                          OFFSET -3.00024 2e-06 -4e-06
                          CHANNELS 3 Zrotation Yrotation Xrotation
                          JOINT RightHandMiddleEnd
                          {
                            OFFSET -2.321477 -4e-06 -4e-06
                            CHANNELS 3 Zrotation Yrotation Xrotation
                          }
                        }
                      }
                    }
                  }
                  JOINT RightHandRing1
                  {
                    OFFSET -2.885654 0.293261 -0.119232
                    CHANNELS 3 Zrotation Yrotation Xrotation
                    JOINT RightHandRing2
                    {
                      OFFSET -6.032835 -1e-06 -4e-06
                      CHANNELS 3 Zrotation Yrotation Xrotation
                      JOINT RightHandRing3
                      {
                        OFFSET -4.33881 0.0 -4e-06
                        CHANNELS 3 Zrotation Yrotation Xrotation
                        JOINT RightHandRing4
                        {
                          OFFSET -2.654903 -4e-06 -4e-06
                          CHANNELS 3 Zrotation Yrotation Xrotation
                          JOINT RightHandRingEnd
                          {
                            OFFSET -1.935122 0.0 4e-06
                            CHANNELS 3 Zrotation Yrotation Xrotation
                          }
                        }
                      }
                    }
                  }
                  JOINT RightHandPinky1
                  {
                    OFFSET -2.866241 1.503904 -0.60527
                    CHANNELS 3 Zrotation Yrotation Xrotation
                    JOINT RightHandPinky2
                    {
                      OFFSET -5.553177 -2e-06 0.0
                      CHANNELS 3 Zrotation Yrotation Xrotation
                      JOINT RightHandPinky3
                      {
                        OFFSET -3.062664 -1e-06 -4e-06
                        CHANNELS 3 Zrotation Yrotation Xrotation
                        JOINT RightHandPinky4
                        {
                          OFFSET -1.546529 2e-06 4e-06
                          CHANNELS 3 Zrotation Yrotation Xrotation
                          JOINT RightHandPinkyEnd
                          {
                            OFFSET -1.952341 0.0 -4e-06
                            CHANNELS 3 Zrotation Yrotation Xrotation
                          }
                        }
                      }
                    }
                  }
                }
              }
            }
          }
        }
      }
    }
    JOINT LeftLeg
    {
      OFFSET -8.443107 2.567604 10.043214
      CHANNELS 3 Zrotation Yrotation Xrotation
      JOINT LeftShin
      {
        OFFSET 43.229198 1e-06 -1e-06
        CHANNELS 3 Zrotation Yrotation Xrotation
        JOINT LeftFoot
        {
          OFFSET 42.298611 1e-06 1e-06
          CHANNELS 3 Zrotation Yrotation Xrotation
          JOINT LeftToeBase
          {
            OFFSET 14.165858 1e-06 0.0
            CHANNELS 3 Zrotation Yrotation Xrotation
            JOINT LeftToeEnd
            {
              OFFSET 6.7141 -0.234461 0.0
              CHANNELS 3 Zrotation Yrotation Xrotation
            }
          }
        }
      }
    }
    JOINT RightLeg
    {
      OFFSET -8.303923 2.592729 -10.047278
      CHANNELS 3 Zrotation Yrotation Xrotation
      JOINT RightShin
      {
        OFFSET -43.369682 0.0 1e-06
        CHANNELS 3 Zrotation Yrotation Xrotation
        JOINT RightFoot
        {
          OFFSET -42.260784 4e-06 2e-06
          CHANNELS 3 Zrotation Yrotation Xrotation
          JOINT RightToeBase
          {
            OFFSET -14.222245 -2e-06 -1e-06
            CHANNELS 3 Zrotation Yrotation Xrotation
            JOINT RightToeEnd
            {
              OFFSET -6.660062 0.232574 -2e-06
              CHANNELS 3 Zrotation Yrotation Xrotation
            }
          }
        }
      }
    }
  }
}
MOTION
Frames: 180
Frame Time: 0.03333333333333333
0.0 0.0 0.0 0.0 -0.0 0.0 0.0 100.87085 0.0 90.000328 0.190163 90.000328 -0.049287 1e-06 -3e-06 -5.927024 3e-06 -0.0 5.964053 5e-06 0.0 16.829426 1e-05 2e-06 1.052974 2.1e-05 -2e-06 -24.428869 4e-05 -2e-05 -0.0 -7.4e-05 3.1e-05 0.0 7.9e-05 0.0 10.592797 -0.254773 3.786015 10.592787 0.254987 -3.785956 -89.776634 -69.738167 89.979286 20.234638 -3e-06 -1e-06 0.010686 -0.0 0.0 0.000704 0.001974 9.712303 25.642761 -18.917786 54.214165 -29.88636 -10.372678 24.530539 0.0 -0.0 0.0 0.0 -0.0 0.0 1.560195 0.375098 -1.406302 -1.574694 -0.339407 -8.296517 0.0 -0.0 0.0 -2.345381 -3.741133 -2.252148 0.0 -0.0 0.0 -8.680352 -3.883042 -3.13835 8.888373 3.355701 -6.015839 0.0 -0.0 0.0 -0.789304 -7.285017 -3.385952 0.0 -0.0 0.0 -12.266362 -6.770043 -3.829185 12.748711 5.779631 -4.507649 0.0 -0.0 0.0 -0.002125 2.297532 1.077113 0.0 -0.0 0.0 -16.653231 -16.879332 -5.818032 18.858604 14.33904 0.985165 0.0 -0.0 0.0 1.68497 -4.635244 -1.805353 0.0 -0.0 0.0 90.181915 -69.738167 89.97924 20.234636 -4e-06 1e-06 0.010699 -0.0 0.0 0.000698 0.001975 9.712301 25.642763 -18.917789 54.214169 -29.886368 -10.372681 24.530539 0.0 -0.0 0.0 0.0 -0.0 0.0 1.562406 0.379639 -1.402784 -1.576997 -0.344016 -8.299985 0.0 -0.0 0.0 -2.344502 -3.741118 -2.25218 0.0 -0.0 0.0 -8.680535 -3.881308 -3.138472 8.888452 3.353951 -6.015964 0.0 -0.0 0.0 -0.789081 -7.285012 -3.385969 0.0 -0.0 0.0 -12.266361 -6.770046 -3.829185 12.748709 5.779632 -4.507646 0.0 -0.0 0.0 -0.001557 2.295775 1.076246 0.0 -0.0 0.0 -16.652988 -16.879618 -5.819845 18.85882 14.338744 0.986972 0.0 -0.0 0.0 1.684433 -4.633524 -1.803554 0.0 -0.0 0.0 -178.745667 -0.0 0.0 3.659674 -0.0 0.0 -73.798668 0.0 0.0 -4.726109 0.08116 0.023582 -0.997327 3.3e-05 1e-06 1.25456 -0.0 0.0 3.659674 -0.0 0.0 -73.798668 3e-06 0.0 -4.726109 0.081185 0.023581 -0.997327 6e-06 2e-06 
0.0 0.0 0.0 0.0 -0.0 0.0 0.0 100.87085 0.0 90.000328 0.190163 90.000328 -0.049287 1e-06 -3e-06 -5.927024 3e-06 -0.0 5.964053 5e-06 0.0 16.829426 1e-05 2e-06 1.052974 2.1e-05 -2e-06 -24.428869 4e-05 -2e-05 -0.0 -7.4e-05 3.1e-05 0.0 7.9e-05 0.0 10.592797 -0.254773 3.786015 10.592787 0.254987 -3.785956 -89.776634 -69.738167 89.979286 20.234638 -3e-06 -1e-06 0.010686 -0.0 0.0 0.000704 0.001974 9.712303 25.642761 -18.917786 54.214165 -29.88636 -10.372678 24.530539 0.0 -0.0 0.0 0.0 -0.0 0.0 1.560195 0.375098 -1.406302 -1.574694 -0.339407 -8.296517 0.0 -0.0 0.0 -2.345381 -3.741133 -2.252148 0.0 -0.0 0.0 -8.680352 -3.883042 -3.13835 8.888373 3.355701 -6.015839 0.0 -0.0 0.0 -0.789304 -7.285017 -3.385952 0.0 -0.0 0.0 -12.266362 -6.770043 -3.829185 12.748711 5.779631 -4.507649 0.0 -0.0 0.0 -0.002125 2.297532 1.077113 0.0 -0.0 0.0 -16.653231 -16.879332 -5.818032 18.858604 14.33904 0.985165 0.0 -0.0 0.0 1.68497 -4.635244 -1.805353 0.0 -0.0 0.0 90.181915 -69.738167 89.97924 20.234636 -4e-06 1e-06 0.010699 -0.0 0.0 0.000698 0.001975 9.712301 25.642763 -18.917789 54.214169 -29.886368 -10.372681 24.530539 0.0 -0.0 0.0 0.0 -0.0 0.0 1.562406 0.379639 -1.402784 -1.576997 -0.344016 -8.299985 0.0 -0.0 0.0 -2.344502 -3.741118 -2.25218 0.0 -0.0 0.0 -8.680535 -3.881308 -3.138472 8.888452 3.353951 -6.015964 0.0 -0.0 0.0 -0.789081 -7.285012 -3.385969 0.0 -0.0 0.0 -12.266361 -6.770046 -3.829185 12.748709 5.779632 -4.507646 0.0 -0.0 0.0 -0.001557 2.295775 1.076246 0.0 -0.0 0.0 -16.652988 -16.879618 -5.819845 18.85882 14.338744 0.986972 0.0 -0.0 0.0 1.684433 -4.633524 -1.803554 0.0 -0.0 0.0 -178.745667 -0.0 0.0 3.659674 -0.0 0.0 -73.798668 0.0 0.0 -4.726109 0.08116 0.023582 -0.997327 3.3e-05 1e-06 1.25456 -0.0 0.0 3.659674 -0.0 0.0 -73.798668 3e-06 0.0 -4.726109 0.081185 0.023581 -0.997327 6e-06 2e-06 
0.0 0.0 0.0 0.0 -0.0 0.0 0.0 100.87085 0.0 90.000328 0.190163 90.000328 -0.049287 1e-06 -3e-06 -5.927024 3e-06 -0.0 5.964053 5e-06 0.0 16.829426 1e-05 2e-06 1.052974 2.1e-05 -2e-06 -24.428869 4e-05 -2e-05 -0.0 -7.4e-05 3.1e-05 0.0 7.9e-05 0.0 10.592797 -0.254773 3.786015 10.592787 0.254987 -3.785956 -89.776634 -69.738167 89.979286 20.234638 -3e-06 -1e-06 0.010686 -0.0 0.0 0.000704 0.001974 9.712303 25.642761 -18.917786 54.214165 -29.88636 -10.372678 24.530539 0.0 -0.0 0.0 0.0 -0.0 0.0 1.560195 0.375098 -1.406302 -1.574694 -0.339407 -8.296517 0.0 -0.0 0.0 -2.345381 -3.741133 -2.252148 0.0 -0.0 0.0 -8.680352 -3.883042 -3.13835 8.888373 3.355701 -6.015839 0.0 -0.0 0.0 -0.789304 -7.285017 -3.385952 0.0 -0.0 0.0 -12.266362 -6.770043 -3.829185 12.748711 5.779631 -4.507649 0.0 -0.0 0.0 -0.002125 2.297532 1.077113 0.0 -0.0 0.0 -16.653231 -16.879332 -5.818032 18.858604 14.33904 0.985165 0.0 -0.0 0.0 1.68497 -4.635244 -1.805353 0.0 -0.0 0.0 90.181915 -69.738167 89.97924 20.234636 -4e-06 1e-06 0.010699 -0.0 0.0 0.000698 0.001975 9.712301 25.642763 -18.917789 54.214169 -29.886368 -10.372681 24.530539 0.0 -0.0 0.0 0.0 -0.0 0.0 1.562406 0.379639 -1.402784 -1.576997 -0.344016 -8.299985 0.0 -0.0 0.0 -2.344502 -3.741118 -2.25218 0.0 -0.0 0.0 -8.680535 -3.881308 -3.138472 8.888452 3.353951 -6.015964 0.0 -0.0 0.0 -0.789081 -7.285012 -3.385969 0.0 -0.0 0.0 -12.266361 -6.770046 -3.829185 12.748709 5.779632 -4.507646 0.0 -0.0 0.0 -0.001557 2.295775 1.076246 0.0 -0.0 0.0 -16.652988 -16.879618 -5.819845 18.85882 14.338744 0.986972 0.0 -0.0 0.0 1.684433 -4.633524 -1.803554 0.0 -0.0 0.0 -178.745667 -0.0 0.0 3.659674 -0.0 0.0 -73.798668 0.0 0.0 -4.726109 0.08116 0.023582 -0.997327 3.3e-05 1e-06 1.25456 -0.0 0.0 3.659674 -0.0 0.0 -73.798668 3e-06 0.0 -4.726109 0.081185 0.023581 -0.997327 6e-06 2e-06 
0.0 0.0 0.0 0.0 -0.0 0.0 0.0 100.87085 0.0 90.000328 0.190163 90.000328 -0.049287 1e-06 -3e-06 -5.927024 3e-06 -0.0 5.964053 5e-06 0.0 16.829426 1e-05 2e-06 1.052974 2.1e-05 -2e-06 -24.428869 4e-05 -2e-05 -0.0 -7.4e-05 3.1e-05 0.0 7.9e-05 0.0 10.592797 -0.254773 3.786015 10.592787 0.254987 -3.785956 -89.776634 -69.738167 89.979286 20.234638 -3e-06 -1e-06 0.010686 -0.0 0.0 0.000704 0.001974 9.712303 25.642761 -18.917786 54.214165 -29.88636 -10.372678 24.530539 0.0 -0.0 0.0 0.0 -0.0 0.0 1.560195 0.375098 -1.406302 -1.574694 -0.339407 -8.296517 0.0 -0.0 0.0 -2.345381 -3.741133 -2.252148 0.0 -0.0 0.0 -8.680352 -3.883042 -3.13835 8.888373 3.355701 -6.015839 0.0 -0.0 0.0 -0.789304 -7.285017 -3.385952 0.0 -0.0 0.0 -12.266362 -6.770043 -3.829185 12.748711 5.779631 -4.507649 0.0 -0.0 0.0 -0.002125 2.297532 1.077113 0.0 -0.0 0.0 -16.653231 -16.879332 -5.818032 18.858604 14.33904 0.985165 0.0 -0.0 0.0 1.68497 -4.635244 -1.805353 0.0 -0.0 0.0 90.181915 -69.738167 89.97924 20.234636 -4e-06 1e-06 0.010699 -0.0 0.0 0.000698 0.001975 9.712301 25.642763 -18.917789 54.214169 -29.886368 -10.372681 24.530539 0.0 -0.0 0.0 0.0 -0.0 0.0 1.562406 0.379639 -1.402784 -1.576997 -0.344016 -8.299985 0.0 -0.0 0.0 -2.344502 -3.741118 -2.25218 0.0 -0.0 0.0 -8.680535 -3.881308 -3.138472 8.888452 3.353951 -6.015964 0.0 -0.0 0.0 -0.789081 -7.285012 -3.385969 0.0 -0.0 0.0 -12.266361 -6.770046 -3.829185 12.748709 5.779632 -4.507646 0.0 -0.0 0.0 -0.001557 2.295775 1.076246 0.0 -0.0 0.0 -16.652988 -16.879618 -5.819845 18.85882 14.338744 0.986972 0.0 -0.0 0.0 1.684433 -4.633524 -1.803554 0.0 -0.0 0.0 -178.745667 -0.0 0.0 3.659674 -0.0 0.0 -73.798668 0.0 0.0 -4.726109 0.08116 0.023582 -0.997327 3.3e-05 1e-06 1.25456 -0.0 0.0 3.659674 -0.0 0.0 -73.798668 3e-06 0.0 -4.726109 0.081185 0.023581 -0.997327 6e-06 2e-06 
0.0 0.0 0.0 0.0 -0.0 0.0 0.0 100.87085 0.0 90.000328 0.190163 90.000328 -0.049287 1e-06 -3e-06 -5.927024 3e-06 -0.0 5.964053 5e-06 0.0 16.829426 1e-05 2e-06 1.052974 2.1e-05 -2e-06 -24.428869 4e-05 -2e-05 -0.0 -7.4e-05 3.1e-05 0.0 7.9e-05 0.0 10.592797 -0.254773 3.786015 10.592787 0.254987 -3.785956 -89.776634 -69.738167 89.979286 20.234638 -3e-06 -1e-06 0.010686 -0.0 0.0 0.000704 0.001974 9.712303 25.642761 -18.917786 54.214165 -29.88636 -10.372678 24.530539 0.0 -0.0 0.0 0.0 -0.0 0.0 1.560195 0.375098 -1.406302 -1.574694 -0.339407 -8.296517 0.0 -0.0 0.0 -2.345381 -3.741133 -2.252148 0.0 -0.0 0.0 -8.680352 -3.883042 -3.13835 8.888373 3.355701 -6.015839 0.0 -0.0 0.0 -0.789304 -7.285017 -3.385952 0.0 -0.0 0.0 -12.266362 -6.770043 -3.829185 12.748711 5.779631 -4.507649 0.0 -0.0 0.0 -0.002125 2.297532 1.077113 0.0 -0.0 0.0 -16.653231 -16.879332 -5.818032 18.858604 14.33904 0.985165 0.0 -0.0 0.0 1.68497 -4.635244 -1.805353 0.0 -0.0 0.0 90.181915 -69.738167 89.97924 20.234636 -4e-06 1e-06 0.010699 -0.0 0.0 0.000698 0.001975 9.712301 25.642763 -18.917789 54.214169 -29.886368 -10.372681 24.530539 0.0 -0.0 0.0 0.0 -0.0 0.0 1.562406 0.379639 -1.402784 -1.576997 -0.344016 -8.299985 0.0 -0.0 0.0 -2.344502 -3.741118 -2.25218 0.0 -0.0 0.0 -8.680535 -3.881308 -3.138472 8.888452 3.353951 -6.015964 0.0 -0.0 0.0 -0.789081 -7.285012 -3.385969 0.0 -0.0 0.0 -12.266361 -6.770046 -3.829185 12.748709 5.779632 -4.507646 0.0 -0.0 0.0 -0.001557 2.295775 1.076246 0.0 -0.0 0.0 -16.652988 -16.879618 -5.819845 18.85882 14.338744 0.986972 0.0 -0.0 0.0 1.684433 -4.633524 -1.803554 0.0 -0.0 0.0 -178.745667 -0.0 0.0 3.659674 -0.0 0.0 -73.798668 0.0 0.0 -4.726109 0.08116 0.023582 -0.997327 3.3e-05 1e-06 1.25456 -0.0 0.0 3.659674 -0.0 0.0 -73.798668 3e-06 0.0 -4.726109 0.081185 0.023581 -0.997327 6e-06 2e-06 
0.0 0.0 0.0 0.0 -0.0 0.0 0.0 100.87085 0.0 90.000328 0.190163 90.000328 -0.049287 1e-06 -3e-06 -5.927024 3e-06 -0.0 5.964053 5e-06 0.0 16.829426 1e-05 2e-06 1.052974 2.1e-05 -2e-06 -24.428869 4e-05 -2e-05 -0.0 -7.4e-05 3.1e-05 0.0 7.9e-05 0.0 10.592797 -0.254773 3.786015 10.592787 0.254987 -3.785956 -89.776634 -69.738167 89.979286 20.234638 -3e-06 -1e-06 0.010686 -0.0 0.0 0.000704 0.001974 9.712303 25.642761 -18.917786 54.214165 -29.88636 -10.372678 24.530539 0.0 -0.0 0.0 0.0 -0.0 0.0 1.560195 0.375098 -1.406302 -1.574694 -0.339407 -8.296517 0.0 -0.0 0.0 -2.345381 -3.741133 -2.252148 0.0 -0.0 0.0 -8.680352 -3.883042 -3.13835 8.888373 3.355701 -6.015839 0.0 -0.0 0.0 -0.789304 -7.285017 -3.385952 0.0 -0.0 0.0 -12.266362 -6.770043 -3.829185 12.748711 5.779631 -4.507649 0.0 -0.0 0.0 -0.002125 2.297532 1.077113 0.0 -0.0 0.0 -16.653231 -16.879332 -5.818032 18.858604 14.33904 0.985165 0.0 -0.0 0.0 1.68497 -4.635244 -1.805353 0.0 -0.0 0.0 90.181915 -69.738167 89.97924 20.234636 -4e-06 1e-06 0.010699 -0.0 0.0 0.000698 0.001975 9.712301 25.642763 -18.917789 54.214169 -29.886368 -10.372681 24.530539 0.0 -0.0 0.0 0.0 -0.0 0.0 1.562406 0.379639 -1.402784 -1.576997 -0.344016 -8.299985 0.0 -0.0 0.0 -2.344502 -3.741118 -2.25218 0.0 -0.0 0.0 -8.680535 -3.881308 -3.138472 8.888452 3.353951 -6.015964 0.0 -0.0 0.0 -0.789081 -7.285012 -3.385969 0.0 -0.0 0.0 -12.266361 -6.770046 -3.829185 12.748709 5.779632 -4.507646 0.0 -0.0 0.0 -0.001557 2.295775 1.076246 0.0 -0.0 0.0 -16.652988 -16.879618 -5.819845 18.85882 14.338744 0.986972 0.0 -0.0 0.0 1.684433 -4.633524 -1.803554 0.0 -0.0 0.0 -178.745667 -0.0 0.0 3.659674 -0.0 0.0 -73.798668 0.0 0.0 -4.726109 0.08116 0.023582 -0.997327 3.3e-05 1e-06 1.25456 -0.0 0.0 3.659674 -0.0 0.0 -73.798668 3e-06 0.0 -4.726109 0.081185 0.023581 -0.997327 6e-06 2e-06 
0.0 0.0 0.0 0.0 -0.0 0.0 0.0 100.87085 0.0 90.000328 0.190163 90.000328 -0.049287 1e-06 -3e-06 -5.927024 3e-06 -0.0 5.964053 5e-06 0.0 16.829426 1e-05 2e-06 1.052974 2.1e-05 -2e-06 -24.428869 4e-05 -2e-05 -0.0 -7.4e-05 3.1e-05 0.0 7.9e-05 0.0 10.592797 -0.254773 3.786015 10.592787 0.254987 -3.785956 -89.776634 -69.738167 89.979286 20.234638 -3e-06 -1e-06 0.010686 -0.0 0.0 0.000704 0.001974 9.712303 25.642761 -18.917786 54.214165 -29.88636 -10.372678 24.530539 0.0 -0.0 0.0 0.0 -0.0 0.0 1.560195 0.375098 -1.406302 -1.574694 -0.339407 -8.296517 0.0 -0.0 0.0 -2.345381 -3.741133 -2.252148 0.0 -0.0 0.0 -8.680352 -3.883042 -3.13835 8.888373 3.355701 -6.015839 0.0 -0.0 0.0 -0.789304 -7.285017 -3.385952 0.0 -0.0 0.0 -12.266362 -6.770043 -3.829185 12.748711 5.779631 -4.507649 0.0 -0.0 0.0 -0.002125 2.297532 1.077113 0.0 -0.0 0.0 -16.653231 -16.879332 -5.818032 18.858604 14.33904 0.985165 0.0 -0.0 0.0 1.68497 -4.635244 -1.805353 0.0 -0.0 0.0 90.181915 -69.738167 89.97924 20.234636 -4e-06 1e-06 0.010699 -0.0 0.0 0.000698 0.001975 9.712301 25.642763 -18.917789 54.214169 -29.886368 -10.372681 24.530539 0.0 -0.0 0.0 0.0 -0.0 0.0 1.562406 0.379639 -1.402784 -1.576997 -0.344016 -8.299985 0.0 -0.0 0.0 -2.344502 -3.741118 -2.25218 0.0 -0.0 0.0 -8.680535 -3.881308 -3.138472 8.888452 3.353951 -6.015964 0.0 -0.0 0.0 -0.789081 -7.285012 -3.385969 0.0 -0.0 0.0 -12.266361 -6.770046 -3.829185 12.748709 5.779632 -4.507646 0.0 -0.0 0.0 -0.001557 2.295775 1.076246 0.0 -0.0 0.0 -16.652988 -16.879618 -5.819845 18.85882 14.338744 0.986972 0.0 -0.0 0.0 1.684433 -4.633524 -1.803554 0.0 -0.0 0.0 -178.745667 -0.0 0.0 3.659674 -0.0 0.0 -73.798668 0.0 0.0 -4.726109 0.08116 0.023582 -0.997327 3.3e-05 1e-06 1.25456 -0.0 0.0 3.659674 -0.0 0.0 -73.798668 3e-06 0.0 -4.726109 0.081185 0.023581 -0.997327 6e-06 2e-06 
0.0 0.0 0.0 0.0 -0.0 0.0 0.0 100.87085 0.0 90.000328 0.190163 90.000328 -0.049287 1e-06 -3e-06 -5.927024 3e-06 -0.0 5.964053 5e-06 0.0 16.829426 1e-05 2e-06 1.052974 2.1e-05 -2e-06 -24.428869 4e-05 -2e-05 -0.0 -7.4e-05 3.1e-05 0.0 7.9e-05 0.0 10.592797 -0.254773 3.786015 10.592787 0.254987 -3.785956 -89.776634 -69.738167 89.979286 20.234638 -3e-06 -1e-06 0.010686 -0.0 0.0 0.000704 0.001974 9.712303 25.642761 -18.917786 54.214165 -29.88636 -10.372678 24.530539 0.0 -0.0 0.0 0.0 -0.0 0.0 1.560195 0.375098 -1.406302 -1.574694 -0.339407 -8.296517 0.0 -0.0 0.0 -2.345381 -3.741133 -2.252148 0.0 -0.0 0.0 -8.680352 -3.883042 -3.13835 8.888373 3.355701 -6.015839 0.0 -0.0 0.0 -0.789304 -7.285017 -3.385952 0.0 -0.0 0.0 -12.266362 -6.770043 -3.829185 12.748711 5.779631 -4.507649 0.0 -0.0 0.0 -0.002125 2.297532 1.077113 0.0 -0.0 0.0 -16.653231 -16.879332 -5.818032 18.858604 14.33904 0.985165 0.0 -0.0 0.0 1.68497 -4.635244 -1.805353 0.0 -0.0 0.0 90.181915 -69.738167 89.97924 20.234636 -4e-06 1e-06 0.010699 -0.0 0.0 0.000698 0.001975 9.712301 25.642763 -18.917789 54.214169 -29.886368 -10.372681 24.530539 0.0 -0.0 0.0 0.0 -0.0 0.0 1.562406 0.379639 -1.402784 -1.576997 -0.344016 -8.299985 0.0 -0.0 0.0 -2.344502 -3.741118 -2.25218 0.0 -0.0 0.0 -8.680535 -3.881308 -3.138472 8.888452 3.353951 -6.015964 0.0 -0.0 0.0 -0.789081 -7.285012 -3.385969 0.0 -0.0 0.0 -12.266361 -6.770046 -3.829185 12.748709 5.779632 -4.507646 0.0 -0.0 0.0 -0.001557 2.295775 1.076246 0.0 -0.0 0.0 -16.652988 -16.879618 -5.819845 18.85882 14.338744 0.986972 0.0 -0.0 0.0 1.684433 -4.633524 -1.803554 0.0 -0.0 0.0 -178.745667 -0.0 0.0 3.659674 -0.0 0.0 -73.798668 0.0 0.0 -4.726109 0.08116 0.023582 -0.997327 3.3e-05 1e-06 1.25456 -0.0 0.0 3.659674 -0.0 0.0 -73.798668 3e-06 0.0 -4.726109 0.081185 0.023581 -0.997327 6e-06 2e-06 
0.0 0.0 0.0 0.0 -0.0 0.0 0.0 100.87085 0.0 90.000328 0.190163 90.000328 -0.049287 1e-06 -3e-06 -5.927024 3e-06 -0.0 5.964053 5e-06 0.0 16.829426 1e-05 2e-06 1.052974 2.1e-05 -2e-06 -24.428869 4e-05 -2e-05 -0.0 -7.4e-05 3.1e-05 0.0 7.9e-05 0.0 10.592797 -0.254773 3.786015 10.592787 0.254987 -3.785956 -89.776634 -69.738167 89.979286 20.234638 -3e-06 -1e-06 0.010686 -0.0 0.0 0.000704 0.001974 9.712303 25.642761 -18.917786 54.214165 -29.88636 -10.372678 24.530539 0.0 -0.0 0.0 0.0 -0.0 0.0 1.560195 0.375098 -1.406302 -1.574694 -0.339407 -8.296517 0.0 -0.0 0.0 -2.345381 -3.741133 -2.252148 0.0 -0.0 0.0 -8.680352 -3.883042 -3.13835 8.888373 3.355701 -6.015839 0.0 -0.0 0.0 -0.789304 -7.285017 -3.385952 0.0 -0.0 0.0 -12.266362 -6.770043 -3.829185 12.748711 5.779631 -4.507649 0.0 -0.0 0.0 -0.002125 2.297532 1.077113 0.0 -0.0 0.0 -16.653231 -16.879332 -5.818032 18.858604 14.33904 0.985165 0.0 -0.0 0.0 1.68497 -4.635244 -1.805353 0.0 -0.0 0.0 90.181915 -69.738167 89.97924 20.234636 -4e-06 1e-06 0.010699 -0.0 0.0 0.000698 0.001975 9.712301 25.642763 -18.917789 54.214169 -29.886368 -10.372681 24.530539 0.0 -0.0 0.0 0.0 -0.0 0.0 1.562406 0.379639 -1.402784 -1.576997 -0.344016 -8.299985 0.0 -0.0 0.0 -2.344502 -3.741118 -2.25218 0.0 -0.0 0.0 -8.680535 -3.881308 -3.138472 8.888452 3.353951 -6.015964 0.0 -0.0 0.0 -0.789081 -7.285012 -3.385969 0.0 -0.0 0.0 -12.266361 -6.770046 -3.829185 12.748709 5.779632 -4.507646 0.0 -0.0 0.0 -0.001557 2.295775 1.076246 0.0 -0.0 0.0 -16.652988 -16.879618 -5.819845 18.85882 14.338744 0.986972 0.0 -0.0 0.0 1.684433 -4.633524 -1.803554 0.0 -0.0 0.0 -178.745667 -0.0 0.0 3.659674 -0.0 0.0 -73.798668 0.0 0.0 -4.726109 0.08116 0.023582 -0.997327 3.3e-05 1e-06 1.25456 -0.0 0.0 3.659674 -0.0 0.0 -73.798668 3e-06 0.0 -4.726109 0.081185 0.023581 -0.997327 6e-06 2e-06 
0.0 0.0 0.0 0.0 -0.0 0.0 0.0 100.87085 0.0 90.000328 0.190163 90.000328 -0.049287 1e-06 -3e-06 -5.927024 3e-06 -0.0 5.964053 5e-06 0.0 16.829426 1e-05 2e-06 1.052974 2.1e-05 -2e-06 -24.428869 4e-05 -2e-05 -0.0 -7.4e-05 3.1e-05 0.0 7.9e-05 0.0 10.592797 -0.254773 3.786015 10.592787 0.254987 -3.785956 -89.776634 -69.738167 89.979286 20.234638 -3e-06 -1e-06 0.010686 -0.0 0.0 0.000704 0.001974 9.712303 25.642761 -18.917786 54.214165 -29.88636 -10.372678 24.530539 0.0 -0.0 0.0 0.0 -0.0 0.0 1.560195 0.375098 -1.406302 -1.574694 -0.339407 -8.296517 0.0 -0.0 0.0 -2.345381 -3.741133 -2.252148 0.0 -0.0 0.0 -8.680352 -3.883042 -3.13835 8.888373 3.355701 -6.015839 0.0 -0.0 0.0 -0.789304 -7.285017 -3.385952 0.0 -0.0 0.0 -12.266362 -6.770043 -3.829185 12.748711 5.779631 -4.507649 0.0 -0.0 0.0 -0.002125 2.297532 1.077113 0.0 -0.0 0.0 -16.653231 -16.879332 -5.818032 18.858604 14.33904 0.985165 0.0 -0.0 0.0 1.68497 -4.635244 -1.805353 0.0 -0.0 0.0 90.181915 -69.738167 89.97924 20.234636 -4e-06 1e-06 0.010699 -0.0 0.0 0.000698 0.001975 9.712301 25.642763 -18.917789 54.214169 -29.886368 -10.372681 24.530539 0.0 -0.0 0.0 0.0 -0.0 0.0 1.562406 0.379639 -1.402784 -1.576997 -0.344016 -8.299985 0.0 -0.0 0.0 -2.344502 -3.741118 -2.25218 0.0 -0.0 0.0 -8.680535 -3.881308 -3.138472 8.888452 3.353951 -6.015964 0.0 -0.0 0.0 -0.789081 -7.285012 -3.385969 0.0 -0.0 0.0 -12.266361 -6.770046 -3.829185 12.748709 5.779632 -4.507646 0.0 -0.0 0.0 -0.001557 2.295775 1.076246 0.0 -0.0 0.0 -16.652988 -16.879618 -5.819845 18.85882 14.338744 0.986972 0.0 -0.0 0.0 1.684433 -4.633524 -1.803554 0.0 -0.0 0.0 -178.745667 -0.0 0.0 3.659674 -0.0 0.0 -73.798668 0.0 0.0 -4.726109 0.08116 0.023582 -0.997327 3.3e-05 1e-06 1.25456 -0.0 0.0 3.659674 -0.0 0.0 -73.798668 3e-06 0.0 -4.726109 0.081185 0.023581 -0.997327 6e-06 2e-06 
0.0 0.0 0.0 0.0 -0.0 0.0 0.0 100.87085 0.0 90.000328 0.190163 90.000328 -0.049287 1e-06 -3e-06 -5.927024 3e-06 -0.0 5.964053 5e-06 0.0 16.829426 1e-05 2e-06 1.052974 2.1e-05 -2e-06 -24.428869 4e-05 -2e-05 -0.0 -7.4e-05 3.1e-05 0.0 7.9e-05 0.0 10.592797 -0.254773 3.786015 10.592787 0.254987 -3.785956 -89.776634 -69.738167 89.979286 20.234638 -3e-06 -1e-06 0.010686 -0.0 0.0 0.000704 0.001974 9.712303 25.642761 -18.917786 54.214165 -29.88636 -10.372678 24.530539 0.0 -0.0 0.0 0.0 -0.0 0.0 1.560195 0.375098 -1.406302 -1.574694 -0.339407 -8.296517 0.0 -0.0 0.0 -2.345381 -3.741133 -2.252148 0.0 -0.0 0.0 -8.680352 -3.883042 -3.13835 8.888373 3.355701 -6.015839 0.0 -0.0 0.0 -0.789304 -7.285017 -3.385952 0.0 -0.0 0.0 -12.266362 -6.770043 -3.829185 12.748711 5.779631 -4.507649 0.0 -0.0 0.0 -0.002125 2.297532 1.077113 0.0 -0.0 0.0 -16.653231 -16.879332 -5.818032 18.858604 14.33904 0.985165 0.0 -0.0 0.0 1.68497 -4.635244 -1.805353 0.0 -0.0 0.0 90.181915 -69.738167 89.97924 20.234636 -4e-06 1e-06 0.010699 -0.0 0.0 0.000698 0.001975 9.712301 25.642763 -18.917789 54.214169 -29.886368 -10.372681 24.530539 0.0 -0.0 0.0 0.0 -0.0 0.0 1.562406 0.379639 -1.402784 -1.576997 -0.344016 -8.299985 0.0 -0.0 0.0 -2.344502 -3.741118 -2.25218 0.0 -0.0 0.0 -8.680535 -3.881308 -3.138472 8.888452 3.353951 -6.015964 0.0 -0.0 0.0 -0.789081 -7.285012 -3.385969 0.0 -0.0 0.0 -12.266361 -6.770046 -3.829185 12.748709 5.779632 -4.507646 0.0 -0.0 0.0 -0.001557 2.295775 1.076246 0.0 -0.0 0.0 -16.652988 -16.879618 -5.819845 18.85882 14.338744 0.986972 0.0 -0.0 0.0 1.684433 -4.633524 -1.803554 0.0 -0.0 0.0 -178.745667 -0.0 0.0 3.659674 -0.0 0.0 -73.798668 0.0 0.0 -4.726109 0.08116 0.023582 -0.997327 3.3e-05 1e-06 1.25456 -0.0 0.0 3.659674 -0.0 0.0 -73.798668 3e-06 0.0 -4.726109 0.081185 0.023581 -0.997327 6e-06 2e-06 
0.0 0.0 0.0 0.0 -0.0 0.0 0.0 100.87085 0.0 90.000328 0.190163 90.000328 -0.049287 1e-06 -3e-06 -5.927024 3e-06 -0.0 5.964053 5e-06 0.0 16.829426 1e-05 2e-06 1.052974 2.1e-05 -2e-06 -24.428869 4e-05 -2e-05 -0.0 -7.4e-05 3.1e-05 0.0 7.9e-05 0.0 10.592797 -0.254773 3.786015 10.592787 0.254987 -3.785956 -89.776634 -69.738167 89.979286 20.234638 -3e-06 -1e-06 0.010686 -0.0 0.0 0.000704 0.001974 9.712303 25.642761 -18.917786 54.214165 -29.88636 -10.372678 24.530539 0.0 -0.0 0.0 0.0 -0.0 0.0 1.560195 0.375098 -1.406302 -1.574694 -0.339407 -8.296517 0.0 -0.0 0.0 -2.345381 -3.741133 -2.252148 0.0 -0.0 0.0 -8.680352 -3.883042 -3.13835 8.888373 3.355701 -6.015839 0.0 -0.0 0.0 -0.789304 -7.285017 -3.385952 0.0 -0.0 0.0 -12.266362 -6.770043 -3.829185 12.748711 5.779631 -4.507649 0.0 -0.0 0.0 -0.002125 2.297532 1.077113 0.0 -0.0 0.0 -16.653231 -16.879332 -5.818032 18.858604 14.33904 0.985165 0.0 -0.0 0.0 1.68497 -4.635244 -1.805353 0.0 -0.0 0.0 90.181915 -69.738167 89.97924 20.234636 -4e-06 1e-06 0.010699 -0.0 0.0 0.000698 0.001975 9.712301 25.642763 -18.917789 54.214169 -29.886368 -10.372681 24.530539 0.0 -0.0 0.0 0.0 -0.0 0.0 1.562406 0.379639 -1.402784 -1.576997 -0.344016 -8.299985 0.0 -0.0 0.0 -2.344502 -3.741118 -2.25218 0.0 -0.0 0.0 -8.680535 -3.881308 -3.138472 8.888452 3.353951 -6.015964 0.0 -0.0 0.0 -0.789081 -7.285012 -3.385969 0.0 -0.0 0.0 -12.266361 -6.770046 -3.829185 12.748709 5.779632 -4.507646 0.0 -0.0 0.0 -0.001557 2.295775 1.076246 0.0 -0.0 0.0 -16.652988 -16.879618 -5.819845 18.85882 14.338744 0.986972 0.0 -0.0 0.0 1.684433 -4.633524 -1.803554 0.0 -0.0 0.0 -178.745667 -0.0 0.0 3.659674 -0.0 0.0 -73.798668 0.0 0.0 -4.726109 0.08116 0.023582 -0.997327 3.3e-05 1e-06 1.25456 -0.0 0.0 3.659674 -0.0 0.0 -73.798668 3e-06 0.0 -4.726109 0.081185 0.023581 -0.997327 6e-06 2e-06 
0.0 0.0 0.0 0.0 -0.0 0.0 0.0 100.87085 0.0 90.000328 0.190163 90.000328 -0.049287 1e-06 -3e-06 -5.927024 3e-06 -0.0 5.964053 5e-06 0.0 16.829426 1e-05 2e-06 1.052974 2.1e-05 -2e-06 -24.428869 4e-05 -2e-05 -0.0 -7.4e-05 3.1e-05 0.0 7.9e-05 0.0 10.592797 -0.254773 3.786015 10.592787 0.254987 -3.785956 -89.776634 -69.738167 89.979286 20.234638 -3e-06 -1e-06 0.010686 -0.0 0.0 0.000704 0.001974 9.712303 25.642761 -18.917786 54.214165 -29.88636 -10.372678 24.530539 0.0 -0.0 0.0 0.0 -0.0 0.0 1.560195 0.375098 -1.406302 -1.574694 -0.339407 -8.296517 0.0 -0.0 0.0 -2.345381 -3.741133 -2.252148 0.0 -0.0 0.0 -8.680352 -3.883042 -3.13835 8.888373 3.355701 -6.015839 0.0 -0.0 0.0 -0.789304 -7.285017 -3.385952 0.0 -0.0 0.0 -12.266362 -6.770043 -3.829185 12.748711 5.779631 -4.507649 0.0 -0.0 0.0 -0.002125 2.297532 1.077113 0.0 -0.0 0.0 -16.653231 -16.879332 -5.818032 18.858604 14.33904 0.985165 0.0 -0.0 0.0 1.68497 -4.635244 -1.805353 0.0 -0.0 0.0 90.181915 -69.738167 89.97924 20.234636 -4e-06 1e-06 0.010699 -0.0 0.0 0.000698 0.001975 9.712301 25.642763 -18.917789 54.214169 -29.886368 -10.372681 24.530539 0.0 -0.0 0.0 0.0 -0.0 0.0 1.562406 0.379639 -1.402784 -1.576997 -0.344016 -8.299985 0.0 -0.0 0.0 -2.344502 -3.741118 -2.25218 0.0 -0.0 0.0 -8.680535 -3.881308 -3.138472 8.888452 3.353951 -6.015964 0.0 -0.0 0.0 -0.789081 -7.285012 -3.385969 0.0 -0.0 0.0 -12.266361 -6.770046 -3.829185 12.748709 5.779632 -4.507646 0.0 -0.0 0.0 -0.001557 2.295775 1.076246 0.0 -0.0 0.0 -16.652988 -16.879618 -5.819845 18.85882 14.338744 0.986972 0.0 -0.0 0.0 1.684433 -4.633524 -1.803554 0.0 -0.0 0.0 -178.745667 -0.0 0.0 3.659674 -0.0 0.0 -73.798668 0.0 0.0 -4.726109 0.08116 0.023582 -0.997327 3.3e-05 1e-06 1.25456 -0.0 0.0 3.659674 -0.0 0.0 -73.798668 3e-06 0.0 -4.726109 0.081185 0.023581 -0.997327 6e-06 2e-06 
0.0 0.0 0.0 0.0 -0.0 0.0 0.0 100.87085 0.0 90.000328 0.190163 90.000328 -0.049287 1e-06 -3e-06 -5.927024 3e-06 -0.0 5.964053 5e-06 0.0 16.829426 1e-05 2e-06 1.052974 2.1e-05 -2e-06 -24.428869 4e-05 -2e-05 -0.0 -7.4e-05 3.1e-05 0.0 7.9e-05 0.0 10.592797 -0.254773 3.786015 10.592787 0.254987 -3.785956 -89.776634 -69.738167 89.979286 20.234638 -3e-06 -1e-06 0.010686 -0.0 0.0 0.000704 0.001974 9.712303 25.642761 -18.917786 54.214165 -29.88636 -10.372678 24.530539 0.0 -0.0 0.0 0.0 -0.0 0.0 1.560195 0.375098 -1.406302 -1.574694 -0.339407 -8.296517 0.0 -0.0 0.0 -2.345381 -3.741133 -2.252148 0.0 -0.0 0.0 -8.680352 -3.883042 -3.13835 8.888373 3.355701 -6.015839 0.0 -0.0 0.0 -0.789304 -7.285017 -3.385952 0.0 -0.0 0.0 -12.266362 -6.770043 -3.829185 12.748711 5.779631 -4.507649 0.0 -0.0 0.0 -0.002125 2.297532 1.077113 0.0 -0.0 0.0 -16.653231 -16.879332 -5.818032 18.858604 14.33904 0.985165 0.0 -0.0 0.0 1.68497 -4.635244 -1.805353 0.0 -0.0 0.0 90.181915 -69.738167 89.97924 20.234636 -4e-06 1e-06 0.010699 -0.0 0.0 0.000698 0.001975 9.712301 25.642763 -18.917789 54.214169 -29.886368 -10.372681 24.530539 0.0 -0.0 0.0 0.0 -0.0 0.0 1.562406 0.379639 -1.402784 -1.576997 -0.344016 -8.299985 0.0 -0.0 0.0 -2.344502 -3.741118 -2.25218 0.0 -0.0 0.0 -8.680535 -3.881308 -3.138472 8.888452 3.353951 -6.015964 0.0 -0.0 0.0 -0.789081 -7.285012 -3.385969 0.0 -0.0 0.0 -12.266361 -6.770046 -3.829185 12.748709 5.779632 -4.507646 0.0 -0.0 0.0 -0.001557 2.295775 1.076246 0.0 -0.0 0.0 -16.652988 -16.879618 -5.819845 18.85882 14.338744 0.986972 0.0 -0.0 0.0 1.684433 -4.633524 -1.803554 0.0 -0.0 0.0 -178.745667 -0.0 0.0 3.659674 -0.0 0.0 -73.798668 0.0 0.0 -4.726109 0.08116 0.023582 -0.997327 3.3e-05 1e-06 1.25456 -0.0 0.0 3.659674 -0.0 0.0 -73.798668 3e-06 0.0 -4.726109 0.081185 0.023581 -0.997327 6e-06 2e-06 
0.0 0.0 0.0 0.0 -0.0 0.0 0.0 100.87085 0.0 90.000328 0.190163 90.000328 -0.049287 1e-06 -3e-06 -5.927024 3e-06 -0.0 5.964053 5e-06 0.0 16.829426 1e-05 2e-06 1.052974 2.1e-05 -2e-06 -24.428869 4e-05 -2e-05 -0.0 -7.4e-05 3.1e-05 0.0 7.9e-05 0.0 10.592797 -0.254773 3.786015 10.592787 0.254987 -3.785956 -89.776634 -69.738167 89.979286 20.234638 -3e-06 -1e-06 0.010686 -0.0 0.0 0.000704 0.001974 9.712303 25.642761 -18.917786 54.214165 -29.88636 -10.372678 24.530539 0.0 -0.0 0.0 0.0 -0.0 0.0 1.560195 0.375098 -1.406302 -1.574694 -0.339407 -8.296517 0.0 -0.0 0.0 -2.345381 -3.741133 -2.252148 0.0 -0.0 0.0 -8.680352 -3.883042 -3.13835 8.888373 3.355701 -6.015839 0.0 -0.0 0.0 -0.789304 -7.285017 -3.385952 0.0 -0.0 0.0 -12.266362 -6.770043 -3.829185 12.748711 5.779631 -4.507649 0.0 -0.0 0.0 -0.002125 2.297532 1.077113 0.0 -0.0 0.0 -16.653231 -16.879332 -5.818032 18.858604 14.33904 0.985165 0.0 -0.0 0.0 1.68497 -4.635244 -1.805353 0.0 -0.0 0.0 90.181915 -69.738167 89.97924 20.234636 -4e-06 1e-06 0.010699 -0.0 0.0 0.000698 0.001975 9.712301 25.642763 -18.917789 54.214169 -29.886368 -10.372681 24.530539 0.0 -0.0 0.0 0.0 -0.0 0.0 1.562406 0.379639 -1.402784 -1.576997 -0.344016 -8.299985 0.0 -0.0 0.0 -2.344502 -3.741118 -2.25218 0.0 -0.0 0.0 -8.680535 -3.881308 -3.138472 8.888452 3.353951 -6.015964 0.0 -0.0 0.0 -0.789081 -7.285012 -3.385969 0.0 -0.0 0.0 -12.266361 -6.770046 -3.829185 12.748709 5.779632 -4.507646 0.0 -0.0 0.0 -0.001557 2.295775 1.076246 0.0 -0.0 0.0 -16.652988 -16.879618 -5.819845 18.85882 14.338744 0.986972 0.0 -0.0 0.0 1.684433 -4.633524 -1.803554 0.0 -0.0 0.0 -178.745667 -0.0 0.0 3.659674 -0.0 0.0 -73.798668 0.0 0.0 -4.726109 0.08116 0.023582 -0.997327 3.3e-05 1e-06 1.25456 -0.0 0.0 3.659674 -0.0 0.0 -73.798668 3e-06 0.0 -4.726109 0.081185 0.023581 -0.997327 6e-06 2e-06 
0.0 0.0 0.0 0.0 -0.0 0.0 0.0 100.87085 0.0 90.000328 0.190163 90.000328 -0.049287 1e-06 -3e-06 -5.927024 3e-06 -0.0 5.964053 5e-06 0.0 16.829426 1e-05 2e-06 1.052974 2.1e-05 -2e-06 -24.428869 4e-05 -2e-05 -0.0 -7.4e-05 3.1e-05 0.0 7.9e-05 0.0 10.592797 -0.254773 3.786015 10.592787 0.254987 -3.785956 -89.776634 -69.738167 89.979286 20.234638 -3e-06 -1e-06 0.010686 -0.0 0.0 0.000704 0.001974 9.712303 25.642761 -18.917786 54.214165 -29.88636 -10.372678 24.530539 0.0 -0.0 0.0 0.0 -0.0 0.0 1.560195 0.375098 -1.406302 -1.574694 -0.339407 -8.296517 0.0 -0.0 0.0 -2.345381 -3.741133 -2.252148 0.0 -0.0 0.0 -8.680352 -3.883042 -3.13835 8.888373 3.355701 -6.015839 0.0 -0.0 0.0 -0.789304 -7.285017 -3.385952 0.0 -0.0 0.0 -12.266362 -6.770043 -3.829185 12.748711 5.779631 -4.507649 0.0 -0.0 0.0 -0.002125 2.297532 1.077113 0.0 -0.0 0.0 -16.653231 -16.879332 -5.818032 18.858604 14.33904 0.985165 0.0 -0.0 0.0 1.68497 -4.635244 -1.805353 0.0 -0.0 0.0 90.181915 -69.738167 89.97924 20.234636 -4e-06 1e-06 0.010699 -0.0 0.0 0.000698 0.001975 9.712301 25.642763 -18.917789 54.214169 -29.886368 -10.372681 24.530539 0.0 -0.0 0.0 0.0 -0.0 0.0 1.562406 0.379639 -1.402784 -1.576997 -0.344016 -8.299985 0.0 -0.0 0.0 -2.344502 -3.741118 -2.25218 0.0 -0.0 0.0 -8.680535 -3.881308 -3.138472 8.888452 3.353951 -6.015964 0.0 -0.0 0.0 -0.789081 -7.285012 -3.385969 0.0 -0.0 0.0 -12.266361 -6.770046 -3.829185 12.748709 5.779632 -4.507646 0.0 -0.0 0.0 -0.001557 2.295775 1.076246 0.0 -0.0 0.0 -16.652988 -16.879618 -5.819845 18.85882 14.338744 0.986972 0.0 -0.0 0.0 1.684433 -4.633524 -1.803554 0.0 -0.0 0.0 -178.745667 -0.0 0.0 3.659674 -0.0 0.0 -73.798668 0.0 0.0 -4.726109 0.08116 0.023582 -0.997327 3.3e-05 1e-06 1.25456 -0.0 0.0 3.659674 -0.0 0.0 -73.798668 3e-06 0.0 -4.726109 0.081185 0.023581 -0.997327 6e-06 2e-06 
0.0 0.0 0.0 0.0 -0.0 0.0 0.0 100.87085 0.0 90.000328 0.190163 90.000328 -0.049287 1e-06 -3e-06 -5.927024 3e-06 -0.0 5.964053 5e-06 0.0 16.829426 1e-05 2e-06 1.052974 2.1e-05 -2e-06 -24.428869 4e-05 -2e-05 -0.0 -7.4e-05 3.1e-05 0.0 7.9e-05 0.0 10.592797 -0.254773 3.786015 10.592787 0.254987 -3.785956 -89.776634 -69.738167 89.979286 20.234638 -3e-06 -1e-06 0.010686 -0.0 0.0 0.000704 0.001974 9.712303 25.642761 -18.917786 54.214165 -29.88636 -10.372678 24.530539 0.0 -0.0 0.0 0.0 -0.0 0.0 1.560195 0.375098 -1.406302 -1.574694 -0.339407 -8.296517 0.0 -0.0 0.0 -2.345381 -3.741133 -2.252148 0.0 -0.0 0.0 -8.680352 -3.883042 -3.13835 8.888373 3.355701 -6.015839 0.0 -0.0 0.0 -0.789304 -7.285017 -3.385952 0.0 -0.0 0.0 -12.266362 -6.770043 -3.829185 12.748711 5.779631 -4.507649 0.0 -0.0 0.0 -0.002125 2.297532 1.077113 0.0 -0.0 0.0 -16.653231 -16.879332 -5.818032 18.858604 14.33904 0.985165 0.0 -0.0 0.0 1.68497 -4.635244 -1.805353 0.0 -0.0 0.0 90.181915 -69.738167 89.97924 20.234636 -4e-06 1e-06 0.010699 -0.0 0.0 0.000698 0.001975 9.712301 25.642763 -18.917789 54.214169 -29.886368 -10.372681 24.530539 0.0 -0.0 0.0 0.0 -0.0 0.0 1.562406 0.379639 -1.402784 -1.576997 -0.344016 -8.299985 0.0 -0.0 0.0 -2.344502 -3.741118 -2.25218 0.0 -0.0 0.0 -8.680535 -3.881308 -3.138472 8.888452 3.353951 -6.015964 0.0 -0.0 0.0 -0.789081 -7.285012 -3.385969 0.0 -0.0 0.0 -12.266361 -6.770046 -3.829185 12.748709 5.779632 -4.507646 0.0 -0.0 0.0 -0.001557 2.295775 1.076246 0.0 -0.0 0.0 -16.652988 -16.879618 -5.819845 18.85882 14.338744 0.986972 0.0 -0.0 0.0 1.684433 -4.633524 -1.803554 0.0 -0.0 0.0 -178.745667 -0.0 0.0 3.659674 -0.0 0.0 -73.798668 0.0 0.0 -4.726109 0.08116 0.023582 -0.997327 3.3e-05 1e-06 1.25456 -0.0 0.0 3.659674 -0.0 0.0 -73.798668 3e-06 0.0 -4.726109 0.081185 0.023581 -0.997327 6e-06 2e-06 
0.0 0.0 0.0 0.0 -0.0 0.0 0.0 100.87085 0.0 90.000328 0.190163 90.000328 -0.049287 1e-06 -3e-06 -5.927024 3e-06 -0.0 5.964053 5e-06 0.0 16.829426 1e-05 2e-06 1.052974 2.1e-05 -2e-06 -24.428869 4e-05 -2e-05 -0.0 -7.4e-05 3.1e-05 0.0 7.9e-05 0.0 10.592797 -0.254773 3.786015 10.592787 0.254987 -3.785956 -89.776634 -69.738167 89.979286 20.234638 -3e-06 -1e-06 0.010686 -0.0 0.0 0.000704 0.001974 9.712303 25.642761 -18.917786 54.214165 -29.88636 -10.372678 24.530539 0.0 -0.0 0.0 0.0 -0.0 0.0 1.560195 0.375098 -1.406302 -1.574694 -0.339407 -8.296517 0.0 -0.0 0.0 -2.345381 -3.741133 -2.252148 0.0 -0.0 0.0 -8.680352 -3.883042 -3.13835 8.888373 3.355701 -6.015839 0.0 -0.0 0.0 -0.789304 -7.285017 -3.385952 0.0 -0.0 0.0 -12.266362 -6.770043 -3.829185 12.748711 5.779631 -4.507649 0.0 -0.0 0.0 -0.002125 2.297532 1.077113 0.0 -0.0 0.0 -16.653231 -16.879332 -5.818032 18.858604 14.33904 0.985165 0.0 -0.0 0.0 1.68497 -4.635244 -1.805353 0.0 -0.0 0.0 90.181915 -69.738167 89.97924 20.234636 -4e-06 1e-06 0.010699 -0.0 0.0 0.000698 0.001975 9.712301 25.642763 -18.917789 54.214169 -29.886368 -10.372681 24.530539 0.0 -0.0 0.0 0.0 -0.0 0.0 1.562406 0.379639 -1.402784 -1.576997 -0.344016 -8.299985 0.0 -0.0 0.0 -2.344502 -3.741118 -2.25218 0.0 -0.0 0.0 -8.680535 -3.881308 -3.138472 8.888452 3.353951 -6.015964 0.0 -0.0 0.0 -0.789081 -7.285012 -3.385969 0.0 -0.0 0.0 -12.266361 -6.770046 -3.829185 12.748709 5.779632 -4.507646 0.0 -0.0 0.0 -0.001557 2.295775 1.076246 0.0 -0.0 0.0 -16.652988 -16.879618 -5.819845 18.85882 14.338744 0.986972 0.0 -0.0 0.0 1.684433 -4.633524 -1.803554 0.0 -0.0 0.0 -178.745667 -0.0 0.0 3.659674 -0.0 0.0 -73.798668 0.0 0.0 -4.726109 0.08116 0.023582 -0.997327 3.3e-05 1e-06 1.25456 -0.0 0.0 3.659674 -0.0 0.0 -73.798668 3e-06 0.0 -4.726109 0.081185 0.023581 -0.997327 6e-06 2e-06 
0.0 0.0 0.0 0.0 -0.0 0.0 0.0 100.87085 0.0 90.000328 0.190163 90.000328 -0.049287 1e-06 -3e-06 -5.927024 3e-06 -0.0 5.964053 5e-06 0.0 16.829426 1e-05 2e-06 1.052974 2.1e-05 -2e-06 -24.428869 4e-05 -2e-05 -0.0 -7.4e-05 3.1e-05 0.0 7.9e-05 0.0 10.592797 -0.254773 3.786015 10.592787 0.254987 -3.785956 -89.776634 -69.738167 89.979286 20.234638 -3e-06 -1e-06 0.010686 -0.0 0.0 0.000704 0.001974 9.712303 25.642761 -18.917786 54.214165 -29.88636 -10.372678 24.530539 0.0 -0.0 0.0 0.0 -0.0 0.0 1.560195 0.375098 -1.406302 -1.574694 -0.339407 -8.296517 0.0 -0.0 0.0 -2.345381 -3.741133 -2.252148 0.0 -0.0 0.0 -8.680352 -3.883042 -3.13835 8.888373 3.355701 -6.015839 0.0 -0.0 0.0 -0.789304 -7.285017 -3.385952 0.0 -0.0 0.0 -12.266362 -6.770043 -3.829185 12.748711 5.779631 -4.507649 0.0 -0.0 0.0 -0.002125 2.297532 1.077113 0.0 -0.0 0.0 -16.653231 -16.879332 -5.818032 18.858604 14.33904 0.985165 0.0 -0.0 0.0 1.68497 -4.635244 -1.805353 0.0 -0.0 0.0 90.181915 -69.738167 89.97924 20.234636 -4e-06 1e-06 0.010699 -0.0 0.0 0.000698 0.001975 9.712301 25.642763 -18.917789 54.214169 -29.886368 -10.372681 24.530539 0.0 -0.0 0.0 0.0 -0.0 0.0 1.562406 0.379639 -1.402784 -1.576997 -0.344016 -8.299985 0.0 -0.0 0.0 -2.344502 -3.741118 -2.25218 0.0 -0.0 0.0 -8.680535 -3.881308 -3.138472 8.888452 3.353951 -6.015964 0.0 -0.0 0.0 -0.789081 -7.285012 -3.385969 0.0 -0.0 0.0 -12.266361 -6.770046 -3.829185 12.748709 5.779632 -4.507646 0.0 -0.0 0.0 -0.001557 2.295775 1.076246 0.0 -0.0 0.0 -16.652988 -16.879618 -5.819845 18.85882 14.338744 0.986972 0.0 -0.0 0.0 1.684433 -4.633524 -1.803554 0.0 -0.0 0.0 -178.745667 -0.0 0.0 3.659674 -0.0 0.0 -73.798668 0.0 0.0 -4.726109 0.08116 0.023582 -0.997327 3.3e-05 1e-06 1.25456 -0.0 0.0 3.659674 -0.0 0.0 -73.798668 3e-06 0.0 -4.726109 0.081185 0.023581 -0.997327 6e-06 2e-06 
0.0 0.0 0.0 0.0 -0.0 0.0 0.0 100.87085 0.0 90.000328 0.190163 90.000328 -0.049287 1e-06 -3e-06 -5.927024 3e-06 -0.0 5.964053 5e-06 0.0 16.829426 1e-05 2e-06 1.052974 2.1e-05 -2e-06 -24.428869 4e-05 -2e-05 -0.0 -7.4e-05 3.1e-05 0.0 7.9e-05 0.0 10.592797 -0.254773 3.786015 10.592787 0.254987 -3.785956 -89.776634 -69.738167 89.979286 20.234638 -3e-06 -1e-06 0.010686 -0.0 0.0 0.000704 0.001974 9.712303 25.642761 -18.917786 54.214165 -29.88636 -10.372678 24.530539 0.0 -0.0 0.0 0.0 -0.0 0.0 1.560195 0.375098 -1.406302 -1.574694 -0.339407 -8.296517 0.0 -0.0 0.0 -2.345381 -3.741133 -2.252148 0.0 -0.0 0.0 -8.680352 -3.883042 -3.13835 8.888373 3.355701 -6.015839 0.0 -0.0 0.0 -0.789304 -7.285017 -3.385952 0.0 -0.0 0.0 -12.266362 -6.770043 -3.829185 12.748711 5.779631 -4.507649 0.0 -0.0 0.0 -0.002125 2.297532 1.077113 0.0 -0.0 0.0 -16.653231 -16.879332 -5.818032 18.858604 14.33904 0.985165 0.0 -0.0 0.0 1.68497 -4.635244 -1.805353 0.0 -0.0 0.0 90.181915 -69.738167 89.97924 20.234636 -4e-06 1e-06 0.010699 -0.0 0.0 0.000698 0.001975 9.712301 25.642763 -18.917789 54.214169 -29.886368 -10.372681 24.530539 0.0 -0.0 0.0 0.0 -0.0 0.0 1.562406 0.379639 -1.402784 -1.576997 -0.344016 -8.299985 0.0 -0.0 0.0 -2.344502 -3.741118 -2.25218 0.0 -0.0 0.0 -8.680535 -3.881308 -3.138472 8.888452 3.353951 -6.015964 0.0 -0.0 0.0 -0.789081 -7.285012 -3.385969 0.0 -0.0 0.0 -12.266361 -6.770046 -3.829185 12.748709 5.779632 -4.507646 0.0 -0.0 0.0 -0.001557 2.295775 1.076246 0.0 -0.0 0.0 -16.652988 -16.879618 -5.819845 18.85882 14.338744 0.986972 0.0 -0.0 0.0 1.684433 -4.633524 -1.803554 0.0 -0.0 0.0 -178.745667 -0.0 0.0 3.659674 -0.0 0.0 -73.798668 0.0 0.0 -4.726109 0.08116 0.023582 -0.997327 3.3e-05 1e-06 1.25456 -0.0 0.0 3.659674 -0.0 0.0 -73.798668 3e-06 0.0 -4.726109 0.081185 0.023581 -0.997327 6e-06 2e-06 
0.0 0.0 0.0 0.0 -0.0 0.0 0.0 100.87085 0.0 90.000328 0.190163 90.000328 -0.049287 1e-06 -3e-06 -5.927024 3e-06 -0.0 5.964053 5e-06 0.0 16.829426 1e-05 2e-06 1.052974 2.1e-05 -2e-06 -24.428869 4e-05 -2e-05 -0.0 -7.4e-05 3.1e-05 0.0 7.9e-05 0.0 10.592797 -0.254773 3.786015 10.592787 0.254987 -3.785956 -89.776634 -69.738167 89.979286 20.234638 -3e-06 -1e-06 0.010686 -0.0 0.0 0.000704 0.001974 9.712303 25.642761 -18.917786 54.214165 -29.88636 -10.372678 24.530539 0.0 -0.0 0.0 0.0 -0.0 0.0 1.560195 0.375098 -1.406302 -1.574694 -0.339407 -8.296517 0.0 -0.0 0.0 -2.345381 -3.741133 -2.252148 0.0 -0.0 0.0 -8.680352 -3.883042 -3.13835 8.888373 3.355701 -6.015839 0.0 -0.0 0.0 -0.789304 -7.285017 -3.385952 0.0 -0.0 0.0 -12.266362 -6.770043 -3.829185 12.748711 5.779631 -4.507649 0.0 -0.0 0.0 -0.002125 2.297532 1.077113 0.0 -0.0 0.0 -16.653231 -16.879332 -5.818032 18.858604 14.33904 0.985165 0.0 -0.0 0.0 1.68497 -4.635244 -1.805353 0.0 -0.0 0.0 90.181915 -69.738167 89.97924 20.234636 -4e-06 1e-06 0.010699 -0.0 0.0 0.000698 0.001975 9.712301 25.642763 -18.917789 54.214169 -29.886368 -10.372681 24.530539 0.0 -0.0 0.0 0.0 -0.0 0.0 1.562406 0.379639 -1.402784 -1.576997 -0.344016 -8.299985 0.0 -0.0 0.0 -2.344502 -3.741118 -2.25218 0.0 -0.0 0.0 -8.680535 -3.881308 -3.138472 8.888452 3.353951 -6.015964 0.0 -0.0 0.0 -0.789081 -7.285012 -3.385969 0.0 -0.0 0.0 -12.266361 -6.770046 -3.829185 12.748709 5.779632 -4.507646 0.0 -0.0 0.0 -0.001557 2.295775 1.076246 0.0 -0.0 0.0 -16.652988 -16.879618 -5.819845 18.85882 14.338744 0.986972 0.0 -0.0 0.0 1.684433 -4.633524 -1.803554 0.0 -0.0 0.0 -178.745667 -0.0 0.0 3.659674 -0.0 0.0 -73.798668 0.0 0.0 -4.726109 0.08116 0.023582 -0.997327 3.3e-05 1e-06 1.25456 -0.0 0.0 3.659674 -0.0 0.0 -73.798668 3e-06 0.0 -4.726109 0.081185 0.023581 -0.997327 6e-06 2e-06 
0.0 0.0 0.0 0.0 -0.0 0.0 0.0 100.87085 0.0 90.000328 0.190163 90.000328 -0.049287 1e-06 -3e-06 -5.927024 3e-06 -0.0 5.964053 5e-06 0.0 16.829426 1e-05 2e-06 1.052974 2.1e-05 -2e-06 -24.428869 4e-05 -2e-05 -0.0 -7.4e-05 3.1e-05 0.0 7.9e-05 0.0 10.592797 -0.254773 3.786015 10.592787 0.254987 -3.785956 -89.776634 -69.738167 89.979286 20.234638 -3e-06 -1e-06 0.010686 -0.0 0.0 0.000704 0.001974 9.712303 25.642761 -18.917786 54.214165 -29.88636 -10.372678 24.530539 0.0 -0.0 0.0 0.0 -0.0 0.0 1.560195 0.375098 -1.406302 -1.574694 -0.339407 -8.296517 0.0 -0.0 0.0 -2.345381 -3.741133 -2.252148 0.0 -0.0 0.0 -8.680352 -3.883042 -3.13835 8.888373 3.355701 -6.015839 0.0 -0.0 0.0 -0.789304 -7.285017 -3.385952 0.0 -0.0 0.0 -12.266362 -6.770043 -3.829185 12.748711 5.779631 -4.507649 0.0 -0.0 0.0 -0.002125 2.297532 1.077113 0.0 -0.0 0.0 -16.653231 -16.879332 -5.818032 18.858604 14.33904 0.985165 0.0 -0.0 0.0 1.68497 -4.635244 -1.805353 0.0 -0.0 0.0 90.181915 -69.738167 89.97924 20.234636 -4e-06 1e-06 0.010699 -0.0 0.0 0.000698 0.001975 9.712301 25.642763 -18.917789 54.214169 -29.886368 -10.372681 24.530539 0.0 -0.0 0.0 0.0 -0.0 0.0 1.562406 0.379639 -1.402784 -1.576997 -0.344016 -8.299985 0.0 -0.0 0.0 -2.344502 -3.741118 -2.25218 0.0 -0.0 0.0 -8.680535 -3.881308 -3.138472 8.888452 3.353951 -6.015964 0.0 -0.0 0.0 -0.789081 -7.285012 -3.385969 0.0 -0.0 0.0 -12.266361 -6.770046 -3.829185 12.748709 5.779632 -4.507646 0.0 -0.0 0.0 -0.001557 2.295775 1.076246 0.0 -0.0 0.0 -16.652988 -16.879618 -5.819845 18.85882 14.338744 0.986972 0.0 -0.0 0.0 1.684433 -4.633524 -1.803554 0.0 -0.0 0.0 -178.745667 -0.0 0.0 3.659674 -0.0 0.0 -73.798668 0.0 0.0 -4.726109 0.08116 0.023582 -0.997327 3.3e-05 1e-06 1.25456 -0.0 0.0 3.659674 -0.0 0.0 -73.798668 3e-06 0.0 -4.726109 0.081185 0.023581 -0.997327 6e-06 2e-06 
0.0 0.0 0.0 0.0 -0.0 0.0 0.0 100.87085 0.0 90.000328 0.190163 90.000328 -0.049287 1e-06 -3e-06 -5.927024 3e-06 -0.0 5.964053 5e-06 0.0 16.829426 1e-05 2e-06 1.052974 2.1e-05 -2e-06 -24.428869 4e-05 -2e-05 -0.0 -7.4e-05 3.1e-05 0.0 7.9e-05 0.0 10.592797 -0.254773 3.786015 10.592787 0.254987 -3.785956 -89.776634 -69.738167 89.979286 20.234638 -3e-06 -1e-06 0.010686 -0.0 0.0 0.000704 0.001974 9.712303 25.642761 -18.917786 54.214165 -29.88636 -10.372678 24.530539 0.0 -0.0 0.0 0.0 -0.0 0.0 1.560195 0.375098 -1.406302 -1.574694 -0.339407 -8.296517 0.0 -0.0 0.0 -2.345381 -3.741133 -2.252148 0.0 -0.0 0.0 -8.680352 -3.883042 -3.13835 8.888373 3.355701 -6.015839 0.0 -0.0 0.0 -0.789304 -7.285017 -3.385952 0.0 -0.0 0.0 -12.266362 -6.770043 -3.829185 12.748711 5.779631 -4.507649 0.0 -0.0 0.0 -0.002125 2.297532 1.077113 0.0 -0.0 0.0 -16.653231 -16.879332 -5.818032 18.858604 14.33904 0.985165 0.0 -0.0 0.0 1.68497 -4.635244 -1.805353 0.0 -0.0 0.0 90.181915 -69.738167 89.97924 20.234636 -4e-06 1e-06 0.010699 -0.0 0.0 0.000698 0.001975 9.712301 25.642763 -18.917789 54.214169 -29.886368 -10.372681 24.530539 0.0 -0.0 0.0 0.0 -0.0 0.0 1.562406 0.379639 -1.402784 -1.576997 -0.344016 -8.299985 0.0 -0.0 0.0 -2.344502 -3.741118 -2.25218 0.0 -0.0 0.0 -8.680535 -3.881308 -3.138472 8.888452 3.353951 -6.015964 0.0 -0.0 0.0 -0.789081 -7.285012 -3.385969 0.0 -0.0 0.0 -12.266361 -6.770046 -3.829185 12.748709 5.779632 -4.507646 0.0 -0.0 0.0 -0.001557 2.295775 1.076246 0.0 -0.0 0.0 -16.652988 -16.879618 -5.819845 18.85882 14.338744 0.986972 0.0 -0.0 0.0 1.684433 -4.633524 -1.803554 0.0 -0.0 0.0 -178.745667 -0.0 0.0 3.659674 -0.0 0.0 -73.798668 0.0 0.0 -4.726109 0.08116 0.023582 -0.997327 3.3e-05 1e-06 1.25456 -0.0 0.0 3.659674 -0.0 0.0 -73.798668 3e-06 0.0 -4.726109 0.081185 0.023581 -0.997327 6e-06 2e-06 
0.0 0.0 0.0 0.0 -0.0 0.0 0.0 100.87085 0.0 90.000328 0.190163 90.000328 -0.049287 1e-06 -3e-06 -5.927024 3e-06 -0.0 5.964053 5e-06 0.0 16.829426 1e-05 2e-06 1.052974 2.1e-05 -2e-06 -24.428869 4e-05 -2e-05 -0.0 -7.4e-05 3.1e-05 0.0 7.9e-05 0.0 10.592797 -0.254773 3.786015 10.592787 0.254987 -3.785956 -89.776634 -69.738167 89.979286 20.234638 -3e-06 -1e-06 0.010686 -0.0 0.0 0.000704 0.001974 9.712303 25.642761 -18.917786 54.214165 -29.88636 -10.372678 24.530539 0.0 -0.0 0.0 0.0 -0.0 0.0 1.560195 0.375098 -1.406302 -1.574694 -0.339407 -8.296517 0.0 -0.0 0.0 -2.345381 -3.741133 -2.252148 0.0 -0.0 0.0 -8.680352 -3.883042 -3.13835 8.888373 3.355701 -6.015839 0.0 -0.0 0.0 -0.789304 -7.285017 -3.385952 0.0 -0.0 0.0 -12.266362 -6.770043 -3.829185 12.748711 5.779631 -4.507649 0.0 -0.0 0.0 -0.002125 2.297532 1.077113 0.0 -0.0 0.0 -16.653231 -16.879332 -5.818032 18.858604 14.33904 0.985165 0.0 -0.0 0.0 1.68497 -4.635244 -1.805353 0.0 -0.0 0.0 90.181915 -69.738167 89.97924 20.234636 -4e-06 1e-06 0.010699 -0.0 0.0 0.000698 0.001975 9.712301 25.642763 -18.917789 54.214169 -29.886368 -10.372681 24.530539 0.0 -0.0 0.0 0.0 -0.0 0.0 1.562406 0.379639 -1.402784 -1.576997 -0.344016 -8.299985 0.0 -0.0 0.0 -2.344502 -3.741118 -2.25218 0.0 -0.0 0.0 -8.680535 -3.881308 -3.138472 8.888452 3.353951 -6.015964 0.0 -0.0 0.0 -0.789081 -7.285012 -3.385969 0.0 -0.0 0.0 -12.266361 -6.770046 -3.829185 12.748709 5.779632 -4.507646 0.0 -0.0 0.0 -0.001557 2.295775 1.076246 0.0 -0.0 0.0 -16.652988 -16.879618 -5.819845 18.85882 14.338744 0.986972 0.0 -0.0 0.0 1.684433 -4.633524 -1.803554 0.0 -0.0 0.0 -178.745667 -0.0 0.0 3.659674 -0.0 0.0 -73.798668 0.0 0.0 -4.726109 0.08116 0.023582 -0.997327 3.3e-05 1e-06 1.25456 -0.0 0.0 3.659674 -0.0 0.0 -73.798668 3e-06 0.0 -4.726109 0.081185 0.023581 -0.997327 6e-06 2e-06 
0.0 0.0 0.0 0.0 -0.0 0.0 0.0 100.87085 0.0 90.000328 0.190163 90.000328 -0.049287 1e-06 -3e-06 -5.927024 3e-06 -0.0 5.964053 5e-06 0.0 16.829426 1e-05 2e-06 1.052974 2.1e-05 -2e-06 -24.428869 4e-05 -2e-05 -0.0 -7.4e-05 3.1e-05 0.0 7.9e-05 0.0 10.592797 -0.254773 3.786015 10.592787 0.254987 -3.785956 -89.776634 -69.738167 89.979286 20.234638 -3e-06 -1e-06 0.010686 -0.0 0.0 0.000704 0.001974 9.712303 25.642761 -18.917786 54.214165 -29.88636 -10.372678 24.530539 0.0 -0.0 0.0 0.0 -0.0 0.0 1.560195 0.375098 -1.406302 -1.574694 -0.339407 -8.296517 0.0 -0.0 0.0 -2.345381 -3.741133 -2.252148 0.0 -0.0 0.0 -8.680352 -3.883042 -3.13835 8.888373 3.355701 -6.015839 0.0 -0.0 0.0 -0.789304 -7.285017 -3.385952 0.0 -0.0 0.0 -12.266362 -6.770043 -3.829185 12.748711 5.779631 -4.507649 0.0 -0.0 0.0 -0.002125 2.297532 1.077113 0.0 -0.0 0.0 -16.653231 -16.879332 -5.818032 18.858604 14.33904 0.985165 0.0 -0.0 0.0 1.68497 -4.635244 -1.805353 0.0 -0.0 0.0 90.181915 -69.738167 89.97924 20.234636 -4e-06 1e-06 0.010699 -0.0 0.0 0.000698 0.001975 9.712301 25.642763 -18.917789 54.214169 -29.886368 -10.372681 24.530539 0.0 -0.0 0.0 0.0 -0.0 0.0 1.562406 0.379639 -1.402784 -1.576997 -0.344016 -8.299985 0.0 -0.0 0.0 -2.344502 -3.741118 -2.25218 0.0 -0.0 0.0 -8.680535 -3.881308 -3.138472 8.888452 3.353951 -6.015964 0.0 -0.0 0.0 -0.789081 -7.285012 -3.385969 0.0 -0.0 0.0 -12.266361 -6.770046 -3.829185 12.748709 5.779632 -4.507646 0.0 -0.0 0.0 -0.001557 2.295775 1.076246 0.0 -0.0 0.0 -16.652988 -16.879618 -5.819845 18.85882 14.338744 0.986972 0.0 -0.0 0.0 1.684433 -4.633524 -1.803554 0.0 -0.0 0.0 -178.745667 -0.0 0.0 3.659674 -0.0 0.0 -73.798668 0.0 0.0 -4.726109 0.08116 0.023582 -0.997327 3.3e-05 1e-06 1.25456 -0.0 0.0 3.659674 -0.0 0.0 -73.798668 3e-06 0.0 -4.726109 0.081185 0.023581 -0.997327 6e-06 2e-06 
0.0 0.0 0.0 0.0 -0.0 0.0 0.0 100.87085 0.0 90.000328 0.190163 90.000328 -0.049287 1e-06 -3e-06 -5.927024 3e-06 -0.0 5.964053 5e-06 0.0 16.829426 1e-05 2e-06 1.052974 2.1e-05 -2e-06 -24.428869 4e-05 -2e-05 -0.0 -7.4e-05 3.1e-05 0.0 7.9e-05 0.0 10.592797 -0.254773 3.786015 10.592787 0.254987 -3.785956 -89.776634 -69.738167 89.979286 20.234638 -3e-06 -1e-06 0.010686 -0.0 0.0 0.000704 0.001974 9.712303 25.642761 -18.917786 54.214165 -29.88636 -10.372678 24.530539 0.0 -0.0 0.0 0.0 -0.0 0.0 1.560195 0.375098 -1.406302 -1.574694 -0.339407 -8.296517 0.0 -0.0 0.0 -2.345381 -3.741133 -2.252148 0.0 -0.0 0.0 -8.680352 -3.883042 -3.13835 8.888373 3.355701 -6.015839 0.0 -0.0 0.0 -0.789304 -7.285017 -3.385952 0.0 -0.0 0.0 -12.266362 -6.770043 -3.829185 12.748711 5.779631 -4.507649 0.0 -0.0 0.0 -0.002125 2.297532 1.077113 0.0 -0.0 0.0 -16.653231 -16.879332 -5.818032 18.858604 14.33904 0.985165 0.0 -0.0 0.0 1.68497 -4.635244 -1.805353 0.0 -0.0 0.0 90.181915 -69.738167 89.97924 20.234636 -4e-06 1e-06 0.010699 -0.0 0.0 0.000698 0.001975 9.712301 25.642763 -18.917789 54.214169 -29.886368 -10.372681 24.530539 0.0 -0.0 0.0 0.0 -0.0 0.0 1.562406 0.379639 -1.402784 -1.576997 -0.344016 -8.299985 0.0 -0.0 0.0 -2.344502 -3.741118 -2.25218 0.0 -0.0 0.0 -8.680535 -3.881308 -3.138472 8.888452 3.353951 -6.015964 0.0 -0.0 0.0 -0.789081 -7.285012 -3.385969 0.0 -0.0 0.0 -12.266361 -6.770046 -3.829185 12.748709 5.779632 -4.507646 0.0 -0.0 0.0 -0.001557 2.295775 1.076246 0.0 -0.0 0.0 -16.652988 -16.879618 -5.819845 18.85882 14.338744 0.986972 0.0 -0.0 0.0 1.684433 -4.633524 -1.803554 0.0 -0.0 0.0 -178.745667 -0.0 0.0 3.659674 -0.0 0.0 -73.798668 0.0 0.0 -4.726109 0.08116 0.023582 -0.997327 3.3e-05 1e-06 1.25456 -0.0 0.0 3.659674 -0.0 0.0 -73.798668 3e-06 0.0 -4.726109 0.081185 0.023581 -0.997327 6e-06 2e-06 
0.0 0.0 0.0 0.0 -0.0 0.0 0.0 100.87085 0.0 90.000328 0.190163 90.000328 -0.049287 1e-06 -3e-06 -5.927024 3e-06 -0.0 5.964053 5e-06 0.0 16.829426 1e-05 2e-06 1.052974 2.1e-05 -2e-06 -24.428869 4e-05 -2e-05 -0.0 -7.4e-05 3.1e-05 0.0 7.9e-05 0.0 10.592797 -0.254773 3.786015 10.592787 0.254987 -3.785956 -89.776634 -69.738167 89.979286 20.234638 -3e-06 -1e-06 0.010686 -0.0 0.0 0.000704 0.001974 9.712303 25.642761 -18.917786 54.214165 -29.88636 -10.372678 24.530539 0.0 -0.0 0.0 0.0 -0.0 0.0 1.560195 0.375098 -1.406302 -1.574694 -0.339407 -8.296517 0.0 -0.0 0.0 -2.345381 -3.741133 -2.252148 0.0 -0.0 0.0 -8.680352 -3.883042 -3.13835 8.888373 3.355701 -6.015839 0.0 -0.0 0.0 -0.789304 -7.285017 -3.385952 0.0 -0.0 0.0 -12.266362 -6.770043 -3.829185 12.748711 5.779631 -4.507649 0.0 -0.0 0.0 -0.002125 2.297532 1.077113 0.0 -0.0 0.0 -16.653231 -16.879332 -5.818032 18.858604 14.33904 0.985165 0.0 -0.0 0.0 1.68497 -4.635244 -1.805353 0.0 -0.0 0.0 90.181915 -69.738167 89.97924 20.234636 -4e-06 1e-06 0.010699 -0.0 0.0 0.000698 0.001975 9.712301 25.642763 -18.917789 54.214169 -29.886368 -10.372681 24.530539 0.0 -0.0 0.0 0.0 -0.0 0.0 1.562406 0.379639 -1.402784 -1.576997 -0.344016 -8.299985 0.0 -0.0 0.0 -2.344502 -3.741118 -2.25218 0.0 -0.0 0.0 -8.680535 -3.881308 -3.138472 8.888452 3.353951 -6.015964 0.0 -0.0 0.0 -0.789081 -7.285012 -3.385969 0.0 -0.0 0.0 -12.266361 -6.770046 -3.829185 12.748709 5.779632 -4.507646 0.0 -0.0 0.0 -0.001557 2.295775 1.076246 0.0 -0.0 0.0 -16.652988 -16.879618 -5.819845 18.85882 14.338744 0.986972 0.0 -0.0 0.0 1.684433 -4.633524 -1.803554 0.0 -0.0 0.0 -178.745667 -0.0 0.0 3.659674 -0.0 0.0 -73.798668 0.0 0.0 -4.726109 0.08116 0.023582 -0.997327 3.3e-05 1e-06 1.25456 -0.0 0.0 3.659674 -0.0 0.0 -73.798668 3e-06 0.0 -4.726109 0.081185 0.023581 -0.997327 6e-06 2e-06 
0.0 0.0 0.0 0.0 -0.0 0.0 0.0 100.87085 0.0 90.000328 0.190163 90.000328 -0.049287 1e-06 -3e-06 -5.927024 3e-06 -0.0 5.964053 5e-06 0.0 16.829426 1e-05 2e-06 1.052974 2.1e-05 -2e-06 -24.428869 4e-05 -2e-05 -0.0 -7.4e-05 3.1e-05 0.0 7.9e-05 0.0 10.592797 -0.254773 3.786015 10.592787 0.254987 -3.785956 -89.776634 -69.738167 89.979286 20.234638 -3e-06 -1e-06 0.010686 -0.0 0.0 0.000704 0.001974 9.712303 25.642761 -18.917786 54.214165 -29.88636 -10.372678 24.530539 0.0 -0.0 0.0 0.0 -0.0 0.0 1.560195 0.375098 -1.406302 -1.574694 -0.339407 -8.296517 0.0 -0.0 0.0 -2.345381 -3.741133 -2.252148 0.0 -0.0 0.0 -8.680352 -3.883042 -3.13835 8.888373 3.355701 -6.015839 0.0 -0.0 0.0 -0.789304 -7.285017 -3.385952 0.0 -0.0 0.0 -12.266362 -6.770043 -3.829185 12.748711 5.779631 -4.507649 0.0 -0.0 0.0 -0.002125 2.297532 1.077113 0.0 -0.0 0.0 -16.653231 -16.879332 -5.818032 18.858604 14.33904 0.985165 0.0 -0.0 0.0 1.68497 -4.635244 -1.805353 0.0 -0.0 0.0 90.181915 -69.738167 89.97924 20.234636 -4e-06 1e-06 0.010699 -0.0 0.0 0.000698 0.001975 9.712301 25.642763 -18.917789 54.214169 -29.886368 -10.372681 24.530539 0.0 -0.0 0.0 0.0 -0.0 0.0 1.562406 0.379639 -1.402784 -1.576997 -0.344016 -8.299985 0.0 -0.0 0.0 -2.344502 -3.741118 -2.25218 0.0 -0.0 0.0 -8.680535 -3.881308 -3.138472 8.888452 3.353951 -6.015964 0.0 -0.0 0.0 -0.789081 -7.285012 -3.385969 0.0 -0.0 0.0 -12.266361 -6.770046 -3.829185 12.748709 5.779632 -4.507646 0.0 -0.0 0.0 -0.001557 2.295775 1.076246 0.0 -0.0 0.0 -16.652988 -16.879618 -5.819845 18.85882 14.338744 0.986972 0.0 -0.0 0.0 1.684433 -4.633524 -1.803554 0.0 -0.0 0.0 -178.745667 -0.0 0.0 3.659674 -0.0 0.0 -73.798668 0.0 0.0 -4.726109 0.08116 0.023582 -0.997327 3.3e-05 1e-06 1.25456 -0.0 0.0 3.659674 -0.0 0.0 -73.798668 3e-06 0.0 -4.726109 0.081185 0.023581 -0.997327 6e-06 2e-06 
0.0 0.0 0.0 0.0 -0.0 0.0 0.0 100.87085 0.0 90.000328 0.190163 90.000328 -0.049287 1e-06 -3e-06 -5.927024 3e-06 -0.0 5.964053 5e-06 0.0 16.829426 1e-05 2e-06 1.052974 2.1e-05 -2e-06 -24.428869 4e-05 -2e-05 -0.0 -7.4e-05 3.1e-05 0.0 7.9e-05 0.0 10.592797 -0.254773 3.786015 10.592787 0.254987 -3.785956 -89.776634 -69.738167 89.979286 20.234638 -3e-06 -1e-06 0.010686 -0.0 0.0 0.000704 0.001974 9.712303 25.642761 -18.917786 54.214165 -29.88636 -10.372678 24.530539 0.0 -0.0 0.0 0.0 -0.0 0.0 1.560195 0.375098 -1.406302 -1.574694 -0.339407 -8.296517 0.0 -0.0 0.0 -2.345381 -3.741133 -2.252148 0.0 -0.0 0.0 -8.680352 -3.883042 -3.13835 8.888373 3.355701 -6.015839 0.0 -0.0 0.0 -0.789304 -7.285017 -3.385952 0.0 -0.0 0.0 -12.266362 -6.770043 -3.829185 12.748711 5.779631 -4.507649 0.0 -0.0 0.0 -0.002125 2.297532 1.077113 0.0 -0.0 0.0 -16.653231 -16.879332 -5.818032 18.858604 14.33904 0.985165 0.0 -0.0 0.0 1.68497 -4.635244 -1.805353 0.0 -0.0 0.0 90.181915 -69.738167 89.97924 20.234636 -4e-06 1e-06 0.010699 -0.0 0.0 0.000698 0.001975 9.712301 25.642763 -18.917789 54.214169 -29.886368 -10.372681 24.530539 0.0 -0.0 0.0 0.0 -0.0 0.0 1.562406 0.379639 -1.402784 -1.576997 -0.344016 -8.299985 0.0 -0.0 0.0 -2.344502 -3.741118 -2.25218 0.0 -0.0 0.0 -8.680535 -3.881308 -3.138472 8.888452 3.353951 -6.015964 0.0 -0.0 0.0 -0.789081 -7.285012 -3.385969 0.0 -0.0 0.0 -12.266361 -6.770046 -3.829185 12.748709 5.779632 -4.507646 0.0 -0.0 0.0 -0.001557 2.295775 1.076246 0.0 -0.0 0.0 -16.652988 -16.879618 -5.819845 18.85882 14.338744 0.986972 0.0 -0.0 0.0 1.684433 -4.633524 -1.803554 0.0 -0.0 0.0 -178.745667 -0.0 0.0 3.659674 -0.0 0.0 -73.798668 0.0 0.0 -4.726109 0.08116 0.023582 -0.997327 3.3e-05 1e-06 1.25456 -0.0 0.0 3.659674 -0.0 0.0 -73.798668 3e-06 0.0 -4.726109 0.081185 0.023581 -0.997327 6e-06 2e-06 
0.0 0.0 0.0 0.0 -0.0 0.0 0.0 100.87085 0.0 90.000328 0.190163 90.000328 -0.049287 1e-06 -3e-06 -5.927024 3e-06 -0.0 5.964053 5e-06 0.0 16.829426 1e-05 2e-06 1.052974 2.1e-05 -2e-06 -24.428869 4e-05 -2e-05 -0.0 -7.4e-05 3.1e-05 0.0 7.9e-05 0.0 10.592797 -0.254773 3.786015 10.592787 0.254987 -3.785956 -89.776634 -69.738167 89.979286 20.234638 -3e-06 -1e-06 0.010686 -0.0 0.0 0.000704 0.001974 9.712303 25.642761 -18.917786 54.214165 -29.88636 -10.372678 24.530539 0.0 -0.0 0.0 0.0 -0.0 0.0 1.560195 0.375098 -1.406302 -1.574694 -0.339407 -8.296517 0.0 -0.0 0.0 -2.345381 -3.741133 -2.252148 0.0 -0.0 0.0 -8.680352 -3.883042 -3.13835 8.888373 3.355701 -6.015839 0.0 -0.0 0.0 -0.789304 -7.285017 -3.385952 0.0 -0.0 0.0 -12.266362 -6.770043 -3.829185 12.748711 5.779631 -4.507649 0.0 -0.0 0.0 -0.002125 2.297532 1.077113 0.0 -0.0 0.0 -16.653231 -16.879332 -5.818032 18.858604 14.33904 0.985165 0.0 -0.0 0.0 1.68497 -4.635244 -1.805353 0.0 -0.0 0.0 90.181915 -69.738167 89.97924 20.234636 -4e-06 1e-06 0.010699 -0.0 0.0 0.000698 0.001975 9.712301 25.642763 -18.917789 54.214169 -29.886368 -10.372681 24.530539 0.0 -0.0 0.0 0.0 -0.0 0.0 1.562406 0.379639 -1.402784 -1.576997 -0.344016 -8.299985 0.0 -0.0 0.0 -2.344502 -3.741118 -2.25218 0.0 -0.0 0.0 -8.680535 -3.881308 -3.138472 8.888452 3.353951 -6.015964 0.0 -0.0 0.0 -0.789081 -7.285012 -3.385969 0.0 -0.0 0.0 -12.266361 -6.770046 -3.829185 12.748709 5.779632 -4.507646 0.0 -0.0 0.0 -0.001557 2.295775 1.076246 0.0 -0.0 0.0 -16.652988 -16.879618 -5.819845 18.85882 14.338744 0.986972 0.0 -0.0 0.0 1.684433 -4.633524 -1.803554 0.0 -0.0 0.0 -178.745667 -0.0 0.0 3.659674 -0.0 0.0 -73.798668 0.0 0.0 -4.726109 0.08116 0.023582 -0.997327 3.3e-05 1e-06 1.25456 -0.0 0.0 3.659674 -0.0 0.0 -73.798668 3e-06 0.0 -4.726109 0.081185 0.023581 -0.997327 6e-06 2e-06 
0.0 0.0 0.0 0.0 -0.0 0.0 0.0 100.87085 0.0 90.000328 0.190163 90.000328 -0.049287 1e-06 -3e-06 -5.927024 3e-06 -0.0 5.964053 5e-06 0.0 16.829426 1e-05 2e-06 1.052974 2.1e-05 -2e-06 -24.428869 4e-05 -2e-05 -0.0 -7.4e-05 3.1e-05 0.0 7.9e-05 0.0 10.592797 -0.254773 3.786015 10.592787 0.254987 -3.785956 -89.776634 -69.738167 89.979286 20.234638 -3e-06 -1e-06 0.010686 -0.0 0.0 0.000704 0.001974 9.712303 25.642761 -18.917786 54.214165 -29.88636 -10.372678 24.530539 0.0 -0.0 0.0 0.0 -0.0 0.0 1.560195 0.375098 -1.406302 -1.574694 -0.339407 -8.296517 0.0 -0.0 0.0 -2.345381 -3.741133 -2.252148 0.0 -0.0 0.0 -8.680352 -3.883042 -3.13835 8.888373 3.355701 -6.015839 0.0 -0.0 0.0 -0.789304 -7.285017 -3.385952 0.0 -0.0 0.0 -12.266362 -6.770043 -3.829185 12.748711 5.779631 -4.507649 0.0 -0.0 0.0 -0.002125 2.297532 1.077113 0.0 -0.0 0.0 -16.653231 -16.879332 -5.818032 18.858604 14.33904 0.985165 0.0 -0.0 0.0 1.68497 -4.635244 -1.805353 0.0 -0.0 0.0 90.181915 -69.738167 89.97924 20.234636 -4e-06 1e-06 0.010699 -0.0 0.0 0.000698 0.001975 9.712301 25.642763 -18.917789 54.214169 -29.886368 -10.372681 24.530539 0.0 -0.0 0.0 0.0 -0.0 0.0 1.562406 0.379639 -1.402784 -1.576997 -0.344016 -8.299985 0.0 -0.0 0.0 -2.344502 -3.741118 -2.25218 0.0 -0.0 0.0 -8.680535 -3.881308 -3.138472 8.888452 3.353951 -6.015964 0.0 -0.0 0.0 -0.789081 -7.285012 -3.385969 0.0 -0.0 0.0 -12.266361 -6.770046 -3.829185 12.748709 5.779632 -4.507646 0.0 -0.0 0.0 -0.001557 2.295775 1.076246 0.0 -0.0 0.0 -16.652988 -16.879618 -5.819845 18.85882 14.338744 0.986972 0.0 -0.0 0.0 1.684433 -4.633524 -1.803554 0.0 -0.0 0.0 -178.745667 -0.0 0.0 3.659674 -0.0 0.0 -73.798668 0.0 0.0 -4.726109 0.08116 0.023582 -0.997327 3.3e-05 1e-06 1.25456 -0.0 0.0 3.659674 -0.0 0.0 -73.798668 3e-06 0.0 -4.726109 0.081185 0.023581 -0.997327 6e-06 2e-06 
0.0 0.0 0.0 0.0 -0.0 0.0 0.0 100.87085 0.0 90.000328 0.190163 90.000328 -0.049287 1e-06 -3e-06 -5.927024 3e-06 -0.0 5.964053 5e-06 0.0 16.829426 1e-05 2e-06 1.052974 2.1e-05 -2e-06 -24.428869 4e-05 -2e-05 -0.0 -7.4e-05 3.1e-05 0.0 7.9e-05 0.0 10.592797 -0.254773 3.786015 10.592787 0.254987 -3.785956 -89.776634 -69.738167 89.979286 20.234638 -3e-06 -1e-06 0.010686 -0.0 0.0 0.000704 0.001974 9.712303 25.642761 -18.917786 54.214165 -29.88636 -10.372678 24.530539 0.0 -0.0 0.0 0.0 -0.0 0.0 1.560195 0.375098 -1.406302 -1.574694 -0.339407 -8.296517 0.0 -0.0 0.0 -2.345381 -3.741133 -2.252148 0.0 -0.0 0.0 -8.680352 -3.883042 -3.13835 8.888373 3.355701 -6.015839 0.0 -0.0 0.0 -0.789304 -7.285017 -3.385952 0.0 -0.0 0.0 -12.266362 -6.770043 -3.829185 12.748711 5.779631 -4.507649 0.0 -0.0 0.0 -0.002125 2.297532 1.077113 0.0 -0.0 0.0 -16.653231 -16.879332 -5.818032 18.858604 14.33904 0.985165 0.0 -0.0 0.0 1.68497 -4.635244 -1.805353 0.0 -0.0 0.0 90.181915 -69.738167 89.97924 20.234636 -4e-06 1e-06 0.010699 -0.0 0.0 0.000698 0.001975 9.712301 25.642763 -18.917789 54.214169 -29.886368 -10.372681 24.530539 0.0 -0.0 0.0 0.0 -0.0 0.0 1.562406 0.379639 -1.402784 -1.576997 -0.344016 -8.299985 0.0 -0.0 0.0 -2.344502 -3.741118 -2.25218 0.0 -0.0 0.0 -8.680535 -3.881308 -3.138472 8.888452 3.353951 -6.015964 0.0 -0.0 0.0 -0.789081 -7.285012 -3.385969 0.0 -0.0 0.0 -12.266361 -6.770046 -3.829185 12.748709 5.779632 -4.507646 0.0 -0.0 0.0 -0.001557 2.295775 1.076246 0.0 -0.0 0.0 -16.652988 -16.879618 -5.819845 18.85882 14.338744 0.986972 0.0 -0.0 0.0 1.684433 -4.633524 -1.803554 0.0 -0.0 0.0 -178.745667 -0.0 0.0 3.659674 -0.0 0.0 -73.798668 0.0 0.0 -4.726109 0.08116 0.023582 -0.997327 3.3e-05 1e-06 1.25456 -0.0 0.0 3.659674 -0.0 0.0 -73.798668 3e-06 0.0 -4.726109 0.081185 0.023581 -0.997327 6e-06 2e-06 
0.0 0.0 0.0 0.0 -0.0 0.0 0.0 100.87085 0.0 90.000328 0.190163 90.000328 -0.049287 1e-06 -3e-06 -5.927024 3e-06 -0.0 5.964053 5e-06 0.0 16.829426 1e-05 2e-06 1.052974 2.1e-05 -2e-06 -24.428869 4e-05 -2e-05 -0.0 -7.4e-05 3.1e-05 0.0 7.9e-05 0.0 10.592797 -0.254773 3.786015 10.592787 0.254987 -3.785956 -89.776634 -69.738167 89.979286 20.234638 -3e-06 -1e-06 0.010686 -0.0 0.0 0.000704 0.001974 9.712303 25.642761 -18.917786 54.214165 -29.88636 -10.372678 24.530539 0.0 -0.0 0.0 0.0 -0.0 0.0 1.560195 0.375098 -1.406302 -1.574694 -0.339407 -8.296517 0.0 -0.0 0.0 -2.345381 -3.741133 -2.252148 0.0 -0.0 0.0 -8.680352 -3.883042 -3.13835 8.888373 3.355701 -6.015839 0.0 -0.0 0.0 -0.789304 -7.285017 -3.385952 0.0 -0.0 0.0 -12.266362 -6.770043 -3.829185 12.748711 5.779631 -4.507649 0.0 -0.0 0.0 -0.002125 2.297532 1.077113 0.0 -0.0 0.0 -16.653231 -16.879332 -5.818032 18.858604 14.33904 0.985165 0.0 -0.0 0.0 1.68497 -4.635244 -1.805353 0.0 -0.0 0.0 90.181915 -69.738167 89.97924 20.234636 -4e-06 1e-06 0.010699 -0.0 0.0 0.000698 0.001975 9.712301 25.642763 -18.917789 54.214169 -29.886368 -10.372681 24.530539 0.0 -0.0 0.0 0.0 -0.0 0.0 1.562406 0.379639 -1.402784 -1.576997 -0.344016 -8.299985 0.0 -0.0 0.0 -2.344502 -3.741118 -2.25218 0.0 -0.0 0.0 -8.680535 -3.881308 -3.138472 8.888452 3.353951 -6.015964 0.0 -0.0 0.0 -0.789081 -7.285012 -3.385969 0.0 -0.0 0.0 -12.266361 -6.770046 -3.829185 12.748709 5.779632 -4.507646 0.0 -0.0 0.0 -0.001557 2.295775 1.076246 0.0 -0.0 0.0 -16.652988 -16.879618 -5.819845 18.85882 14.338744 0.986972 0.0 -0.0 0.0 1.684433 -4.633524 -1.803554 0.0 -0.0 0.0 -178.745667 -0.0 0.0 3.659674 -0.0 0.0 -73.798668 0.0 0.0 -4.726109 0.08116 0.023582 -0.997327 3.3e-05 1e-06 1.25456 -0.0 0.0 3.659674 -0.0 0.0 -73.798668 3e-06 0.0 -4.726109 0.081185 0.023581 -0.997327 6e-06 2e-06 
0.0 0.0 0.0 0.0 -0.0 0.0 0.0 100.87085 0.0 90.000328 0.190163 90.000328 -0.049287 1e-06 -3e-06 -5.927024 3e-06 -0.0 5.964053 5e-06 0.0 16.829426 1e-05 2e-06 1.052974 2.1e-05 -2e-06 -24.428869 4e-05 -2e-05 -0.0 -7.4e-05 3.1e-05 0.0 7.9e-05 0.0 10.592797 -0.254773 3.786015 10.592787 0.254987 -3.785956 -89.776634 -69.738167 89.979286 20.234638 -3e-06 -1e-06 0.010686 -0.0 0.0 0.000704 0.001974 9.712303 25.642761 -18.917786 54.214165 -29.88636 -10.372678 24.530539 0.0 -0.0 0.0 0.0 -0.0 0.0 1.560195 0.375098 -1.406302 -1.574694 -0.339407 -8.296517 0.0 -0.0 0.0 -2.345381 -3.741133 -2.252148 0.0 -0.0 0.0 -8.680352 -3.883042 -3.13835 8.888373 3.355701 -6.015839 0.0 -0.0 0.0 -0.789304 -7.285017 -3.385952 0.0 -0.0 0.0 -12.266362 -6.770043 -3.829185 12.748711 5.779631 -4.507649 0.0 -0.0 0.0 -0.002125 2.297532 1.077113 0.0 -0.0 0.0 -16.653231 -16.879332 -5.818032 18.858604 14.33904 0.985165 0.0 -0.0 0.0 1.68497 -4.635244 -1.805353 0.0 -0.0 0.0 90.181915 -69.738167 89.97924 20.234636 -4e-06 1e-06 0.010699 -0.0 0.0 0.000698 0.001975 9.712301 25.642763 -18.917789 54.214169 -29.886368 -10.372681 24.530539 0.0 -0.0 0.0 0.0 -0.0 0.0 1.562406 0.379639 -1.402784 -1.576997 -0.344016 -8.299985 0.0 -0.0 0.0 -2.344502 -3.741118 -2.25218 0.0 -0.0 0.0 -8.680535 -3.881308 -3.138472 8.888452 3.353951 -6.015964 0.0 -0.0 0.0 -0.789081 -7.285012 -3.385969 0.0 -0.0 0.0 -12.266361 -6.770046 -3.829185 12.748709 5.779632 -4.507646 0.0 -0.0 0.0 -0.001557 2.295775 1.076246 0.0 -0.0 0.0 -16.652988 -16.879618 -5.819845 18.85882 14.338744 0.986972 0.0 -0.0 0.0 1.684433 -4.633524 -1.803554 0.0 -0.0 0.0 -178.745667 -0.0 0.0 3.659674 -0.0 0.0 -73.798668 0.0 0.0 -4.726109 0.08116 0.023582 -0.997327 3.3e-05 1e-06 1.25456 -0.0 0.0 3.659674 -0.0 0.0 -73.798668 3e-06 0.0 -4.726109 0.081185 0.023581 -0.997327 6e-06 2e-06 
0.0 0.0 0.0 0.0 -0.0 0.0 0.0 100.87085 0.0 90.000328 0.190163 90.000328 -0.049287 1e-06 -3e-06 -5.927024 3e-06 -0.0 5.964053 5e-06 0.0 16.829426 1e-05 2e-06 1.052974 2.1e-05 -2e-06 -24.428869 4e-05 -2e-05 -0.0 -7.4e-05 3.1e-05 0.0 7.9e-05 0.0 10.592797 -0.254773 3.786015 10.592787 0.254987 -3.785956 -89.776634 -69.738167 89.979286 20.234638 -3e-06 -1e-06 0.010686 -0.0 0.0 0.000704 0.001974 9.712303 25.642761 -18.917786 54.214165 -29.88636 -10.372678 24.530539 0.0 -0.0 0.0 0.0 -0.0 0.0 1.560195 0.375098 -1.406302 -1.574694 -0.339407 -8.296517 0.0 -0.0 0.0 -2.345381 -3.741133 -2.252148 0.0 -0.0 0.0 -8.680352 -3.883042 -3.13835 8.888373 3.355701 -6.015839 0.0 -0.0 0.0 -0.789304 -7.285017 -3.385952 0.0 -0.0 0.0 -12.266362 -6.770043 -3.829185 12.748711 5.779631 -4.507649 0.0 -0.0 0.0 -0.002125 2.297532 1.077113 0.0 -0.0 0.0 -16.653231 -16.879332 -5.818032 18.858604 14.33904 0.985165 0.0 -0.0 0.0 1.68497 -4.635244 -1.805353 0.0 -0.0 0.0 90.181915 -69.738167 89.97924 20.234636 -4e-06 1e-06 0.010699 -0.0 0.0 0.000698 0.001975 9.712301 25.642763 -18.917789 54.214169 -29.886368 -10.372681 24.530539 0.0 -0.0 0.0 0.0 -0.0 0.0 1.562406 0.379639 -1.402784 -1.576997 -0.344016 -8.299985 0.0 -0.0 0.0 -2.344502 -3.741118 -2.25218 0.0 -0.0 0.0 -8.680535 -3.881308 -3.138472 8.888452 3.353951 -6.015964 0.0 -0.0 0.0 -0.789081 -7.285012 -3.385969 0.0 -0.0 0.0 -12.266361 -6.770046 -3.829185 12.748709 5.779632 -4.507646 0.0 -0.0 0.0 -0.001557 2.295775 1.076246 0.0 -0.0 0.0 -16.652988 -16.879618 -5.819845 18.85882 14.338744 0.986972 0.0 -0.0 0.0 1.684433 -4.633524 -1.803554 0.0 -0.0 0.0 -178.745667 -0.0 0.0 3.659674 -0.0 0.0 -73.798668 0.0 0.0 -4.726109 0.08116 0.023582 -0.997327 3.3e-05 1e-06 1.25456 -0.0 0.0 3.659674 -0.0 0.0 -73.798668 3e-06 0.0 -4.726109 0.081185 0.023581 -0.997327 6e-06 2e-06 
0.0 0.0 0.0 0.0 -0.0 0.0 0.0 100.87085 0.0 90.000328 0.190163 90.000328 -0.049287 1e-06 -3e-06 -5.927024 3e-06 -0.0 5.964053 5e-06 0.0 16.829426 1e-05 2e-06 1.052974 2.1e-05 -2e-06 -24.428869 4e-05 -2e-05 -0.0 -7.4e-05 3.1e-05 0.0 7.9e-05 0.0 10.592797 -0.254773 3.786015 10.592787 0.254987 -3.785956 -89.776634 -69.738167 89.979286 20.234638 -3e-06 -1e-06 0.010686 -0.0 0.0 0.000704 0.001974 9.712303 25.642761 -18.917786 54.214165 -29.88636 -10.372678 24.530539 0.0 -0.0 0.0 0.0 -0.0 0.0 1.560195 0.375098 -1.406302 -1.574694 -0.339407 -8.296517 0.0 -0.0 0.0 -2.345381 -3.741133 -2.252148 0.0 -0.0 0.0 -8.680352 -3.883042 -3.13835 8.888373 3.355701 -6.015839 0.0 -0.0 0.0 -0.789304 -7.285017 -3.385952 0.0 -0.0 0.0 -12.266362 -6.770043 -3.829185 12.748711 5.779631 -4.507649 0.0 -0.0 0.0 -0.002125 2.297532 1.077113 0.0 -0.0 0.0 -16.653231 -16.879332 -5.818032 18.858604 14.33904 0.985165 0.0 -0.0 0.0 1.68497 -4.635244 -1.805353 0.0 -0.0 0.0 90.181915 -69.738167 89.97924 20.234636 -4e-06 1e-06 0.010699 -0.0 0.0 0.000698 0.001975 9.712301 25.642763 -18.917789 54.214169 -29.886368 -10.372681 24.530539 0.0 -0.0 0.0 0.0 -0.0 0.0 1.562406 0.379639 -1.402784 -1.576997 -0.344016 -8.299985 0.0 -0.0 0.0 -2.344502 -3.741118 -2.25218 0.0 -0.0 0.0 -8.680535 -3.881308 -3.138472 8.888452 3.353951 -6.015964 0.0 -0.0 0.0 -0.789081 -7.285012 -3.385969 0.0 -0.0 0.0 -12.266361 -6.770046 -3.829185 12.748709 5.779632 -4.507646 0.0 -0.0 0.0 -0.001557 2.295775 1.076246 0.0 -0.0 0.0 -16.652988 -16.879618 -5.819845 18.85882 14.338744 0.986972 0.0 -0.0 0.0 1.684433 -4.633524 -1.803554 0.0 -0.0 0.0 -178.745667 -0.0 0.0 3.659674 -0.0 0.0 -73.798668 0.0 0.0 -4.726109 0.08116 0.023582 -0.997327 3.3e-05 1e-06 1.25456 -0.0 0.0 3.659674 -0.0 0.0 -73.798668 3e-06 0.0 -4.726109 0.081185 0.023581 -0.997327 6e-06 2e-06 
0.0 0.0 0.0 0.0 -0.0 0.0 0.0 100.87085 0.0 90.000328 0.190163 90.000328 -0.049287 1e-06 -3e-06 -5.927024 3e-06 -0.0 5.964053 5e-06 0.0 16.829426 1e-05 2e-06 1.052974 2.1e-05 -2e-06 -24.428869 4e-05 -2e-05 -0.0 -7.4e-05 3.1e-05 0.0 7.9e-05 0.0 10.592797 -0.254773 3.786015 10.592787 0.254987 -3.785956 -89.776634 -69.738167 89.979286 20.234638 -3e-06 -1e-06 0.010686 -0.0 0.0 0.000704 0.001974 9.712303 25.642761 -18.917786 54.214165 -29.88636 -10.372678 24.530539 0.0 -0.0 0.0 0.0 -0.0 0.0 1.560195 0.375098 -1.406302 -1.574694 -0.339407 -8.296517 0.0 -0.0 0.0 -2.345381 -3.741133 -2.252148 0.0 -0.0 0.0 -8.680352 -3.883042 -3.13835 8.888373 3.355701 -6.015839 0.0 -0.0 0.0 -0.789304 -7.285017 -3.385952 0.0 -0.0 0.0 -12.266362 -6.770043 -3.829185 12.748711 5.779631 -4.507649 0.0 -0.0 0.0 -0.002125 2.297532 1.077113 0.0 -0.0 0.0 -16.653231 -16.879332 -5.818032 18.858604 14.33904 0.985165 0.0 -0.0 0.0 1.68497 -4.635244 -1.805353 0.0 -0.0 0.0 90.181915 -69.738167 89.97924 20.234636 -4e-06 1e-06 0.010699 -0.0 0.0 0.000698 0.001975 9.712301 25.642763 -18.917789 54.214169 -29.886368 -10.372681 24.530539 0.0 -0.0 0.0 0.0 -0.0 0.0 1.562406 0.379639 -1.402784 -1.576997 -0.344016 -8.299985 0.0 -0.0 0.0 -2.344502 -3.741118 -2.25218 0.0 -0.0 0.0 -8.680535 -3.881308 -3.138472 8.888452 3.353951 -6.015964 0.0 -0.0 0.0 -0.789081 -7.285012 -3.385969 0.0 -0.0 0.0 -12.266361 -6.770046 -3.829185 12.748709 5.779632 -4.507646 0.0 -0.0 0.0 -0.001557 2.295775 1.076246 0.0 -0.0 0.0 -16.652988 -16.879618 -5.819845 18.85882 14.338744 0.986972 0.0 -0.0 0.0 1.684433 -4.633524 -1.803554 0.0 -0.0 0.0 -178.745667 -0.0 0.0 3.659674 -0.0 0.0 -73.798668 0.0 0.0 -4.726109 0.08116 0.023582 -0.997327 3.3e-05 1e-06 1.25456 -0.0 0.0 3.659674 -0.0 0.0 -73.798668 3e-06 0.0 -4.726109 0.081185 0.023581 -0.997327 6e-06 2e-06 
0.0 0.0 0.0 0.0 -0.0 0.0 0.0 100.87085 0.0 90.000328 0.190163 90.000328 -0.049287 1e-06 -3e-06 -5.927024 3e-06 -0.0 5.964053 5e-06 0.0 16.829426 1e-05 2e-06 1.052974 2.1e-05 -2e-06 -24.428869 4e-05 -2e-05 -0.0 -7.4e-05 3.1e-05 0.0 7.9e-05 0.0 10.592797 -0.254773 3.786015 10.592787 0.254987 -3.785956 -89.776634 -69.738167 89.979286 20.234638 -3e-06 -1e-06 0.010686 -0.0 0.0 0.000704 0.001974 9.712303 25.642761 -18.917786 54.214165 -29.88636 -10.372678 24.530539 0.0 -0.0 0.0 0.0 -0.0 0.0 1.560195 0.375098 -1.406302 -1.574694 -0.339407 -8.296517 0.0 -0.0 0.0 -2.345381 -3.741133 -2.252148 0.0 -0.0 0.0 -8.680352 -3.883042 -3.13835 8.888373 3.355701 -6.015839 0.0 -0.0 0.0 -0.789304 -7.285017 -3.385952 0.0 -0.0 0.0 -12.266362 -6.770043 -3.829185 12.748711 5.779631 -4.507649 0.0 -0.0 0.0 -0.002125 2.297532 1.077113 0.0 -0.0 0.0 -16.653231 -16.879332 -5.818032 18.858604 14.33904 0.985165 0.0 -0.0 0.0 1.68497 -4.635244 -1.805353 0.0 -0.0 0.0 90.181915 -69.738167 89.97924 20.234636 -4e-06 1e-06 0.010699 -0.0 0.0 0.000698 0.001975 9.712301 25.642763 -18.917789 54.214169 -29.886368 -10.372681 24.530539 0.0 -0.0 0.0 0.0 -0.0 0.0 1.562406 0.379639 -1.402784 -1.576997 -0.344016 -8.299985 0.0 -0.0 0.0 -2.344502 -3.741118 -2.25218 0.0 -0.0 0.0 -8.680535 -3.881308 -3.138472 8.888452 3.353951 -6.015964 0.0 -0.0 0.0 -0.789081 -7.285012 -3.385969 0.0 -0.0 0.0 -12.266361 -6.770046 -3.829185 12.748709 5.779632 -4.507646 0.0 -0.0 0.0 -0.001557 2.295775 1.076246 0.0 -0.0 0.0 -16.652988 -16.879618 -5.819845 18.85882 14.338744 0.986972 0.0 -0.0 0.0 1.684433 -4.633524 -1.803554 0.0 -0.0 0.0 -178.745667 -0.0 0.0 3.659674 -0.0 0.0 -73.798668 0.0 0.0 -4.726109 0.08116 0.023582 -0.997327 3.3e-05 1e-06 1.25456 -0.0 0.0 3.659674 -0.0 0.0 -73.798668 3e-06 0.0 -4.726109 0.081185 0.023581 -0.997327 6e-06 2e-06 
0.0 0.0 0.0 0.0 -0.0 0.0 0.0 100.87085 0.0 90.000328 0.190163 90.000328 -0.049287 1e-06 -3e-06 -5.927024 3e-06 -0.0 5.964053 5e-06 0.0 16.829426 1e-05 2e-06 1.052974 2.1e-05 -2e-06 -24.428869 4e-05 -2e-05 -0.0 -7.4e-05 3.1e-05 0.0 7.9e-05 0.0 10.592797 -0.254773 3.786015 10.592787 0.254987 -3.785956 -89.776634 -69.738167 89.979286 20.234638 -3e-06 -1e-06 0.010686 -0.0 0.0 0.000704 0.001974 9.712303 25.642761 -18.917786 54.214165 -29.88636 -10.372678 24.530539 0.0 -0.0 0.0 0.0 -0.0 0.0 1.560195 0.375098 -1.406302 -1.574694 -0.339407 -8.296517 0.0 -0.0 0.0 -2.345381 -3.741133 -2.252148 0.0 -0.0 0.0 -8.680352 -3.883042 -3.13835 8.888373 3.355701 -6.015839 0.0 -0.0 0.0 -0.789304 -7.285017 -3.385952 0.0 -0.0 0.0 -12.266362 -6.770043 -3.829185 12.748711 5.779631 -4.507649 0.0 -0.0 0.0 -0.002125 2.297532 1.077113 0.0 -0.0 0.0 -16.653231 -16.879332 -5.818032 18.858604 14.33904 0.985165 0.0 -0.0 0.0 1.68497 -4.635244 -1.805353 0.0 -0.0 0.0 90.181915 -69.738167 89.97924 20.234636 -4e-06 1e-06 0.010699 -0.0 0.0 0.000698 0.001975 9.712301 25.642763 -18.917789 54.214169 -29.886368 -10.372681 24.530539 0.0 -0.0 0.0 0.0 -0.0 0.0 1.562406 0.379639 -1.402784 -1.576997 -0.344016 -8.299985 0.0 -0.0 0.0 -2.344502 -3.741118 -2.25218 0.0 -0.0 0.0 -8.680535 -3.881308 -3.138472 8.888452 3.353951 -6.015964 0.0 -0.0 0.0 -0.789081 -7.285012 -3.385969 0.0 -0.0 0.0 -12.266361 -6.770046 -3.829185 12.748709 5.779632 -4.507646 0.0 -0.0 0.0 -0.001557 2.295775 1.076246 0.0 -0.0 0.0 -16.652988 -16.879618 -5.819845 18.85882 14.338744 0.986972 0.0 -0.0 0.0 1.684433 -4.633524 -1.803554 0.0 -0.0 0.0 -178.745667 -0.0 0.0 3.659674 -0.0 0.0 -73.798668 0.0 0.0 -4.726109 0.08116 0.023582 -0.997327 3.3e-05 1e-06 1.25456 -0.0 0.0 3.659674 -0.0 0.0 -73.798668 3e-06 0.0 -4.726109 0.081185 0.023581 -0.997327 6e-06 2e-06 
0.0 0.0 0.0 0.0 -0.0 0.0 0.0 100.87085 0.0 90.000328 0.190163 90.000328 -0.049287 1e-06 -3e-06 -5.927024 3e-06 -0.0 5.964053 5e-06 0.0 16.829426 1e-05 2e-06 1.052974 2.1e-05 -2e-06 -24.428869 4e-05 -2e-05 -0.0 -7.4e-05 3.1e-05 0.0 7.9e-05 0.0 10.592797 -0.254773 3.786015 10.592787 0.254987 -3.785956 -89.776634 -69.738167 89.979286 20.234638 -3e-06 -1e-06 0.010686 -0.0 0.0 0.000704 0.001974 9.712303 25.642761 -18.917786 54.214165 -29.88636 -10.372678 24.530539 0.0 -0.0 0.0 0.0 -0.0 0.0 1.560195 0.375098 -1.406302 -1.574694 -0.339407 -8.296517 0.0 -0.0 0.0 -2.345381 -3.741133 -2.252148 0.0 -0.0 0.0 -8.680352 -3.883042 -3.13835 8.888373 3.355701 -6.015839 0.0 -0.0 0.0 -0.789304 -7.285017 -3.385952 0.0 -0.0 0.0 -12.266362 -6.770043 -3.829185 12.748711 5.779631 -4.507649 0.0 -0.0 0.0 -0.002125 2.297532 1.077113 0.0 -0.0 0.0 -16.653231 -16.879332 -5.818032 18.858604 14.33904 0.985165 0.0 -0.0 0.0 1.68497 -4.635244 -1.805353 0.0 -0.0 0.0 90.181915 -69.738167 89.97924 20.234636 -4e-06 1e-06 0.010699 -0.0 0.0 0.000698 0.001975 9.712301 25.642763 -18.917789 54.214169 -29.886368 -10.372681 24.530539 0.0 -0.0 0.0 0.0 -0.0 0.0 1.562406 0.379639 -1.402784 -1.576997 -0.344016 -8.299985 0.0 -0.0 0.0 -2.344502 -3.741118 -2.25218 0.0 -0.0 0.0 -8.680535 -3.881308 -3.138472 8.888452 3.353951 -6.015964 0.0 -0.0 0.0 -0.789081 -7.285012 -3.385969 0.0 -0.0 0.0 -12.266361 -6.770046 -3.829185 12.748709 5.779632 -4.507646 0.0 -0.0 0.0 -0.001557 2.295775 1.076246 0.0 -0.0 0.0 -16.652988 -16.879618 -5.819845 18.85882 14.338744 0.986972 0.0 -0.0 0.0 1.684433 -4.633524 -1.803554 0.0 -0.0 0.0 -178.745667 -0.0 0.0 3.659674 -0.0 0.0 -73.798668 0.0 0.0 -4.726109 0.08116 0.023582 -0.997327 3.3e-05 1e-06 1.25456 -0.0 0.0 3.659674 -0.0 0.0 -73.798668 3e-06 0.0 -4.726109 0.081185 0.023581 -0.997327 6e-06 2e-06 
0.0 0.0 0.0 0.0 -0.0 0.0 0.0 100.87085 0.0 90.000328 0.190163 90.000328 -0.049287 1e-06 -3e-06 -5.927024 3e-06 -0.0 5.964053 5e-06 0.0 16.829426 1e-05 2e-06 1.052974 2.1e-05 -2e-06 -24.428869 4e-05 -2e-05 -0.0 -7.4e-05 3.1e-05 0.0 7.9e-05 0.0 10.592797 -0.254773 3.786015 10.592787 0.254987 -3.785956 -89.776634 -69.738167 89.979286 20.234638 -3e-06 -1e-06 0.010686 -0.0 0.0 0.000704 0.001974 9.712303 25.642761 -18.917786 54.214165 -29.88636 -10.372678 24.530539 0.0 -0.0 0.0 0.0 -0.0 0.0 1.560195 0.375098 -1.406302 -1.574694 -0.339407 -8.296517 0.0 -0.0 0.0 -2.345381 -3.741133 -2.252148 0.0 -0.0 0.0 -8.680352 -3.883042 -3.13835 8.888373 3.355701 -6.015839 0.0 -0.0 0.0 -0.789304 -7.285017 -3.385952 0.0 -0.0 0.0 -12.266362 -6.770043 -3.829185 12.748711 5.779631 -4.507649 0.0 -0.0 0.0 -0.002125 2.297532 1.077113 0.0 -0.0 0.0 -16.653231 -16.879332 -5.818032 18.858604 14.33904 0.985165 0.0 -0.0 0.0 1.68497 -4.635244 -1.805353 0.0 -0.0 0.0 90.181915 -69.738167 89.97924 20.234636 -4e-06 1e-06 0.010699 -0.0 0.0 0.000698 0.001975 9.712301 25.642763 -18.917789 54.214169 -29.886368 -10.372681 24.530539 0.0 -0.0 0.0 0.0 -0.0 0.0 1.562406 0.379639 -1.402784 -1.576997 -0.344016 -8.299985 0.0 -0.0 0.0 -2.344502 -3.741118 -2.25218 0.0 -0.0 0.0 -8.680535 -3.881308 -3.138472 8.888452 3.353951 -6.015964 0.0 -0.0 0.0 -0.789081 -7.285012 -3.385969 0.0 -0.0 0.0 -12.266361 -6.770046 -3.829185 12.748709 5.779632 -4.507646 0.0 -0.0 0.0 -0.001557 2.295775 1.076246 0.0 -0.0 0.0 -16.652988 -16.879618 -5.819845 18.85882 14.338744 0.986972 0.0 -0.0 0.0 1.684433 -4.633524 -1.803554 0.0 -0.0 0.0 -178.745667 -0.0 0.0 3.659674 -0.0 0.0 -73.798668 0.0 0.0 -4.726109 0.08116 0.023582 -0.997327 3.3e-05 1e-06 1.25456 -0.0 0.0 3.659674 -0.0 0.0 -73.798668 3e-06 0.0 -4.726109 0.081185 0.023581 -0.997327 6e-06 2e-06 
0.0 0.0 0.0 0.0 -0.0 0.0 0.0 100.87085 0.0 90.000328 0.190163 90.000328 -0.049287 1e-06 -3e-06 -5.927024 3e-06 -0.0 5.964053 5e-06 0.0 16.829426 1e-05 2e-06 1.052974 2.1e-05 -2e-06 -24.428869 4e-05 -2e-05 -0.0 -7.4e-05 3.1e-05 0.0 7.9e-05 0.0 10.592797 -0.254773 3.786015 10.592787 0.254987 -3.785956 -89.776634 -69.738167 89.979286 20.234638 -3e-06 -1e-06 0.010686 -0.0 0.0 0.000704 0.001974 9.712303 25.642761 -18.917786 54.214165 -29.88636 -10.372678 24.530539 0.0 -0.0 0.0 0.0 -0.0 0.0 1.560195 0.375098 -1.406302 -1.574694 -0.339407 -8.296517 0.0 -0.0 0.0 -2.345381 -3.741133 -2.252148 0.0 -0.0 0.0 -8.680352 -3.883042 -3.13835 8.888373 3.355701 -6.015839 0.0 -0.0 0.0 -0.789304 -7.285017 -3.385952 0.0 -0.0 0.0 -12.266362 -6.770043 -3.829185 12.748711 5.779631 -4.507649 0.0 -0.0 0.0 -0.002125 2.297532 1.077113 0.0 -0.0 0.0 -16.653231 -16.879332 -5.818032 18.858604 14.33904 0.985165 0.0 -0.0 0.0 1.68497 -4.635244 -1.805353 0.0 -0.0 0.0 90.181915 -69.738167 89.97924 20.234636 -4e-06 1e-06 0.010699 -0.0 0.0 0.000698 0.001975 9.712301 25.642763 -18.917789 54.214169 -29.886368 -10.372681 24.530539 0.0 -0.0 0.0 0.0 -0.0 0.0 1.562406 0.379639 -1.402784 -1.576997 -0.344016 -8.299985 0.0 -0.0 0.0 -2.344502 -3.741118 -2.25218 0.0 -0.0 0.0 -8.680535 -3.881308 -3.138472 8.888452 3.353951 -6.015964 0.0 -0.0 0.0 -0.789081 -7.285012 -3.385969 0.0 -0.0 0.0 -12.266361 -6.770046 -3.829185 12.748709 5.779632 -4.507646 0.0 -0.0 0.0 -0.001557 2.295775 1.076246 0.0 -0.0 0.0 -16.652988 -16.879618 -5.819845 18.85882 14.338744 0.986972 0.0 -0.0 0.0 1.684433 -4.633524 -1.803554 0.0 -0.0 0.0 -178.745667 -0.0 0.0 3.659674 -0.0 0.0 -73.798668 0.0 0.0 -4.726109 0.08116 0.023582 -0.997327 3.3e-05 1e-06 1.25456 -0.0 0.0 3.659674 -0.0 0.0 -73.798668 3e-06 0.0 -4.726109 0.081185 0.023581 -0.997327 6e-06 2e-06 
0.0 0.0 0.0 0.0 -0.0 0.0 0.0 100.87085 0.0 90.000328 0.190163 90.000328 -0.049287 1e-06 -3e-06 -5.927024 3e-06 -0.0 5.964053 5e-06 0.0 16.829426 1e-05 2e-06 1.052974 2.1e-05 -2e-06 -24.428869 4e-05 -2e-05 -0.0 -7.4e-05 3.1e-05 0.0 7.9e-05 0.0 10.592797 -0.254773 3.786015 10.592787 0.254987 -3.785956 -89.776634 -69.738167 89.979286 20.234638 -3e-06 -1e-06 0.010686 -0.0 0.0 0.000704 0.001974 9.712303 25.642761 -18.917786 54.214165 -29.88636 -10.372678 24.530539 0.0 -0.0 0.0 0.0 -0.0 0.0 1.560195 0.375098 -1.406302 -1.574694 -0.339407 -8.296517 0.0 -0.0 0.0 -2.345381 -3.741133 -2.252148 0.0 -0.0 0.0 -8.680352 -3.883042 -3.13835 8.888373 3.355701 -6.015839 0.0 -0.0 0.0 -0.789304 -7.285017 -3.385952 0.0 -0.0 0.0 -12.266362 -6.770043 -3.829185 12.748711 5.779631 -4.507649 0.0 -0.0 0.0 -0.002125 2.297532 1.077113 0.0 -0.0 0.0 -16.653231 -16.879332 -5.818032 18.858604 14.33904 0.985165 0.0 -0.0 0.0 1.68497 -4.635244 -1.805353 0.0 -0.0 0.0 90.181915 -69.738167 89.97924 20.234636 -4e-06 1e-06 0.010699 -0.0 0.0 0.000698 0.001975 9.712301 25.642763 -18.917789 54.214169 -29.886368 -10.372681 24.530539 0.0 -0.0 0.0 0.0 -0.0 0.0 1.562406 0.379639 -1.402784 -1.576997 -0.344016 -8.299985 0.0 -0.0 0.0 -2.344502 -3.741118 -2.25218 0.0 -0.0 0.0 -8.680535 -3.881308 -3.138472 8.888452 3.353951 -6.015964 0.0 -0.0 0.0 -0.789081 -7.285012 -3.385969 0.0 -0.0 0.0 -12.266361 -6.770046 -3.829185 12.748709 5.779632 -4.507646 0.0 -0.0 0.0 -0.001557 2.295775 1.076246 0.0 -0.0 0.0 -16.652988 -16.879618 -5.819845 18.85882 14.338744 0.986972 0.0 -0.0 0.0 1.684433 -4.633524 -1.803554 0.0 -0.0 0.0 -178.745667 -0.0 0.0 3.659674 -0.0 0.0 -73.798668 0.0 0.0 -4.726109 0.08116 0.023582 -0.997327 3.3e-05 1e-06 1.25456 -0.0 0.0 3.659674 -0.0 0.0 -73.798668 3e-06 0.0 -4.726109 0.081185 0.023581 -0.997327 6e-06 2e-06 
0.0 0.0 0.0 0.0 -0.0 0.0 0.0 100.87085 0.0 90.000328 0.190163 90.000328 -0.049287 1e-06 -3e-06 -5.927024 3e-06 -0.0 5.964053 5e-06 0.0 16.829426 1e-05 2e-06 1.052974 2.1e-05 -2e-06 -24.428869 4e-05 -2e-05 -0.0 -7.4e-05 3.1e-05 0.0 7.9e-05 0.0 10.592797 -0.254773 3.786015 10.592787 0.254987 -3.785956 -89.776634 -69.738167 89.979286 20.234638 -3e-06 -1e-06 0.010686 -0.0 0.0 0.000704 0.001974 9.712303 25.642761 -18.917786 54.214165 -29.88636 -10.372678 24.530539 0.0 -0.0 0.0 0.0 -0.0 0.0 1.560195 0.375098 -1.406302 -1.574694 -0.339407 -8.296517 0.0 -0.0 0.0 -2.345381 -3.741133 -2.252148 0.0 -0.0 0.0 -8.680352 -3.883042 -3.13835 8.888373 3.355701 -6.015839 0.0 -0.0 0.0 -0.789304 -7.285017 -3.385952 0.0 -0.0 0.0 -12.266362 -6.770043 -3.829185 12.748711 5.779631 -4.507649 0.0 -0.0 0.0 -0.002125 2.297532 1.077113 0.0 -0.0 0.0 -16.653231 -16.879332 -5.818032 18.858604 14.33904 0.985165 0.0 -0.0 0.0 1.68497 -4.635244 -1.805353 0.0 -0.0 0.0 90.181915 -69.738167 89.97924 20.234636 -4e-06 1e-06 0.010699 -0.0 0.0 0.000698 0.001975 9.712301 25.642763 -18.917789 54.214169 -29.886368 -10.372681 24.530539 0.0 -0.0 0.0 0.0 -0.0 0.0 1.562406 0.379639 -1.402784 -1.576997 -0.344016 -8.299985 0.0 -0.0 0.0 -2.344502 -3.741118 -2.25218 0.0 -0.0 0.0 -8.680535 -3.881308 -3.138472 8.888452 3.353951 -6.015964 0.0 -0.0 0.0 -0.789081 -7.285012 -3.385969 0.0 -0.0 0.0 -12.266361 -6.770046 -3.829185 12.748709 5.779632 -4.507646 0.0 -0.0 0.0 -0.001557 2.295775 1.076246 0.0 -0.0 0.0 -16.652988 -16.879618 -5.819845 18.85882 14.338744 0.986972 0.0 -0.0 0.0 1.684433 -4.633524 -1.803554 0.0 -0.0 0.0 -178.745667 -0.0 0.0 3.659674 -0.0 0.0 -73.798668 0.0 0.0 -4.726109 0.08116 0.023582 -0.997327 3.3e-05 1e-06 1.25456 -0.0 0.0 3.659674 -0.0 0.0 -73.798668 3e-06 0.0 -4.726109 0.081185 0.023581 -0.997327 6e-06 2e-06 
0.0 0.0 0.0 0.0 -0.0 0.0 0.0 100.87085 0.0 90.000328 0.190163 90.000328 -0.049287 1e-06 -3e-06 -5.927024 3e-06 -0.0 5.964053 5e-06 0.0 16.829426 1e-05 2e-06 1.052974 2.1e-05 -2e-06 -24.428869 4e-05 -2e-05 -0.0 -7.4e-05 3.1e-05 0.0 7.9e-05 0.0 10.592797 -0.254773 3.786015 10.592787 0.254987 -3.785956 -89.776634 -69.738167 89.979286 20.234638 -3e-06 -1e-06 0.010686 -0.0 0.0 0.000704 0.001974 9.712303 25.642761 -18.917786 54.214165 -29.88636 -10.372678 24.530539 0.0 -0.0 0.0 0.0 -0.0 0.0 1.560195 0.375098 -1.406302 -1.574694 -0.339407 -8.296517 0.0 -0.0 0.0 -2.345381 -3.741133 -2.252148 0.0 -0.0 0.0 -8.680352 -3.883042 -3.13835 8.888373 3.355701 -6.015839 0.0 -0.0 0.0 -0.789304 -7.285017 -3.385952 0.0 -0.0 0.0 -12.266362 -6.770043 -3.829185 12.748711 5.779631 -4.507649 0.0 -0.0 0.0 -0.002125 2.297532 1.077113 0.0 -0.0 0.0 -16.653231 -16.879332 -5.818032 18.858604 14.33904 0.985165 0.0 -0.0 0.0 1.68497 -4.635244 -1.805353 0.0 -0.0 0.0 90.181915 -69.738167 89.97924 20.234636 -4e-06 1e-06 0.010699 -0.0 0.0 0.000698 0.001975 9.712301 25.642763 -18.917789 54.214169 -29.886368 -10.372681 24.530539 0.0 -0.0 0.0 0.0 -0.0 0.0 1.562406 0.379639 -1.402784 -1.576997 -0.344016 -8.299985 0.0 -0.0 0.0 -2.344502 -3.741118 -2.25218 0.0 -0.0 0.0 -8.680535 -3.881308 -3.138472 8.888452 3.353951 -6.015964 0.0 -0.0 0.0 -0.789081 -7.285012 -3.385969 0.0 -0.0 0.0 -12.266361 -6.770046 -3.829185 12.748709 5.779632 -4.507646 0.0 -0.0 0.0 -0.001557 2.295775 1.076246 0.0 -0.0 0.0 -16.652988 -16.879618 -5.819845 18.85882 14.338744 0.986972 0.0 -0.0 0.0 1.684433 -4.633524 -1.803554 0.0 -0.0 0.0 -178.745667 -0.0 0.0 3.659674 -0.0 0.0 -73.798668 0.0 0.0 -4.726109 0.08116 0.023582 -0.997327 3.3e-05 1e-06 1.25456 -0.0 0.0 3.659674 -0.0 0.0 -73.798668 3e-06 0.0 -4.726109 0.081185 0.023581 -0.997327 6e-06 2e-06 
0.0 0.0 0.0 0.0 -0.0 0.0 0.0 100.87085 0.0 90.000328 0.190163 90.000328 -0.049287 1e-06 -3e-06 -5.927024 3e-06 -0.0 5.964053 5e-06 0.0 16.829426 1e-05 2e-06 1.052974 2.1e-05 -2e-06 -24.428869 4e-05 -2e-05 -0.0 -7.4e-05 3.1e-05 0.0 7.9e-05 0.0 10.592797 -0.254773 3.786015 10.592787 0.254987 -3.785956 -89.776634 -69.738167 89.979286 20.234638 -3e-06 -1e-06 0.010686 -0.0 0.0 0.000704 0.001974 9.712303 25.642761 -18.917786 54.214165 -29.88636 -10.372678 24.530539 0.0 -0.0 0.0 0.0 -0.0 0.0 1.560195 0.375098 -1.406302 -1.574694 -0.339407 -8.296517 0.0 -0.0 0.0 -2.345381 -3.741133 -2.252148 0.0 -0.0 0.0 -8.680352 -3.883042 -3.13835 8.888373 3.355701 -6.015839 0.0 -0.0 0.0 -0.789304 -7.285017 -3.385952 0.0 -0.0 0.0 -12.266362 -6.770043 -3.829185 12.748711 5.779631 -4.507649 0.0 -0.0 0.0 -0.002125 2.297532 1.077113 0.0 -0.0 0.0 -16.653231 -16.879332 -5.818032 18.858604 14.33904 0.985165 0.0 -0.0 0.0 1.68497 -4.635244 -1.805353 0.0 -0.0 0.0 90.181915 -69.738167 89.97924 20.234636 -4e-06 1e-06 0.010699 -0.0 0.0 0.000698 0.001975 9.712301 25.642763 -18.917789 54.214169 -29.886368 -10.372681 24.530539 0.0 -0.0 0.0 0.0 -0.0 0.0 1.562406 0.379639 -1.402784 -1.576997 -0.344016 -8.299985 0.0 -0.0 0.0 -2.344502 -3.741118 -2.25218 0.0 -0.0 0.0 -8.680535 -3.881308 -3.138472 8.888452 3.353951 -6.015964 0.0 -0.0 0.0 -0.789081 -7.285012 -3.385969 0.0 -0.0 0.0 -12.266361 -6.770046 -3.829185 12.748709 5.779632 -4.507646 0.0 -0.0 0.0 -0.001557 2.295775 1.076246 0.0 -0.0 0.0 -16.652988 -16.879618 -5.819845 18.85882 14.338744 0.986972 0.0 -0.0 0.0 1.684433 -4.633524 -1.803554 0.0 -0.0 0.0 -178.745667 -0.0 0.0 3.659674 -0.0 0.0 -73.798668 0.0 0.0 -4.726109 0.08116 0.023582 -0.997327 3.3e-05 1e-06 1.25456 -0.0 0.0 3.659674 -0.0 0.0 -73.798668 3e-06 0.0 -4.726109 0.081185 0.023581 -0.997327 6e-06 2e-06 
0.0 0.0 0.0 0.0 -0.0 0.0 0.0 100.87085 0.0 90.000328 0.190163 90.000328 -0.049287 1e-06 -3e-06 -5.927024 3e-06 -0.0 5.964053 5e-06 0.0 16.829426 1e-05 2e-06 1.052974 2.1e-05 -2e-06 -24.428869 4e-05 -2e-05 -0.0 -7.4e-05 3.1e-05 0.0 7.9e-05 0.0 10.592797 -0.254773 3.786015 10.592787 0.254987 -3.785956 -89.776634 -69.738167 89.979286 20.234638 -3e-06 -1e-06 0.010686 -0.0 0.0 0.000704 0.001974 9.712303 25.642761 -18.917786 54.214165 -29.88636 -10.372678 24.530539 0.0 -0.0 0.0 0.0 -0.0 0.0 1.560195 0.375098 -1.406302 -1.574694 -0.339407 -8.296517 0.0 -0.0 0.0 -2.345381 -3.741133 -2.252148 0.0 -0.0 0.0 -8.680352 -3.883042 -3.13835 8.888373 3.355701 -6.015839 0.0 -0.0 0.0 -0.789304 -7.285017 -3.385952 0.0 -0.0 0.0 -12.266362 -6.770043 -3.829185 12.748711 5.779631 -4.507649 0.0 -0.0 0.0 -0.002125 2.297532 1.077113 0.0 -0.0 0.0 -16.653231 -16.879332 -5.818032 18.858604 14.33904 0.985165 0.0 -0.0 0.0 1.68497 -4.635244 -1.805353 0.0 -0.0 0.0 90.181915 -69.738167 89.97924 20.234636 -4e-06 1e-06 0.010699 -0.0 0.0 0.000698 0.001975 9.712301 25.642763 -18.917789 54.214169 -29.886368 -10.372681 24.530539 0.0 -0.0 0.0 0.0 -0.0 0.0 1.562406 0.379639 -1.402784 -1.576997 -0.344016 -8.299985 0.0 -0.0 0.0 -2.344502 -3.741118 -2.25218 0.0 -0.0 0.0 -8.680535 -3.881308 -3.138472 8.888452 3.353951 -6.015964 0.0 -0.0 0.0 -0.789081 -7.285012 -3.385969 0.0 -0.0 0.0 -12.266361 -6.770046 -3.829185 12.748709 5.779632 -4.507646 0.0 -0.0 0.0 -0.001557 2.295775 1.076246 0.0 -0.0 0.0 -16.652988 -16.879618 -5.819845 18.85882 14.338744 0.986972 0.0 -0.0 0.0 1.684433 -4.633524 -1.803554 0.0 -0.0 0.0 -178.745667 -0.0 0.0 3.659674 -0.0 0.0 -73.798668 0.0 0.0 -4.726109 0.08116 0.023582 -0.997327 3.3e-05 1e-06 1.25456 -0.0 0.0 3.659674 -0.0 0.0 -73.798668 3e-06 0.0 -4.726109 0.081185 0.023581 -0.997327 6e-06 2e-06 
0.0 0.0 0.0 0.0 -0.0 0.0 0.0 100.87085 0.0 90.000328 0.190163 90.000328 -0.049287 1e-06 -3e-06 -5.927024 3e-06 -0.0 5.964053 5e-06 0.0 16.829426 1e-05 2e-06 1.052974 2.1e-05 -2e-06 -24.428869 4e-05 -2e-05 -0.0 -7.4e-05 3.1e-05 0.0 7.9e-05 0.0 10.592797 -0.254773 3.786015 10.592787 0.254987 -3.785956 -89.776634 -69.738167 89.979286 20.234638 -3e-06 -1e-06 0.010686 -0.0 0.0 0.000704 0.001974 9.712303 25.642761 -18.917786 54.214165 -29.88636 -10.372678 24.530539 0.0 -0.0 0.0 0.0 -0.0 0.0 1.560195 0.375098 -1.406302 -1.574694 -0.339407 -8.296517 0.0 -0.0 0.0 -2.345381 -3.741133 -2.252148 0.0 -0.0 0.0 -8.680352 -3.883042 -3.13835 8.888373 3.355701 -6.015839 0.0 -0.0 0.0 -0.789304 -7.285017 -3.385952 0.0 -0.0 0.0 -12.266362 -6.770043 -3.829185 12.748711 5.779631 -4.507649 0.0 -0.0 0.0 -0.002125 2.297532 1.077113 0.0 -0.0 0.0 -16.653231 -16.879332 -5.818032 18.858604 14.33904 0.985165 0.0 -0.0 0.0 1.68497 -4.635244 -1.805353 0.0 -0.0 0.0 90.181915 -69.738167 89.97924 20.234636 -4e-06 1e-06 0.010699 -0.0 0.0 0.000698 0.001975 9.712301 25.642763 -18.917789 54.214169 -29.886368 -10.372681 24.530539 0.0 -0.0 0.0 0.0 -0.0 0.0 1.562406 0.379639 -1.402784 -1.576997 -0.344016 -8.299985 0.0 -0.0 0.0 -2.344502 -3.741118 -2.25218 0.0 -0.0 0.0 -8.680535 -3.881308 -3.138472 8.888452 3.353951 -6.015964 0.0 -0.0 0.0 -0.789081 -7.285012 -3.385969 0.0 -0.0 0.0 -12.266361 -6.770046 -3.829185 12.748709 5.779632 -4.507646 0.0 -0.0 0.0 -0.001557 2.295775 1.076246 0.0 -0.0 0.0 -16.652988 -16.879618 -5.819845 18.85882 14.338744 0.986972 0.0 -0.0 0.0 1.684433 -4.633524 -1.803554 0.0 -0.0 0.0 -178.745667 -0.0 0.0 3.659674 -0.0 0.0 -73.798668 0.0 0.0 -4.726109 0.08116 0.023582 -0.997327 3.3e-05 1e-06 1.25456 -0.0 0.0 3.659674 -0.0 0.0 -73.798668 3e-06 0.0 -4.726109 0.081185 0.023581 -0.997327 6e-06 2e-06 
0.0 0.0 0.0 0.0 -0.0 0.0 0.0 100.87085 0.0 90.000328 0.190163 90.000328 -0.049287 1e-06 -3e-06 -5.927024 3e-06 -0.0 5.964053 5e-06 0.0 16.829426 1e-05 2e-06 1.052974 2.1e-05 -2e-06 -24.428869 4e-05 -2e-05 -0.0 -7.4e-05 3.1e-05 0.0 7.9e-05 0.0 10.592797 -0.254773 3.786015 10.592787 0.254987 -3.785956 -89.776634 -69.738167 89.979286 20.234638 -3e-06 -1e-06 0.010686 -0.0 0.0 0.000704 0.001974 9.712303 25.642761 -18.917786 54.214165 -29.88636 -10.372678 24.530539 0.0 -0.0 0.0 0.0 -0.0 0.0 1.560195 0.375098 -1.406302 -1.574694 -0.339407 -8.296517 0.0 -0.0 0.0 -2.345381 -3.741133 -2.252148 0.0 -0.0 0.0 -8.680352 -3.883042 -3.13835 8.888373 3.355701 -6.015839 0.0 -0.0 0.0 -0.789304 -7.285017 -3.385952 0.0 -0.0 0.0 -12.266362 -6.770043 -3.829185 12.748711 5.779631 -4.507649 0.0 -0.0 0.0 -0.002125 2.297532 1.077113 0.0 -0.0 0.0 -16.653231 -16.879332 -5.818032 18.858604 14.33904 0.985165 0.0 -0.0 0.0 1.68497 -4.635244 -1.805353 0.0 -0.0 0.0 90.181915 -69.738167 89.97924 20.234636 -4e-06 1e-06 0.010699 -0.0 0.0 0.000698 0.001975 9.712301 25.642763 -18.917789 54.214169 -29.886368 -10.372681 24.530539 0.0 -0.0 0.0 0.0 -0.0 0.0 1.562406 0.379639 -1.402784 -1.576997 -0.344016 -8.299985 0.0 -0.0 0.0 -2.344502 -3.741118 -2.25218 0.0 -0.0 0.0 -8.680535 -3.881308 -3.138472 8.888452 3.353951 -6.015964 0.0 -0.0 0.0 -0.789081 -7.285012 -3.385969 0.0 -0.0 0.0 -12.266361 -6.770046 -3.829185 12.748709 5.779632 -4.507646 0.0 -0.0 0.0 -0.001557 2.295775 1.076246 0.0 -0.0 0.0 -16.652988 -16.879618 -5.819845 18.85882 14.338744 0.986972 0.0 -0.0 0.0 1.684433 -4.633524 -1.803554 0.0 -0.0 0.0 -178.745667 -0.0 0.0 3.659674 -0.0 0.0 -73.798668 0.0 0.0 -4.726109 0.08116 0.023582 -0.997327 3.3e-05 1e-06 1.25456 -0.0 0.0 3.659674 -0.0 0.0 -73.798668 3e-06 0.0 -4.726109 0.081185 0.023581 -0.997327 6e-06 2e-06 
0.0 0.0 0.0 0.0 -0.0 0.0 0.0 100.87085 0.0 90.000328 0.190163 90.000328 -0.049287 1e-06 -3e-06 -5.927024 3e-06 -0.0 5.964053 5e-06 0.0 16.829426 1e-05 2e-06 1.052974 2.1e-05 -2e-06 -24.428869 4e-05 -2e-05 -0.0 -7.4e-05 3.1e-05 0.0 7.9e-05 0.0 10.592797 -0.254773 3.786015 10.592787 0.254987 -3.785956 -89.776634 -69.738167 89.979286 20.234638 -3e-06 -1e-06 0.010686 -0.0 0.0 0.000704 0.001974 9.712303 25.642761 -18.917786 54.214165 -29.88636 -10.372678 24.530539 0.0 -0.0 0.0 0.0 -0.0 0.0 1.560195 0.375098 -1.406302 -1.574694 -0.339407 -8.296517 0.0 -0.0 0.0 -2.345381 -3.741133 -2.252148 0.0 -0.0 0.0 -8.680352 -3.883042 -3.13835 8.888373 3.355701 -6.015839 0.0 -0.0 0.0 -0.789304 -7.285017 -3.385952 0.0 -0.0 0.0 -12.266362 -6.770043 -3.829185 12.748711 5.779631 -4.507649 0.0 -0.0 0.0 -0.002125 2.297532 1.077113 0.0 -0.0 0.0 -16.653231 -16.879332 -5.818032 18.858604 14.33904 0.985165 0.0 -0.0 0.0 1.68497 -4.635244 -1.805353 0.0 -0.0 0.0 90.181915 -69.738167 89.97924 20.234636 -4e-06 1e-06 0.010699 -0.0 0.0 0.000698 0.001975 9.712301 25.642763 -18.917789 54.214169 -29.886368 -10.372681 24.530539 0.0 -0.0 0.0 0.0 -0.0 0.0 1.562406 0.379639 -1.402784 -1.576997 -0.344016 -8.299985 0.0 -0.0 0.0 -2.344502 -3.741118 -2.25218 0.0 -0.0 0.0 -8.680535 -3.881308 -3.138472 8.888452 3.353951 -6.015964 0.0 -0.0 0.0 -0.789081 -7.285012 -3.385969 0.0 -0.0 0.0 -12.266361 -6.770046 -3.829185 12.748709 5.779632 -4.507646 0.0 -0.0 0.0 -0.001557 2.295775 1.076246 0.0 -0.0 0.0 -16.652988 -16.879618 -5.819845 18.85882 14.338744 0.986972 0.0 -0.0 0.0 1.684433 -4.633524 -1.803554 0.0 -0.0 0.0 -178.745667 -0.0 0.0 3.659674 -0.0 0.0 -73.798668 0.0 0.0 -4.726109 0.08116 0.023582 -0.997327 3.3e-05 1e-06 1.25456 -0.0 0.0 3.659674 -0.0 0.0 -73.798668 3e-06 0.0 -4.726109 0.081185 0.023581 -0.997327 6e-06 2e-06 
0.0 0.0 0.0 0.0 -0.0 0.0 0.0 100.87085 0.0 90.000328 0.190163 90.000328 -0.049287 1e-06 -3e-06 -5.927024 3e-06 -0.0 5.964053 5e-06 0.0 16.829426 1e-05 2e-06 1.052974 2.1e-05 -2e-06 -24.428869 4e-05 -2e-05 -0.0 -7.4e-05 3.1e-05 0.0 7.9e-05 0.0 10.592797 -0.254773 3.786015 10.592787 0.254987 -3.785956 -89.776634 -69.738167 89.979286 20.234638 -3e-06 -1e-06 0.010686 -0.0 0.0 0.000704 0.001974 9.712303 25.642761 -18.917786 54.214165 -29.88636 -10.372678 24.530539 0.0 -0.0 0.0 0.0 -0.0 0.0 1.560195 0.375098 -1.406302 -1.574694 -0.339407 -8.296517 0.0 -0.0 0.0 -2.345381 -3.741133 -2.252148 0.0 -0.0 0.0 -8.680352 -3.883042 -3.13835 8.888373 3.355701 -6.015839 0.0 -0.0 0.0 -0.789304 -7.285017 -3.385952 0.0 -0.0 0.0 -12.266362 -6.770043 -3.829185 12.748711 5.779631 -4.507649 0.0 -0.0 0.0 -0.002125 2.297532 1.077113 0.0 -0.0 0.0 -16.653231 -16.879332 -5.818032 18.858604 14.33904 0.985165 0.0 -0.0 0.0 1.68497 -4.635244 -1.805353 0.0 -0.0 0.0 90.181915 -69.738167 89.97924 20.234636 -4e-06 1e-06 0.010699 -0.0 0.0 0.000698 0.001975 9.712301 25.642763 -18.917789 54.214169 -29.886368 -10.372681 24.530539 0.0 -0.0 0.0 0.0 -0.0 0.0 1.562406 0.379639 -1.402784 -1.576997 -0.344016 -8.299985 0.0 -0.0 0.0 -2.344502 -3.741118 -2.25218 0.0 -0.0 0.0 -8.680535 -3.881308 -3.138472 8.888452 3.353951 -6.015964 0.0 -0.0 0.0 -0.789081 -7.285012 -3.385969 0.0 -0.0 0.0 -12.266361 -6.770046 -3.829185 12.748709 5.779632 -4.507646 0.0 -0.0 0.0 -0.001557 2.295775 1.076246 0.0 -0.0 0.0 -16.652988 -16.879618 -5.819845 18.85882 14.338744 0.986972 0.0 -0.0 0.0 1.684433 -4.633524 -1.803554 0.0 -0.0 0.0 -178.745667 -0.0 0.0 3.659674 -0.0 0.0 -73.798668 0.0 0.0 -4.726109 0.08116 0.023582 -0.997327 3.3e-05 1e-06 1.25456 -0.0 0.0 3.659674 -0.0 0.0 -73.798668 3e-06 0.0 -4.726109 0.081185 0.023581 -0.997327 6e-06 2e-06 
0.0 0.0 0.0 0.0 -0.0 0.0 0.0 100.87085 0.0 90.000328 0.190163 90.000328 -0.049287 1e-06 -3e-06 -5.927024 3e-06 -0.0 5.964053 5e-06 0.0 16.829426 1e-05 2e-06 1.052974 2.1e-05 -2e-06 -24.428869 4e-05 -2e-05 -0.0 -7.4e-05 3.1e-05 0.0 7.9e-05 0.0 10.592797 -0.254773 3.786015 10.592787 0.254987 -3.785956 -89.776634 -69.738167 89.979286 20.234638 -3e-06 -1e-06 0.010686 -0.0 0.0 0.000704 0.001974 9.712303 25.642761 -18.917786 54.214165 -29.88636 -10.372678 24.530539 0.0 -0.0 0.0 0.0 -0.0 0.0 1.560195 0.375098 -1.406302 -1.574694 -0.339407 -8.296517 0.0 -0.0 0.0 -2.345381 -3.741133 -2.252148 0.0 -0.0 0.0 -8.680352 -3.883042 -3.13835 8.888373 3.355701 -6.015839 0.0 -0.0 0.0 -0.789304 -7.285017 -3.385952 0.0 -0.0 0.0 -12.266362 -6.770043 -3.829185 12.748711 5.779631 -4.507649 0.0 -0.0 0.0 -0.002125 2.297532 1.077113 0.0 -0.0 0.0 -16.653231 -16.879332 -5.818032 18.858604 14.33904 0.985165 0.0 -0.0 0.0 1.68497 -4.635244 -1.805353 0.0 -0.0 0.0 90.181915 -69.738167 89.97924 20.234636 -4e-06 1e-06 0.010699 -0.0 0.0 0.000698 0.001975 9.712301 25.642763 -18.917789 54.214169 -29.886368 -10.372681 24.530539 0.0 -0.0 0.0 0.0 -0.0 0.0 1.562406 0.379639 -1.402784 -1.576997 -0.344016 -8.299985 0.0 -0.0 0.0 -2.344502 -3.741118 -2.25218 0.0 -0.0 0.0 -8.680535 -3.881308 -3.138472 8.888452 3.353951 -6.015964 0.0 -0.0 0.0 -0.789081 -7.285012 -3.385969 0.0 -0.0 0.0 -12.266361 -6.770046 -3.829185 12.748709 5.779632 -4.507646 0.0 -0.0 0.0 -0.001557 2.295775 1.076246 0.0 -0.0 0.0 -16.652988 -16.879618 -5.819845 18.85882 14.338744 0.986972 0.0 -0.0 0.0 1.684433 -4.633524 -1.803554 0.0 -0.0 0.0 -178.745667 -0.0 0.0 3.659674 -0.0 0.0 -73.798668 0.0 0.0 -4.726109 0.08116 0.023582 -0.997327 3.3e-05 1e-06 1.25456 -0.0 0.0 3.659674 -0.0 0.0 -73.798668 3e-06 0.0 -4.726109 0.081185 0.023581 -0.997327 6e-06 2e-06 
0.0 0.0 0.0 0.0 -0.0 0.0 0.0 100.87085 0.0 90.000328 0.190163 90.000328 -0.049287 1e-06 -3e-06 -5.927024 3e-06 -0.0 5.964053 5e-06 0.0 16.829426 1e-05 2e-06 1.052974 2.1e-05 -2e-06 -24.428869 4e-05 -2e-05 -0.0 -7.4e-05 3.1e-05 0.0 7.9e-05 0.0 10.592797 -0.254773 3.786015 10.592787 0.254987 -3.785956 -89.776634 -69.738167 89.979286 20.234638 -3e-06 -1e-06 0.010686 -0.0 0.0 0.000704 0.001974 9.712303 25.642761 -18.917786 54.214165 -29.88636 -10.372678 24.530539 0.0 -0.0 0.0 0.0 -0.0 0.0 1.560195 0.375098 -1.406302 -1.574694 -0.339407 -8.296517 0.0 -0.0 0.0 -2.345381 -3.741133 -2.252148 0.0 -0.0 0.0 -8.680352 -3.883042 -3.13835 8.888373 3.355701 -6.015839 0.0 -0.0 0.0 -0.789304 -7.285017 -3.385952 0.0 -0.0 0.0 -12.266362 -6.770043 -3.829185 12.748711 5.779631 -4.507649 0.0 -0.0 0.0 -0.002125 2.297532 1.077113 0.0 -0.0 0.0 -16.653231 -16.879332 -5.818032 18.858604 14.33904 0.985165 0.0 -0.0 0.0 1.68497 -4.635244 -1.805353 0.0 -0.0 0.0 90.181915 -69.738167 89.97924 20.234636 -4e-06 1e-06 0.010699 -0.0 0.0 0.000698 0.001975 9.712301 25.642763 -18.917789 54.214169 -29.886368 -10.372681 24.530539 0.0 -0.0 0.0 0.0 -0.0 0.0 1.562406 0.379639 -1.402784 -1.576997 -0.344016 -8.299985 0.0 -0.0 0.0 -2.344502 -3.741118 -2.25218 0.0 -0.0 0.0 -8.680535 -3.881308 -3.138472 8.888452 3.353951 -6.015964 0.0 -0.0 0.0 -0.789081 -7.285012 -3.385969 0.0 -0.0 0.0 -12.266361 -6.770046 -3.829185 12.748709 5.779632 -4.507646 0.0 -0.0 0.0 -0.001557 2.295775 1.076246 0.0 -0.0 0.0 -16.652988 -16.879618 -5.819845 18.85882 14.338744 0.986972 0.0 -0.0 0.0 1.684433 -4.633524 -1.803554 0.0 -0.0 0.0 -178.745667 -0.0 0.0 3.659674 -0.0 0.0 -73.798668 0.0 0.0 -4.726109 0.08116 0.023582 -0.997327 3.3e-05 1e-06 1.25456 -0.0 0.0 3.659674 -0.0 0.0 -73.798668 3e-06 0.0 -4.726109 0.081185 0.023581 -0.997327 6e-06 2e-06 
0.0 0.0 0.0 0.0 -0.0 0.0 0.0 100.87085 0.0 90.000328 0.190163 90.000328 -0.049287 1e-06 -3e-06 -5.927024 3e-06 -0.0 5.964053 5e-06 0.0 16.829426 1e-05 2e-06 1.052974 2.1e-05 -2e-06 -24.428869 4e-05 -2e-05 -0.0 -7.4e-05 3.1e-05 0.0 7.9e-05 0.0 10.592797 -0.254773 3.786015 10.592787 0.254987 -3.785956 -89.776634 -69.738167 89.979286 20.234638 -3e-06 -1e-06 0.010686 -0.0 0.0 0.000704 0.001974 9.712303 25.642761 -18.917786 54.214165 -29.88636 -10.372678 24.530539 0.0 -0.0 0.0 0.0 -0.0 0.0 1.560195 0.375098 -1.406302 -1.574694 -0.339407 -8.296517 0.0 -0.0 0.0 -2.345381 -3.741133 -2.252148 0.0 -0.0 0.0 -8.680352 -3.883042 -3.13835 8.888373 3.355701 -6.015839 0.0 -0.0 0.0 -0.789304 -7.285017 -3.385952 0.0 -0.0 0.0 -12.266362 -6.770043 -3.829185 12.748711 5.779631 -4.507649 0.0 -0.0 0.0 -0.002125 2.297532 1.077113 0.0 -0.0 0.0 -16.653231 -16.879332 -5.818032 18.858604 14.33904 0.985165 0.0 -0.0 0.0 1.68497 -4.635244 -1.805353 0.0 -0.0 0.0 90.181915 -69.738167 89.97924 20.234636 -4e-06 1e-06 0.010699 -0.0 0.0 0.000698 0.001975 9.712301 25.642763 -18.917789 54.214169 -29.886368 -10.372681 24.530539 0.0 -0.0 0.0 0.0 -0.0 0.0 1.562406 0.379639 -1.402784 -1.576997 -0.344016 -8.299985 0.0 -0.0 0.0 -2.344502 -3.741118 -2.25218 0.0 -0.0 0.0 -8.680535 -3.881308 -3.138472 8.888452 3.353951 -6.015964 0.0 -0.0 0.0 -0.789081 -7.285012 -3.385969 0.0 -0.0 0.0 -12.266361 -6.770046 -3.829185 12.748709 5.779632 -4.507646 0.0 -0.0 0.0 -0.001557 2.295775 1.076246 0.0 -0.0 0.0 -16.652988 -16.879618 -5.819845 18.85882 14.338744 0.986972 0.0 -0.0 0.0 1.684433 -4.633524 -1.803554 0.0 -0.0 0.0 -178.745667 -0.0 0.0 3.659674 -0.0 0.0 -73.798668 0.0 0.0 -4.726109 0.08116 0.023582 -0.997327 3.3e-05 1e-06 1.25456 -0.0 0.0 3.659674 -0.0 0.0 -73.798668 3e-06 0.0 -4.726109 0.081185 0.023581 -0.997327 6e-06 2e-06 
0.0 0.0 0.0 0.0 -0.0 0.0 0.0 100.87085 0.0 90.000328 0.190163 90.000328 -0.049287 1e-06 -3e-06 -5.927024 3e-06 -0.0 5.964053 5e-06 0.0 16.829426 1e-05 2e-06 1.052974 2.1e-05 -2e-06 -24.428869 4e-05 -2e-05 -0.0 -7.4e-05 3.1e-05 0.0 7.9e-05 0.0 10.592797 -0.254773 3.786015 10.592787 0.254987 -3.785956 -89.776634 -69.738167 89.979286 20.234638 -3e-06 -1e-06 0.010686 -0.0 0.0 0.000704 0.001974 9.712303 25.642761 -18.917786 54.214165 -29.88636 -10.372678 24.530539 0.0 -0.0 0.0 0.0 -0.0 0.0 1.560195 0.375098 -1.406302 -1.574694 -0.339407 -8.296517 0.0 -0.0 0.0 -2.345381 -3.741133 -2.252148 0.0 -0.0 0.0 -8.680352 -3.883042 -3.13835 8.888373 3.355701 -6.015839 0.0 -0.0 0.0 -0.789304 -7.285017 -3.385952 0.0 -0.0 0.0 -12.266362 -6.770043 -3.829185 12.748711 5.779631 -4.507649 0.0 -0.0 0.0 -0.002125 2.297532 1.077113 0.0 -0.0 0.0 -16.653231 -16.879332 -5.818032 18.858604 14.33904 0.985165 0.0 -0.0 0.0 1.68497 -4.635244 -1.805353 0.0 -0.0 0.0 90.181915 -69.738167 89.97924 20.234636 -4e-06 1e-06 0.010699 -0.0 0.0 0.000698 0.001975 9.712301 25.642763 -18.917789 54.214169 -29.886368 -10.372681 24.530539 0.0 -0.0 0.0 0.0 -0.0 0.0 1.562406 0.379639 -1.402784 -1.576997 -0.344016 -8.299985 0.0 -0.0 0.0 -2.344502 -3.741118 -2.25218 0.0 -0.0 0.0 -8.680535 -3.881308 -3.138472 8.888452 3.353951 -6.015964 0.0 -0.0 0.0 -0.789081 -7.285012 -3.385969 0.0 -0.0 0.0 -12.266361 -6.770046 -3.829185 12.748709 5.779632 -4.507646 0.0 -0.0 0.0 -0.001557 2.295775 1.076246 0.0 -0.0 0.0 -16.652988 -16.879618 -5.819845 18.85882 14.338744 0.986972 0.0 -0.0 0.0 1.684433 -4.633524 -1.803554 0.0 -0.0 0.0 -178.745667 -0.0 0.0 3.659674 -0.0 0.0 -73.798668 0.0 0.0 -4.726109 0.08116 0.023582 -0.997327 3.3e-05 1e-06 1.25456 -0.0 0.0 3.659674 -0.0 0.0 -73.798668 3e-06 0.0 -4.726109 0.081185 0.023581 -0.997327 6e-06 2e-06 
0.0 0.0 0.0 0.0 -0.0 0.0 0.0 100.87085 0.0 90.000328 0.190163 90.000328 -0.049287 1e-06 -3e-06 -5.927024 3e-06 -0.0 5.964053 5e-06 0.0 16.829426 1e-05 2e-06 1.052974 2.1e-05 -2e-06 -24.428869 4e-05 -2e-05 -0.0 -7.4e-05 3.1e-05 0.0 7.9e-05 0.0 10.592797 -0.254773 3.786015 10.592787 0.254987 -3.785956 -89.776634 -69.738167 89.979286 20.234638 -3e-06 -1e-06 0.010686 -0.0 0.0 0.000704 0.001974 9.712303 25.642761 -18.917786 54.214165 -29.88636 -10.372678 24.530539 0.0 -0.0 0.0 0.0 -0.0 0.0 1.560195 0.375098 -1.406302 -1.574694 -0.339407 -8.296517 0.0 -0.0 0.0 -2.345381 -3.741133 -2.252148 0.0 -0.0 0.0 -8.680352 -3.883042 -3.13835 8.888373 3.355701 -6.015839 0.0 -0.0 0.0 -0.789304 -7.285017 -3.385952 0.0 -0.0 0.0 -12.266362 -6.770043 -3.829185 12.748711 5.779631 -4.507649 0.0 -0.0 0.0 -0.002125 2.297532 1.077113 0.0 -0.0 0.0 -16.653231 -16.879332 -5.818032 18.858604 14.33904 0.985165 0.0 -0.0 0.0 1.68497 -4.635244 -1.805353 0.0 -0.0 0.0 90.181915 -69.738167 89.97924 20.234636 -4e-06 1e-06 0.010699 -0.0 0.0 0.000698 0.001975 9.712301 25.642763 -18.917789 54.214169 -29.886368 -10.372681 24.530539 0.0 -0.0 0.0 0.0 -0.0 0.0 1.562406 0.379639 -1.402784 -1.576997 -0.344016 -8.299985 0.0 -0.0 0.0 -2.344502 -3.741118 -2.25218 0.0 -0.0 0.0 -8.680535 -3.881308 -3.138472 8.888452 3.353951 -6.015964 0.0 -0.0 0.0 -0.789081 -7.285012 -3.385969 0.0 -0.0 0.0 -12.266361 -6.770046 -3.829185 12.748709 5.779632 -4.507646 0.0 -0.0 0.0 -0.001557 2.295775 1.076246 0.0 -0.0 0.0 -16.652988 -16.879618 -5.819845 18.85882 14.338744 0.986972 0.0 -0.0 0.0 1.684433 -4.633524 -1.803554 0.0 -0.0 0.0 -178.745667 -0.0 0.0 3.659674 -0.0 0.0 -73.798668 0.0 0.0 -4.726109 0.08116 0.023582 -0.997327 3.3e-05 1e-06 1.25456 -0.0 0.0 3.659674 -0.0 0.0 -73.798668 3e-06 0.0 -4.726109 0.081185 0.023581 -0.997327 6e-06 2e-06 
0.0 0.0 0.0 0.0 -0.0 0.0 0.0 100.87085 0.0 90.000328 0.190163 90.000328 -0.049287 1e-06 -3e-06 -5.927024 3e-06 -0.0 5.964053 5e-06 0.0 16.829426 1e-05 2e-06 1.052974 2.1e-05 -2e-06 -24.428869 4e-05 -2e-05 -0.0 -7.4e-05 3.1e-05 0.0 7.9e-05 0.0 10.592797 -0.254773 3.786015 10.592787 0.254987 -3.785956 -89.776634 -69.738167 89.979286 20.234638 -3e-06 -1e-06 0.010686 -0.0 0.0 0.000704 0.001974 9.712303 25.642761 -18.917786 54.214165 -29.88636 -10.372678 24.530539 0.0 -0.0 0.0 0.0 -0.0 0.0 1.560195 0.375098 -1.406302 -1.574694 -0.339407 -8.296517 0.0 -0.0 0.0 -2.345381 -3.741133 -2.252148 0.0 -0.0 0.0 -8.680352 -3.883042 -3.13835 8.888373 3.355701 -6.015839 0.0 -0.0 0.0 -0.789304 -7.285017 -3.385952 0.0 -0.0 0.0 -12.266362 -6.770043 -3.829185 12.748711 5.779631 -4.507649 0.0 -0.0 0.0 -0.002125 2.297532 1.077113 0.0 -0.0 0.0 -16.653231 -16.879332 -5.818032 18.858604 14.33904 0.985165 0.0 -0.0 0.0 1.68497 -4.635244 -1.805353 0.0 -0.0 0.0 90.181915 -69.738167 89.97924 20.234636 -4e-06 1e-06 0.010699 -0.0 0.0 0.000698 0.001975 9.712301 25.642763 -18.917789 54.214169 -29.886368 -10.372681 24.530539 0.0 -0.0 0.0 0.0 -0.0 0.0 1.562406 0.379639 -1.402784 -1.576997 -0.344016 -8.299985 0.0 -0.0 0.0 -2.344502 -3.741118 -2.25218 0.0 -0.0 0.0 -8.680535 -3.881308 -3.138472 8.888452 3.353951 -6.015964 0.0 -0.0 0.0 -0.789081 -7.285012 -3.385969 0.0 -0.0 0.0 -12.266361 -6.770046 -3.829185 12.748709 5.779632 -4.507646 0.0 -0.0 0.0 -0.001557 2.295775 1.076246 0.0 -0.0 0.0 -16.652988 -16.879618 -5.819845 18.85882 14.338744 0.986972 0.0 -0.0 0.0 1.684433 -4.633524 -1.803554 0.0 -0.0 0.0 -178.745667 -0.0 0.0 3.659674 -0.0 0.0 -73.798668 0.0 0.0 -4.726109 0.08116 0.023582 -0.997327 3.3e-05 1e-06 1.25456 -0.0 0.0 3.659674 -0.0 0.0 -73.798668 3e-06 0.0 -4.726109 0.081185 0.023581 -0.997327 6e-06 2e-06 
0.0 0.0 0.0 0.0 -0.0 0.0 0.0 100.87085 0.0 90.000328 0.190163 90.000328 -0.049287 1e-06 -3e-06 -5.927024 3e-06 -0.0 5.964053 5e-06 0.0 16.829426 1e-05 2e-06 1.052974 2.1e-05 -2e-06 -24.428869 4e-05 -2e-05 -0.0 -7.4e-05 3.1e-05 0.0 7.9e-05 0.0 10.592797 -0.254773 3.786015 10.592787 0.254987 -3.785956 -89.776634 -69.738167 89.979286 20.234638 -3e-06 -1e-06 0.010686 -0.0 0.0 0.000704 0.001974 9.712303 25.642761 -18.917786 54.214165 -29.88636 -10.372678 24.530539 0.0 -0.0 0.0 0.0 -0.0 0.0 1.560195 0.375098 -1.406302 -1.574694 -0.339407 -8.296517 0.0 -0.0 0.0 -2.345381 -3.741133 -2.252148 0.0 -0.0 0.0 -8.680352 -3.883042 -3.13835 8.888373 3.355701 -6.015839 0.0 -0.0 0.0 -0.789304 -7.285017 -3.385952 0.0 -0.0 0.0 -12.266362 -6.770043 -3.829185 12.748711 5.779631 -4.507649 0.0 -0.0 0.0 -0.002125 2.297532 1.077113 0.0 -0.0 0.0 -16.653231 -16.879332 -5.818032 18.858604 14.33904 0.985165 0.0 -0.0 0.0 1.68497 -4.635244 -1.805353 0.0 -0.0 0.0 90.181915 -69.738167 89.97924 20.234636 -4e-06 1e-06 0.010699 -0.0 0.0 0.000698 0.001975 9.712301 25.642763 -18.917789 54.214169 -29.886368 -10.372681 24.530539 0.0 -0.0 0.0 0.0 -0.0 0.0 1.562406 0.379639 -1.402784 -1.576997 -0.344016 -8.299985 0.0 -0.0 0.0 -2.344502 -3.741118 -2.25218 0.0 -0.0 0.0 -8.680535 -3.881308 -3.138472 8.888452 3.353951 -6.015964 0.0 -0.0 0.0 -0.789081 -7.285012 -3.385969 0.0 -0.0 0.0 -12.266361 -6.770046 -3.829185 12.748709 5.779632 -4.507646 0.0 -0.0 0.0 -0.001557 2.295775 1.076246 0.0 -0.0 0.0 -16.652988 -16.879618 -5.819845 18.85882 14.338744 0.986972 0.0 -0.0 0.0 1.684433 -4.633524 -1.803554 0.0 -0.0 0.0 -178.745667 -0.0 0.0 3.659674 -0.0 0.0 -73.798668 0.0 0.0 -4.726109 0.08116 0.023582 -0.997327 3.3e-05 1e-06 1.25456 -0.0 0.0 3.659674 -0.0 0.0 -73.798668 3e-06 0.0 -4.726109 0.081185 0.023581 -0.997327 6e-06 2e-06 
0.0 0.0 0.0 0.0 -0.0 0.0 0.0 100.87085 0.0 90.000328 0.190163 90.000328 -0.049287 1e-06 -3e-06 -5.927024 3e-06 -0.0 5.964053 5e-06 0.0 16.829426 1e-05 2e-06 1.052974 2.1e-05 -2e-06 -24.428869 4e-05 -2e-05 -0.0 -7.4e-05 3.1e-05 0.0 7.9e-05 0.0 10.592797 -0.254773 3.786015 10.592787 0.254987 -3.785956 -89.776634 -69.738167 89.979286 20.234638 -3e-06 -1e-06 0.010686 -0.0 0.0 0.000704 0.001974 9.712303 25.642761 -18.917786 54.214165 -29.88636 -10.372678 24.530539 0.0 -0.0 0.0 0.0 -0.0 0.0 1.560195 0.375098 -1.406302 -1.574694 -0.339407 -8.296517 0.0 -0.0 0.0 -2.345381 -3.741133 -2.252148 0.0 -0.0 0.0 -8.680352 -3.883042 -3.13835 8.888373 3.355701 -6.015839 0.0 -0.0 0.0 -0.789304 -7.285017 -3.385952 0.0 -0.0 0.0 -12.266362 -6.770043 -3.829185 12.748711 5.779631 -4.507649 0.0 -0.0 0.0 -0.002125 2.297532 1.077113 0.0 -0.0 0.0 -16.653231 -16.879332 -5.818032 18.858604 14.33904 0.985165 0.0 -0.0 0.0 1.68497 -4.635244 -1.805353 0.0 -0.0 0.0 90.181915 -69.738167 89.97924 20.234636 -4e-06 1e-06 0.010699 -0.0 0.0 0.000698 0.001975 9.712301 25.642763 -18.917789 54.214169 -29.886368 -10.372681 24.530539 0.0 -0.0 0.0 0.0 -0.0 0.0 1.562406 0.379639 -1.402784 -1.576997 -0.344016 -8.299985 0.0 -0.0 0.0 -2.344502 -3.741118 -2.25218 0.0 -0.0 0.0 -8.680535 -3.881308 -3.138472 8.888452 3.353951 -6.015964 0.0 -0.0 0.0 -0.789081 -7.285012 -3.385969 0.0 -0.0 0.0 -12.266361 -6.770046 -3.829185 12.748709 5.779632 -4.507646 0.0 -0.0 0.0 -0.001557 2.295775 1.076246 0.0 -0.0 0.0 -16.652988 -16.879618 -5.819845 18.85882 14.338744 0.986972 0.0 -0.0 0.0 1.684433 -4.633524 -1.803554 0.0 -0.0 0.0 -178.745667 -0.0 0.0 3.659674 -0.0 0.0 -73.798668 0.0 0.0 -4.726109 0.08116 0.023582 -0.997327 3.3e-05 1e-06 1.25456 -0.0 0.0 3.659674 -0.0 0.0 -73.798668 3e-06 0.0 -4.726109 0.081185 0.023581 -0.997327 6e-06 2e-06 
0.0 0.0 0.0 0.0 -0.0 0.0 0.0 100.87085 0.0 90.000328 0.190163 90.000328 -0.049287 1e-06 -3e-06 -5.927024 3e-06 -0.0 5.964053 5e-06 0.0 16.829426 1e-05 2e-06 1.052974 2.1e-05 -2e-06 -24.428869 4e-05 -2e-05 -0.0 -7.4e-05 3.1e-05 0.0 7.9e-05 0.0 10.592797 -0.254773 3.786015 10.592787 0.254987 -3.785956 -89.776634 -69.738167 89.979286 20.234638 -3e-06 -1e-06 0.010686 -0.0 0.0 0.000704 0.001974 9.712303 25.642761 -18.917786 54.214165 -29.88636 -10.372678 24.530539 0.0 -0.0 0.0 0.0 -0.0 0.0 1.560195 0.375098 -1.406302 -1.574694 -0.339407 -8.296517 0.0 -0.0 0.0 -2.345381 -3.741133 -2.252148 0.0 -0.0 0.0 -8.680352 -3.883042 -3.13835 8.888373 3.355701 -6.015839 0.0 -0.0 0.0 -0.789304 -7.285017 -3.385952 0.0 -0.0 0.0 -12.266362 -6.770043 -3.829185 12.748711 5.779631 -4.507649 0.0 -0.0 0.0 -0.002125 2.297532 1.077113 0.0 -0.0 0.0 -16.653231 -16.879332 -5.818032 18.858604 14.33904 0.985165 0.0 -0.0 0.0 1.68497 -4.635244 -1.805353 0.0 -0.0 0.0 90.181915 -69.738167 89.97924 20.234636 -4e-06 1e-06 0.010699 -0.0 0.0 0.000698 0.001975 9.712301 25.642763 -18.917789 54.214169 -29.886368 -10.372681 24.530539 0.0 -0.0 0.0 0.0 -0.0 0.0 1.562406 0.379639 -1.402784 -1.576997 -0.344016 -8.299985 0.0 -0.0 0.0 -2.344502 -3.741118 -2.25218 0.0 -0.0 0.0 -8.680535 -3.881308 -3.138472 8.888452 3.353951 -6.015964 0.0 -0.0 0.0 -0.789081 -7.285012 -3.385969 0.0 -0.0 0.0 -12.266361 -6.770046 -3.829185 12.748709 5.779632 -4.507646 0.0 -0.0 0.0 -0.001557 2.295775 1.076246 0.0 -0.0 0.0 -16.652988 -16.879618 -5.819845 18.85882 14.338744 0.986972 0.0 -0.0 0.0 1.684433 -4.633524 -1.803554 0.0 -0.0 0.0 -178.745667 -0.0 0.0 3.659674 -0.0 0.0 -73.798668 0.0 0.0 -4.726109 0.08116 0.023582 -0.997327 3.3e-05 1e-06 1.25456 -0.0 0.0 3.659674 -0.0 0.0 -73.798668 3e-06 0.0 -4.726109 0.081185 0.023581 -0.997327 6e-06 2e-06 
0.0 0.0 0.0 0.0 -0.0 0.0 0.0 100.87085 0.0 90.000328 0.190163 90.000328 -0.049287 1e-06 -3e-06 -5.927024 3e-06 -0.0 5.964053 5e-06 0.0 16.829426 1e-05 2e-06 1.052974 2.1e-05 -2e-06 -24.428869 4e-05 -2e-05 -0.0 -7.4e-05 3.1e-05 0.0 7.9e-05 0.0 10.592797 -0.254773 3.786015 10.592787 0.254987 -3.785956 -89.776634 -69.738167 89.979286 20.234638 -3e-06 -1e-06 0.010686 -0.0 0.0 0.000704 0.001974 9.712303 25.642761 -18.917786 54.214165 -29.88636 -10.372678 24.530539 0.0 -0.0 0.0 0.0 -0.0 0.0 1.560195 0.375098 -1.406302 -1.574694 -0.339407 -8.296517 0.0 -0.0 0.0 -2.345381 -3.741133 -2.252148 0.0 -0.0 0.0 -8.680352 -3.883042 -3.13835 8.888373 3.355701 -6.015839 0.0 -0.0 0.0 -0.789304 -7.285017 -3.385952 0.0 -0.0 0.0 -12.266362 -6.770043 -3.829185 12.748711 5.779631 -4.507649 0.0 -0.0 0.0 -0.002125 2.297532 1.077113 0.0 -0.0 0.0 -16.653231 -16.879332 -5.818032 18.858604 14.33904 0.985165 0.0 -0.0 0.0 1.68497 -4.635244 -1.805353 0.0 -0.0 0.0 90.181915 -69.738167 89.97924 20.234636 -4e-06 1e-06 0.010699 -0.0 0.0 0.000698 0.001975 9.712301 25.642763 -18.917789 54.214169 -29.886368 -10.372681 24.530539 0.0 -0.0 0.0 0.0 -0.0 0.0 1.562406 0.379639 -1.402784 -1.576997 -0.344016 -8.299985 0.0 -0.0 0.0 -2.344502 -3.741118 -2.25218 0.0 -0.0 0.0 -8.680535 -3.881308 -3.138472 8.888452 3.353951 -6.015964 0.0 -0.0 0.0 -0.789081 -7.285012 -3.385969 0.0 -0.0 0.0 -12.266361 -6.770046 -3.829185 12.748709 5.779632 -4.507646 0.0 -0.0 0.0 -0.001557 2.295775 1.076246 0.0 -0.0 0.0 -16.652988 -16.879618 -5.819845 18.85882 14.338744 0.986972 0.0 -0.0 0.0 1.684433 -4.633524 -1.803554 0.0 -0.0 0.0 -178.745667 -0.0 0.0 3.659674 -0.0 0.0 -73.798668 0.0 0.0 -4.726109 0.08116 0.023582 -0.997327 3.3e-05 1e-06 1.25456 -0.0 0.0 3.659674 -0.0 0.0 -73.798668 3e-06 0.0 -4.726109 0.081185 0.023581 -0.997327 6e-06 2e-06 
0.0 0.0 0.0 0.0 -0.0 0.0 0.0 100.87085 0.0 90.000328 0.190163 90.000328 -0.049287 1e-06 -3e-06 -5.927024 3e-06 -0.0 5.964053 5e-06 0.0 16.829426 1e-05 2e-06 1.052974 2.1e-05 -2e-06 -24.428869 4e-05 -2e-05 -0.0 -7.4e-05 3.1e-05 0.0 7.9e-05 0.0 10.592797 -0.254773 3.786015 10.592787 0.254987 -3.785956 -89.776634 -69.738167 89.979286 20.234638 -3e-06 -1e-06 0.010686 -0.0 0.0 0.000704 0.001974 9.712303 25.642761 -18.917786 54.214165 -29.88636 -10.372678 24.530539 0.0 -0.0 0.0 0.0 -0.0 0.0 1.560195 0.375098 -1.406302 -1.574694 -0.339407 -8.296517 0.0 -0.0 0.0 -2.345381 -3.741133 -2.252148 0.0 -0.0 0.0 -8.680352 -3.883042 -3.13835 8.888373 3.355701 -6.015839 0.0 -0.0 0.0 -0.789304 -7.285017 -3.385952 0.0 -0.0 0.0 -12.266362 -6.770043 -3.829185 12.748711 5.779631 -4.507649 0.0 -0.0 0.0 -0.002125 2.297532 1.077113 0.0 -0.0 0.0 -16.653231 -16.879332 -5.818032 18.858604 14.33904 0.985165 0.0 -0.0 0.0 1.68497 -4.635244 -1.805353 0.0 -0.0 0.0 90.181915 -69.738167 89.97924 20.234636 -4e-06 1e-06 0.010699 -0.0 0.0 0.000698 0.001975 9.712301 25.642763 -18.917789 54.214169 -29.886368 -10.372681 24.530539 0.0 -0.0 0.0 0.0 -0.0 0.0 1.562406 0.379639 -1.402784 -1.576997 -0.344016 -8.299985 0.0 -0.0 0.0 -2.344502 -3.741118 -2.25218 0.0 -0.0 0.0 -8.680535 -3.881308 -3.138472 8.888452 3.353951 -6.015964 0.0 -0.0 0.0 -0.789081 -7.285012 -3.385969 0.0 -0.0 0.0 -12.266361 -6.770046 -3.829185 12.748709 5.779632 -4.507646 0.0 -0.0 0.0 -0.001557 2.295775 1.076246 0.0 -0.0 0.0 -16.652988 -16.879618 -5.819845 18.85882 14.338744 0.986972 0.0 -0.0 0.0 1.684433 -4.633524 -1.803554 0.0 -0.0 0.0 -178.745667 -0.0 0.0 3.659674 -0.0 0.0 -73.798668 0.0 0.0 -4.726109 0.08116 0.023582 -0.997327 3.3e-05 1e-06 1.25456 -0.0 0.0 3.659674 -0.0 0.0 -73.798668 3e-06 0.0 -4.726109 0.081185 0.023581 -0.997327 6e-06 2e-06 
0.0 0.0 0.0 0.0 -0.0 0.0 0.0 100.87085 0.0 90.000328 0.190163 90.000328 -0.049287 1e-06 -3e-06 -5.927024 3e-06 -0.0 5.964053 5e-06 0.0 16.829426 1e-05 2e-06 1.052974 2.1e-05 -2e-06 -24.428869 4e-05 -2e-05 -0.0 -7.4e-05 3.1e-05 0.0 7.9e-05 0.0 10.592797 -0.254773 3.786015 10.592787 0.254987 -3.785956 -89.776634 -69.738167 89.979286 20.234638 -3e-06 -1e-06 0.010686 -0.0 0.0 0.000704 0.001974 9.712303 25.642761 -18.917786 54.214165 -29.88636 -10.372678 24.530539 0.0 -0.0 0.0 0.0 -0.0 0.0 1.560195 0.375098 -1.406302 -1.574694 -0.339407 -8.296517 0.0 -0.0 0.0 -2.345381 -3.741133 -2.252148 0.0 -0.0 0.0 -8.680352 -3.883042 -3.13835 8.888373 3.355701 -6.015839 0.0 -0.0 0.0 -0.789304 -7.285017 -3.385952 0.0 -0.0 0.0 -12.266362 -6.770043 -3.829185 12.748711 5.779631 -4.507649 0.0 -0.0 0.0 -0.002125 2.297532 1.077113 0.0 -0.0 0.0 -16.653231 -16.879332 -5.818032 18.858604 14.33904 0.985165 0.0 -0.0 0.0 1.68497 -4.635244 -1.805353 0.0 -0.0 0.0 90.181915 -69.738167 89.97924 20.234636 -4e-06 1e-06 0.010699 -0.0 0.0 0.000698 0.001975 9.712301 25.642763 -18.917789 54.214169 -29.886368 -10.372681 24.530539 0.0 -0.0 0.0 0.0 -0.0 0.0 1.562406 0.379639 -1.402784 -1.576997 -0.344016 -8.299985 0.0 -0.0 0.0 -2.344502 -3.741118 -2.25218 0.0 -0.0 0.0 -8.680535 -3.881308 -3.138472 8.888452 3.353951 -6.015964 0.0 -0.0 0.0 -0.789081 -7.285012 -3.385969 0.0 -0.0 0.0 -12.266361 -6.770046 -3.829185 12.748709 5.779632 -4.507646 0.0 -0.0 0.0 -0.001557 2.295775 1.076246 0.0 -0.0 0.0 -16.652988 -16.879618 -5.819845 18.85882 14.338744 0.986972 0.0 -0.0 0.0 1.684433 -4.633524 -1.803554 0.0 -0.0 0.0 -178.745667 -0.0 0.0 3.659674 -0.0 0.0 -73.798668 0.0 0.0 -4.726109 0.08116 0.023582 -0.997327 3.3e-05 1e-06 1.25456 -0.0 0.0 3.659674 -0.0 0.0 -73.798668 3e-06 0.0 -4.726109 0.081185 0.023581 -0.997327 6e-06 2e-06 
0.0 0.0 0.0 0.0 -0.0 0.0 0.0 100.87085 0.0 90.000328 0.190163 90.000328 -0.049287 1e-06 -3e-06 -5.927024 3e-06 -0.0 5.964053 5e-06 0.0 16.829426 1e-05 2e-06 1.052974 2.1e-05 -2e-06 -24.428869 4e-05 -2e-05 -0.0 -7.4e-05 3.1e-05 0.0 7.9e-05 0.0 10.592797 -0.254773 3.786015 10.592787 0.254987 -3.785956 -89.776634 -69.738167 89.979286 20.234638 -3e-06 -1e-06 0.010686 -0.0 0.0 0.000704 0.001974 9.712303 25.642761 -18.917786 54.214165 -29.88636 -10.372678 24.530539 0.0 -0.0 0.0 0.0 -0.0 0.0 1.560195 0.375098 -1.406302 -1.574694 -0.339407 -8.296517 0.0 -0.0 0.0 -2.345381 -3.741133 -2.252148 0.0 -0.0 0.0 -8.680352 -3.883042 -3.13835 8.888373 3.355701 -6.015839 0.0 -0.0 0.0 -0.789304 -7.285017 -3.385952 0.0 -0.0 0.0 -12.266362 -6.770043 -3.829185 12.748711 5.779631 -4.507649 0.0 -0.0 0.0 -0.002125 2.297532 1.077113 0.0 -0.0 0.0 -16.653231 -16.879332 -5.818032 18.858604 14.33904 0.985165 0.0 -0.0 0.0 1.68497 -4.635244 -1.805353 0.0 -0.0 0.0 90.181915 -69.738167 89.97924 20.234636 -4e-06 1e-06 0.010699 -0.0 0.0 0.000698 0.001975 9.712301 25.642763 -18.917789 54.214169 -29.886368 -10.372681 24.530539 0.0 -0.0 0.0 0.0 -0.0 0.0 1.562406 0.379639 -1.402784 -1.576997 -0.344016 -8.299985 0.0 -0.0 0.0 -2.344502 -3.741118 -2.25218 0.0 -0.0 0.0 -8.680535 -3.881308 -3.138472 8.888452 3.353951 -6.015964 0.0 -0.0 0.0 -0.789081 -7.285012 -3.385969 0.0 -0.0 0.0 -12.266361 -6.770046 -3.829185 12.748709 5.779632 -4.507646 0.0 -0.0 0.0 -0.001557 2.295775 1.076246 0.0 -0.0 0.0 -16.652988 -16.879618 -5.819845 18.85882 14.338744 0.986972 0.0 -0.0 0.0 1.684433 -4.633524 -1.803554 0.0 -0.0 0.0 -178.745667 -0.0 0.0 3.659674 -0.0 0.0 -73.798668 0.0 0.0 -4.726109 0.08116 0.023582 -0.997327 3.3e-05 1e-06 1.25456 -0.0 0.0 3.659674 -0.0 0.0 -73.798668 3e-06 0.0 -4.726109 0.081185 0.023581 -0.997327 6e-06 2e-06 
0.0 0.0 0.0 0.0 -0.0 0.0 0.0 100.87085 0.0 90.000328 0.190163 90.000328 -0.049287 1e-06 -3e-06 -5.927024 3e-06 -0.0 5.964053 5e-06 0.0 16.829426 1e-05 2e-06 1.052974 2.1e-05 -2e-06 -24.428869 4e-05 -2e-05 -0.0 -7.4e-05 3.1e-05 0.0 7.9e-05 0.0 10.592797 -0.254773 3.786015 10.592787 0.254987 -3.785956 -89.776634 -69.738167 89.979286 20.234638 -3e-06 -1e-06 0.010686 -0.0 0.0 0.000704 0.001974 9.712303 25.642761 -18.917786 54.214165 -29.88636 -10.372678 24.530539 0.0 -0.0 0.0 0.0 -0.0 0.0 1.560195 0.375098 -1.406302 -1.574694 -0.339407 -8.296517 0.0 -0.0 0.0 -2.345381 -3.741133 -2.252148 0.0 -0.0 0.0 -8.680352 -3.883042 -3.13835 8.888373 3.355701 -6.015839 0.0 -0.0 0.0 -0.789304 -7.285017 -3.385952 0.0 -0.0 0.0 -12.266362 -6.770043 -3.829185 12.748711 5.779631 -4.507649 0.0 -0.0 0.0 -0.002125 2.297532 1.077113 0.0 -0.0 0.0 -16.653231 -16.879332 -5.818032 18.858604 14.33904 0.985165 0.0 -0.0 0.0 1.68497 -4.635244 -1.805353 0.0 -0.0 0.0 90.181915 -69.738167 89.97924 20.234636 -4e-06 1e-06 0.010699 -0.0 0.0 0.000698 0.001975 9.712301 25.642763 -18.917789 54.214169 -29.886368 -10.372681 24.530539 0.0 -0.0 0.0 0.0 -0.0 0.0 1.562406 0.379639 -1.402784 -1.576997 -0.344016 -8.299985 0.0 -0.0 0.0 -2.344502 -3.741118 -2.25218 0.0 -0.0 0.0 -8.680535 -3.881308 -3.138472 8.888452 3.353951 -6.015964 0.0 -0.0 0.0 -0.789081 -7.285012 -3.385969 0.0 -0.0 0.0 -12.266361 -6.770046 -3.829185 12.748709 5.779632 -4.507646 0.0 -0.0 0.0 -0.001557 2.295775 1.076246 0.0 -0.0 0.0 -16.652988 -16.879618 -5.819845 18.85882 14.338744 0.986972 0.0 -0.0 0.0 1.684433 -4.633524 -1.803554 0.0 -0.0 0.0 -178.745667 -0.0 0.0 3.659674 -0.0 0.0 -73.798668 0.0 0.0 -4.726109 0.08116 0.023582 -0.997327 3.3e-05 1e-06 1.25456 -0.0 0.0 3.659674 -0.0 0.0 -73.798668 3e-06 0.0 -4.726109 0.081185 0.023581 -0.997327 6e-06 2e-06 
0.0 0.0 0.0 0.0 -0.0 0.0 0.0 100.87085 0.0 90.000328 0.190163 90.000328 -0.049287 1e-06 -3e-06 -5.927024 3e-06 -0.0 5.964053 5e-06 0.0 16.829426 1e-05 2e-06 1.052974 2.1e-05 -2e-06 -24.428869 4e-05 -2e-05 -0.0 -7.4e-05 3.1e-05 0.0 7.9e-05 0.0 10.592797 -0.254773 3.786015 10.592787 0.254987 -3.785956 -89.776634 -69.738167 89.979286 20.234638 -3e-06 -1e-06 0.010686 -0.0 0.0 0.000704 0.001974 9.712303 25.642761 -18.917786 54.214165 -29.88636 -10.372678 24.530539 0.0 -0.0 0.0 0.0 -0.0 0.0 1.560195 0.375098 -1.406302 -1.574694 -0.339407 -8.296517 0.0 -0.0 0.0 -2.345381 -3.741133 -2.252148 0.0 -0.0 0.0 -8.680352 -3.883042 -3.13835 8.888373 3.355701 -6.015839 0.0 -0.0 0.0 -0.789304 -7.285017 -3.385952 0.0 -0.0 0.0 -12.266362 -6.770043 -3.829185 12.748711 5.779631 -4.507649 0.0 -0.0 0.0 -0.002125 2.297532 1.077113 0.0 -0.0 0.0 -16.653231 -16.879332 -5.818032 18.858604 14.33904 0.985165 0.0 -0.0 0.0 1.68497 -4.635244 -1.805353 0.0 -0.0 0.0 90.181915 -69.738167 89.97924 20.234636 -4e-06 1e-06 0.010699 -0.0 0.0 0.000698 0.001975 9.712301 25.642763 -18.917789 54.214169 -29.886368 -10.372681 24.530539 0.0 -0.0 0.0 0.0 -0.0 0.0 1.562406 0.379639 -1.402784 -1.576997 -0.344016 -8.299985 0.0 -0.0 0.0 -2.344502 -3.741118 -2.25218 0.0 -0.0 0.0 -8.680535 -3.881308 -3.138472 8.888452 3.353951 -6.015964 0.0 -0.0 0.0 -0.789081 -7.285012 -3.385969 0.0 -0.0 0.0 -12.266361 -6.770046 -3.829185 12.748709 5.779632 -4.507646 0.0 -0.0 0.0 -0.001557 2.295775 1.076246 0.0 -0.0 0.0 -16.652988 -16.879618 -5.819845 18.85882 14.338744 0.986972 0.0 -0.0 0.0 1.684433 -4.633524 -1.803554 0.0 -0.0 0.0 -178.745667 -0.0 0.0 3.659674 -0.0 0.0 -73.798668 0.0 0.0 -4.726109 0.08116 0.023582 -0.997327 3.3e-05 1e-06 1.25456 -0.0 0.0 3.659674 -0.0 0.0 -73.798668 3e-06 0.0 -4.726109 0.081185 0.023581 -0.997327 6e-06 2e-06 
0.0 0.0 0.0 0.0 -0.0 0.0 0.0 100.87085 0.0 90.000328 0.190163 90.000328 -0.049287 1e-06 -3e-06 -5.927024 3e-06 -0.0 5.964053 5e-06 0.0 16.829426 1e-05 2e-06 1.052974 2.1e-05 -2e-06 -24.428869 4e-05 -2e-05 -0.0 -7.4e-05 3.1e-05 0.0 7.9e-05 0.0 10.592797 -0.254773 3.786015 10.592787 0.254987 -3.785956 -89.776634 -69.738167 89.979286 20.234638 -3e-06 -1e-06 0.010686 -0.0 0.0 0.000704 0.001974 9.712303 25.642761 -18.917786 54.214165 -29.88636 -10.372678 24.530539 0.0 -0.0 0.0 0.0 -0.0 0.0 1.560195 0.375098 -1.406302 -1.574694 -0.339407 -8.296517 0.0 -0.0 0.0 -2.345381 -3.741133 -2.252148 0.0 -0.0 0.0 -8.680352 -3.883042 -3.13835 8.888373 3.355701 -6.015839 0.0 -0.0 0.0 -0.789304 -7.285017 -3.385952 0.0 -0.0 0.0 -12.266362 -6.770043 -3.829185 12.748711 5.779631 -4.507649 0.0 -0.0 0.0 -0.002125 2.297532 1.077113 0.0 -0.0 0.0 -16.653231 -16.879332 -5.818032 18.858604 14.33904 0.985165 0.0 -0.0 0.0 1.68497 -4.635244 -1.805353 0.0 -0.0 0.0 90.181915 -69.738167 89.97924 20.234636 -4e-06 1e-06 0.010699 -0.0 0.0 0.000698 0.001975 9.712301 25.642763 -18.917789 54.214169 -29.886368 -10.372681 24.530539 0.0 -0.0 0.0 0.0 -0.0 0.0 1.562406 0.379639 -1.402784 -1.576997 -0.344016 -8.299985 0.0 -0.0 0.0 -2.344502 -3.741118 -2.25218 0.0 -0.0 0.0 -8.680535 -3.881308 -3.138472 8.888452 3.353951 -6.015964 0.0 -0.0 0.0 -0.789081 -7.285012 -3.385969 0.0 -0.0 0.0 -12.266361 -6.770046 -3.829185 12.748709 5.779632 -4.507646 0.0 -0.0 0.0 -0.001557 2.295775 1.076246 0.0 -0.0 0.0 -16.652988 -16.879618 -5.819845 18.85882 14.338744 0.986972 0.0 -0.0 0.0 1.684433 -4.633524 -1.803554 0.0 -0.0 0.0 -178.745667 -0.0 0.0 3.659674 -0.0 0.0 -73.798668 0.0 0.0 -4.726109 0.08116 0.023582 -0.997327 3.3e-05 1e-06 1.25456 -0.0 0.0 3.659674 -0.0 0.0 -73.798668 3e-06 0.0 -4.726109 0.081185 0.023581 -0.997327 6e-06 2e-06 
0.0 0.0 0.0 0.0 -0.0 0.0 0.0 100.87085 0.0 90.000328 0.190163 90.000328 -0.049287 1e-06 -3e-06 -5.927024 3e-06 -0.0 5.964053 5e-06 0.0 16.829426 1e-05 2e-06 1.052974 2.1e-05 -2e-06 -24.428869 4e-05 -2e-05 -0.0 -7.4e-05 3.1e-05 0.0 7.9e-05 0.0 10.592797 -0.254773 3.786015 10.592787 0.254987 -3.785956 -89.776634 -69.738167 89.979286 20.234638 -3e-06 -1e-06 0.010686 -0.0 0.0 0.000704 0.001974 9.712303 25.642761 -18.917786 54.214165 -29.88636 -10.372678 24.530539 0.0 -0.0 0.0 0.0 -0.0 0.0 1.560195 0.375098 -1.406302 -1.574694 -0.339407 -8.296517 0.0 -0.0 0.0 -2.345381 -3.741133 -2.252148 0.0 -0.0 0.0 -8.680352 -3.883042 -3.13835 8.888373 3.355701 -6.015839 0.0 -0.0 0.0 -0.789304 -7.285017 -3.385952 0.0 -0.0 0.0 -12.266362 -6.770043 -3.829185 12.748711 5.779631 -4.507649 0.0 -0.0 0.0 -0.002125 2.297532 1.077113 0.0 -0.0 0.0 -16.653231 -16.879332 -5.818032 18.858604 14.33904 0.985165 0.0 -0.0 0.0 1.68497 -4.635244 -1.805353 0.0 -0.0 0.0 90.181915 -69.738167 89.97924 20.234636 -4e-06 1e-06 0.010699 -0.0 0.0 0.000698 0.001975 9.712301 25.642763 -18.917789 54.214169 -29.886368 -10.372681 24.530539 0.0 -0.0 0.0 0.0 -0.0 0.0 1.562406 0.379639 -1.402784 -1.576997 -0.344016 -8.299985 0.0 -0.0 0.0 -2.344502 -3.741118 -2.25218 0.0 -0.0 0.0 -8.680535 -3.881308 -3.138472 8.888452 3.353951 -6.015964 0.0 -0.0 0.0 -0.789081 -7.285012 -3.385969 0.0 -0.0 0.0 -12.266361 -6.770046 -3.829185 12.748709 5.779632 -4.507646 0.0 -0.0 0.0 -0.001557 2.295775 1.076246 0.0 -0.0 0.0 -16.652988 -16.879618 -5.819845 18.85882 14.338744 0.986972 0.0 -0.0 0.0 1.684433 -4.633524 -1.803554 0.0 -0.0 0.0 -178.745667 -0.0 0.0 3.659674 -0.0 0.0 -73.798668 0.0 0.0 -4.726109 0.08116 0.023582 -0.997327 3.3e-05 1e-06 1.25456 -0.0 0.0 3.659674 -0.0 0.0 -73.798668 3e-06 0.0 -4.726109 0.081185 0.023581 -0.997327 6e-06 2e-06 
0.0 0.0 0.0 0.0 -0.0 0.0 0.0 100.87085 0.0 90.000328 0.190163 90.000328 -0.049287 1e-06 -3e-06 -5.927024 3e-06 -0.0 5.964053 5e-06 0.0 16.829426 1e-05 2e-06 1.052974 2.1e-05 -2e-06 -24.428869 4e-05 -2e-05 -0.0 -7.4e-05 3.1e-05 0.0 7.9e-05 0.0 10.592797 -0.254773 3.786015 10.592787 0.254987 -3.785956 -89.776634 -69.738167 89.979286 20.234638 -3e-06 -1e-06 0.010686 -0.0 0.0 0.000704 0.001974 9.712303 25.642761 -18.917786 54.214165 -29.88636 -10.372678 24.530539 0.0 -0.0 0.0 0.0 -0.0 0.0 1.560195 0.375098 -1.406302 -1.574694 -0.339407 -8.296517 0.0 -0.0 0.0 -2.345381 -3.741133 -2.252148 0.0 -0.0 0.0 -8.680352 -3.883042 -3.13835 8.888373 3.355701 -6.015839 0.0 -0.0 0.0 -0.789304 -7.285017 -3.385952 0.0 -0.0 0.0 -12.266362 -6.770043 -3.829185 12.748711 5.779631 -4.507649 0.0 -0.0 0.0 -0.002125 2.297532 1.077113 0.0 -0.0 0.0 -16.653231 -16.879332 -5.818032 18.858604 14.33904 0.985165 0.0 -0.0 0.0 1.68497 -4.635244 -1.805353 0.0 -0.0 0.0 90.181915 -69.738167 89.97924 20.234636 -4e-06 1e-06 0.010699 -0.0 0.0 0.000698 0.001975 9.712301 25.642763 -18.917789 54.214169 -29.886368 -10.372681 24.530539 0.0 -0.0 0.0 0.0 -0.0 0.0 1.562406 0.379639 -1.402784 -1.576997 -0.344016 -8.299985 0.0 -0.0 0.0 -2.344502 -3.741118 -2.25218 0.0 -0.0 0.0 -8.680535 -3.881308 -3.138472 8.888452 3.353951 -6.015964 0.0 -0.0 0.0 -0.789081 -7.285012 -3.385969 0.0 -0.0 0.0 -12.266361 -6.770046 -3.829185 12.748709 5.779632 -4.507646 0.0 -0.0 0.0 -0.001557 2.295775 1.076246 0.0 -0.0 0.0 -16.652988 -16.879618 -5.819845 18.85882 14.338744 0.986972 0.0 -0.0 0.0 1.684433 -4.633524 -1.803554 0.0 -0.0 0.0 -178.745667 -0.0 0.0 3.659674 -0.0 0.0 -73.798668 0.0 0.0 -4.726109 0.08116 0.023582 -0.997327 3.3e-05 1e-06 1.25456 -0.0 0.0 3.659674 -0.0 0.0 -73.798668 3e-06 0.0 -4.726109 0.081185 0.023581 -0.997327 6e-06 2e-06 
0.0 0.0 0.0 0.0 -0.0 0.0 0.0 100.87085 0.0 90.000328 0.190163 90.000328 -0.049287 1e-06 -3e-06 -5.927024 3e-06 -0.0 5.964053 5e-06 0.0 16.829426 1e-05 2e-06 1.052974 2.1e-05 -2e-06 -24.428869 4e-05 -2e-05 -0.0 -7.4e-05 3.1e-05 0.0 7.9e-05 0.0 10.592797 -0.254773 3.786015 10.592787 0.254987 -3.785956 -89.776634 -69.738167 89.979286 20.234638 -3e-06 -1e-06 0.010686 -0.0 0.0 0.000704 0.001974 9.712303 25.642761 -18.917786 54.214165 -29.88636 -10.372678 24.530539 0.0 -0.0 0.0 0.0 -0.0 0.0 1.560195 0.375098 -1.406302 -1.574694 -0.339407 -8.296517 0.0 -0.0 0.0 -2.345381 -3.741133 -2.252148 0.0 -0.0 0.0 -8.680352 -3.883042 -3.13835 8.888373 3.355701 -6.015839 0.0 -0.0 0.0 -0.789304 -7.285017 -3.385952 0.0 -0.0 0.0 -12.266362 -6.770043 -3.829185 12.748711 5.779631 -4.507649 0.0 -0.0 0.0 -0.002125 2.297532 1.077113 0.0 -0.0 0.0 -16.653231 -16.879332 -5.818032 18.858604 14.33904 0.985165 0.0 -0.0 0.0 1.68497 -4.635244 -1.805353 0.0 -0.0 0.0 90.181915 -69.738167 89.97924 20.234636 -4e-06 1e-06 0.010699 -0.0 0.0 0.000698 0.001975 9.712301 25.642763 -18.917789 54.214169 -29.886368 -10.372681 24.530539 0.0 -0.0 0.0 0.0 -0.0 0.0 1.562406 0.379639 -1.402784 -1.576997 -0.344016 -8.299985 0.0 -0.0 0.0 -2.344502 -3.741118 -2.25218 0.0 -0.0 0.0 -8.680535 -3.881308 -3.138472 8.888452 3.353951 -6.015964 0.0 -0.0 0.0 -0.789081 -7.285012 -3.385969 0.0 -0.0 0.0 -12.266361 -6.770046 -3.829185 12.748709 5.779632 -4.507646 0.0 -0.0 0.0 -0.001557 2.295775 1.076246 0.0 -0.0 0.0 -16.652988 -16.879618 -5.819845 18.85882 14.338744 0.986972 0.0 -0.0 0.0 1.684433 -4.633524 -1.803554 0.0 -0.0 0.0 -178.745667 -0.0 0.0 3.659674 -0.0 0.0 -73.798668 0.0 0.0 -4.726109 0.08116 0.023582 -0.997327 3.3e-05 1e-06 1.25456 -0.0 0.0 3.659674 -0.0 0.0 -73.798668 3e-06 0.0 -4.726109 0.081185 0.023581 -0.997327 6e-06 2e-06 
0.0 0.0 0.0 0.0 -0.0 0.0 0.0 100.87085 0.0 90.000328 0.190163 90.000328 -0.049287 1e-06 -3e-06 -5.927024 3e-06 -0.0 5.964053 5e-06 0.0 16.829426 1e-05 2e-06 1.052974 2.1e-05 -2e-06 -24.428869 4e-05 -2e-05 -0.0 -7.4e-05 3.1e-05 0.0 7.9e-05 0.0 10.592797 -0.254773 3.786015 10.592787 0.254987 -3.785956 -89.776634 -69.738167 89.979286 20.234638 -3e-06 -1e-06 0.010686 -0.0 0.0 0.000704 0.001974 9.712303 25.642761 -18.917786 54.214165 -29.88636 -10.372678 24.530539 0.0 -0.0 0.0 0.0 -0.0 0.0 1.560195 0.375098 -1.406302 -1.574694 -0.339407 -8.296517 0.0 -0.0 0.0 -2.345381 -3.741133 -2.252148 0.0 -0.0 0.0 -8.680352 -3.883042 -3.13835 8.888373 3.355701 -6.015839 0.0 -0.0 0.0 -0.789304 -7.285017 -3.385952 0.0 -0.0 0.0 -12.266362 -6.770043 -3.829185 12.748711 5.779631 -4.507649 0.0 -0.0 0.0 -0.002125 2.297532 1.077113 0.0 -0.0 0.0 -16.653231 -16.879332 -5.818032 18.858604 14.33904 0.985165 0.0 -0.0 0.0 1.68497 -4.635244 -1.805353 0.0 -0.0 0.0 90.181915 -69.738167 89.97924 20.234636 -4e-06 1e-06 0.010699 -0.0 0.0 0.000698 0.001975 9.712301 25.642763 -18.917789 54.214169 -29.886368 -10.372681 24.530539 0.0 -0.0 0.0 0.0 -0.0 0.0 1.562406 0.379639 -1.402784 -1.576997 -0.344016 -8.299985 0.0 -0.0 0.0 -2.344502 -3.741118 -2.25218 0.0 -0.0 0.0 -8.680535 -3.881308 -3.138472 8.888452 3.353951 -6.015964 0.0 -0.0 0.0 -0.789081 -7.285012 -3.385969 0.0 -0.0 0.0 -12.266361 -6.770046 -3.829185 12.748709 5.779632 -4.507646 0.0 -0.0 0.0 -0.001557 2.295775 1.076246 0.0 -0.0 0.0 -16.652988 -16.879618 -5.819845 18.85882 14.338744 0.986972 0.0 -0.0 0.0 1.684433 -4.633524 -1.803554 0.0 -0.0 0.0 -178.745667 -0.0 0.0 3.659674 -0.0 0.0 -73.798668 0.0 0.0 -4.726109 0.08116 0.023582 -0.997327 3.3e-05 1e-06 1.25456 -0.0 0.0 3.659674 -0.0 0.0 -73.798668 3e-06 0.0 -4.726109 0.081185 0.023581 -0.997327 6e-06 2e-06 
0.0 0.0 0.0 0.0 -0.0 0.0 0.0 100.87085 0.0 90.000328 0.190163 90.000328 -0.049287 1e-06 -3e-06 -5.927024 3e-06 -0.0 5.964053 5e-06 0.0 16.829426 1e-05 2e-06 1.052974 2.1e-05 -2e-06 -24.428869 4e-05 -2e-05 -0.0 -7.4e-05 3.1e-05 0.0 7.9e-05 0.0 10.592797 -0.254773 3.786015 10.592787 0.254987 -3.785956 -89.776634 -69.738167 89.979286 20.234638 -3e-06 -1e-06 0.010686 -0.0 0.0 0.000704 0.001974 9.712303 25.642761 -18.917786 54.214165 -29.88636 -10.372678 24.530539 0.0 -0.0 0.0 0.0 -0.0 0.0 1.560195 0.375098 -1.406302 -1.574694 -0.339407 -8.296517 0.0 -0.0 0.0 -2.345381 -3.741133 -2.252148 0.0 -0.0 0.0 -8.680352 -3.883042 -3.13835 8.888373 3.355701 -6.015839 0.0 -0.0 0.0 -0.789304 -7.285017 -3.385952 0.0 -0.0 0.0 -12.266362 -6.770043 -3.829185 12.748711 5.779631 -4.507649 0.0 -0.0 0.0 -0.002125 2.297532 1.077113 0.0 -0.0 0.0 -16.653231 -16.879332 -5.818032 18.858604 14.33904 0.985165 0.0 -0.0 0.0 1.68497 -4.635244 -1.805353 0.0 -0.0 0.0 90.181915 -69.738167 89.97924 20.234636 -4e-06 1e-06 0.010699 -0.0 0.0 0.000698 0.001975 9.712301 25.642763 -18.917789 54.214169 -29.886368 -10.372681 24.530539 0.0 -0.0 0.0 0.0 -0.0 0.0 1.562406 0.379639 -1.402784 -1.576997 -0.344016 -8.299985 0.0 -0.0 0.0 -2.344502 -3.741118 -2.25218 0.0 -0.0 0.0 -8.680535 -3.881308 -3.138472 8.888452 3.353951 -6.015964 0.0 -0.0 0.0 -0.789081 -7.285012 -3.385969 0.0 -0.0 0.0 -12.266361 -6.770046 -3.829185 12.748709 5.779632 -4.507646 0.0 -0.0 0.0 -0.001557 2.295775 1.076246 0.0 -0.0 0.0 -16.652988 -16.879618 -5.819845 18.85882 14.338744 0.986972 0.0 -0.0 0.0 1.684433 -4.633524 -1.803554 0.0 -0.0 0.0 -178.745667 -0.0 0.0 3.659674 -0.0 0.0 -73.798668 0.0 0.0 -4.726109 0.08116 0.023582 -0.997327 3.3e-05 1e-06 1.25456 -0.0 0.0 3.659674 -0.0 0.0 -73.798668 3e-06 0.0 -4.726109 0.081185 0.023581 -0.997327 6e-06 2e-06 
0.0 0.0 0.0 0.0 -0.0 0.0 0.0 100.87085 0.0 90.000328 0.190163 90.000328 -0.049287 1e-06 -3e-06 -5.927024 3e-06 -0.0 5.964053 5e-06 0.0 16.829426 1e-05 2e-06 1.052974 2.1e-05 -2e-06 -24.428869 4e-05 -2e-05 -0.0 -7.4e-05 3.1e-05 0.0 7.9e-05 0.0 10.592797 -0.254773 3.786015 10.592787 0.254987 -3.785956 -89.776634 -69.738167 89.979286 20.234638 -3e-06 -1e-06 0.010686 -0.0 0.0 0.000704 0.001974 9.712303 25.642761 -18.917786 54.214165 -29.88636 -10.372678 24.530539 0.0 -0.0 0.0 0.0 -0.0 0.0 1.560195 0.375098 -1.406302 -1.574694 -0.339407 -8.296517 0.0 -0.0 0.0 -2.345381 -3.741133 -2.252148 0.0 -0.0 0.0 -8.680352 -3.883042 -3.13835 8.888373 3.355701 -6.015839 0.0 -0.0 0.0 -0.789304 -7.285017 -3.385952 0.0 -0.0 0.0 -12.266362 -6.770043 -3.829185 12.748711 5.779631 -4.507649 0.0 -0.0 0.0 -0.002125 2.297532 1.077113 0.0 -0.0 0.0 -16.653231 -16.879332 -5.818032 18.858604 14.33904 0.985165 0.0 -0.0 0.0 1.68497 -4.635244 -1.805353 0.0 -0.0 0.0 90.181915 -69.738167 89.97924 20.234636 -4e-06 1e-06 0.010699 -0.0 0.0 0.000698 0.001975 9.712301 25.642763 -18.917789 54.214169 -29.886368 -10.372681 24.530539 0.0 -0.0 0.0 0.0 -0.0 0.0 1.562406 0.379639 -1.402784 -1.576997 -0.344016 -8.299985 0.0 -0.0 0.0 -2.344502 -3.741118 -2.25218 0.0 -0.0 0.0 -8.680535 -3.881308 -3.138472 8.888452 3.353951 -6.015964 0.0 -0.0 0.0 -0.789081 -7.285012 -3.385969 0.0 -0.0 0.0 -12.266361 -6.770046 -3.829185 12.748709 5.779632 -4.507646 0.0 -0.0 0.0 -0.001557 2.295775 1.076246 0.0 -0.0 0.0 -16.652988 -16.879618 -5.819845 18.85882 14.338744 0.986972 0.0 -0.0 0.0 1.684433 -4.633524 -1.803554 0.0 -0.0 0.0 -178.745667 -0.0 0.0 3.659674 -0.0 0.0 -73.798668 0.0 0.0 -4.726109 0.08116 0.023582 -0.997327 3.3e-05 1e-06 1.25456 -0.0 0.0 3.659674 -0.0 0.0 -73.798668 3e-06 0.0 -4.726109 0.081185 0.023581 -0.997327 6e-06 2e-06 
0.0 0.0 0.0 0.0 -0.0 0.0 0.0 100.87085 0.0 90.000328 0.190163 90.000328 -0.049287 1e-06 -3e-06 -5.927024 3e-06 -0.0 5.964053 5e-06 0.0 16.829426 1e-05 2e-06 1.052974 2.1e-05 -2e-06 -24.428869 4e-05 -2e-05 -0.0 -7.4e-05 3.1e-05 0.0 7.9e-05 0.0 10.592797 -0.254773 3.786015 10.592787 0.254987 -3.785956 -89.776634 -69.738167 89.979286 20.234638 -3e-06 -1e-06 0.010686 -0.0 0.0 0.000704 0.001974 9.712303 25.642761 -18.917786 54.214165 -29.88636 -10.372678 24.530539 0.0 -0.0 0.0 0.0 -0.0 0.0 1.560195 0.375098 -1.406302 -1.574694 -0.339407 -8.296517 0.0 -0.0 0.0 -2.345381 -3.741133 -2.252148 0.0 -0.0 0.0 -8.680352 -3.883042 -3.13835 8.888373 3.355701 -6.015839 0.0 -0.0 0.0 -0.789304 -7.285017 -3.385952 0.0 -0.0 0.0 -12.266362 -6.770043 -3.829185 12.748711 5.779631 -4.507649 0.0 -0.0 0.0 -0.002125 2.297532 1.077113 0.0 -0.0 0.0 -16.653231 -16.879332 -5.818032 18.858604 14.33904 0.985165 0.0 -0.0 0.0 1.68497 -4.635244 -1.805353 0.0 -0.0 0.0 90.181915 -69.738167 89.97924 20.234636 -4e-06 1e-06 0.010699 -0.0 0.0 0.000698 0.001975 9.712301 25.642763 -18.917789 54.214169 -29.886368 -10.372681 24.530539 0.0 -0.0 0.0 0.0 -0.0 0.0 1.562406 0.379639 -1.402784 -1.576997 -0.344016 -8.299985 0.0 -0.0 0.0 -2.344502 -3.741118 -2.25218 0.0 -0.0 0.0 -8.680535 -3.881308 -3.138472 8.888452 3.353951 -6.015964 0.0 -0.0 0.0 -0.789081 -7.285012 -3.385969 0.0 -0.0 0.0 -12.266361 -6.770046 -3.829185 12.748709 5.779632 -4.507646 0.0 -0.0 0.0 -0.001557 2.295775 1.076246 0.0 -0.0 0.0 -16.652988 -16.879618 -5.819845 18.85882 14.338744 0.986972 0.0 -0.0 0.0 1.684433 -4.633524 -1.803554 0.0 -0.0 0.0 -178.745667 -0.0 0.0 3.659674 -0.0 0.0 -73.798668 0.0 0.0 -4.726109 0.08116 0.023582 -0.997327 3.3e-05 1e-06 1.25456 -0.0 0.0 3.659674 -0.0 0.0 -73.798668 3e-06 0.0 -4.726109 0.081185 0.023581 -0.997327 6e-06 2e-06 
0.0 0.0 0.0 0.0 -0.0 0.0 0.0 100.87085 0.0 90.000328 0.190163 90.000328 -0.049287 1e-06 -3e-06 -5.927024 3e-06 -0.0 5.964053 5e-06 0.0 16.829426 1e-05 2e-06 1.052974 2.1e-05 -2e-06 -24.428869 4e-05 -2e-05 -0.0 -7.4e-05 3.1e-05 0.0 7.9e-05 0.0 10.592797 -0.254773 3.786015 10.592787 0.254987 -3.785956 -89.776634 -69.738167 89.979286 20.234638 -3e-06 -1e-06 0.010686 -0.0 0.0 0.000704 0.001974 9.712303 25.642761 -18.917786 54.214165 -29.88636 -10.372678 24.530539 0.0 -0.0 0.0 0.0 -0.0 0.0 1.560195 0.375098 -1.406302 -1.574694 -0.339407 -8.296517 0.0 -0.0 0.0 -2.345381 -3.741133 -2.252148 0.0 -0.0 0.0 -8.680352 -3.883042 -3.13835 8.888373 3.355701 -6.015839 0.0 -0.0 0.0 -0.789304 -7.285017 -3.385952 0.0 -0.0 0.0 -12.266362 -6.770043 -3.829185 12.748711 5.779631 -4.507649 0.0 -0.0 0.0 -0.002125 2.297532 1.077113 0.0 -0.0 0.0 -16.653231 -16.879332 -5.818032 18.858604 14.33904 0.985165 0.0 -0.0 0.0 1.68497 -4.635244 -1.805353 0.0 -0.0 0.0 90.181915 -69.738167 89.97924 20.234636 -4e-06 1e-06 0.010699 -0.0 0.0 0.000698 0.001975 9.712301 25.642763 -18.917789 54.214169 -29.886368 -10.372681 24.530539 0.0 -0.0 0.0 0.0 -0.0 0.0 1.562406 0.379639 -1.402784 -1.576997 -0.344016 -8.299985 0.0 -0.0 0.0 -2.344502 -3.741118 -2.25218 0.0 -0.0 0.0 -8.680535 -3.881308 -3.138472 8.888452 3.353951 -6.015964 0.0 -0.0 0.0 -0.789081 -7.285012 -3.385969 0.0 -0.0 0.0 -12.266361 -6.770046 -3.829185 12.748709 5.779632 -4.507646 0.0 -0.0 0.0 -0.001557 2.295775 1.076246 0.0 -0.0 0.0 -16.652988 -16.879618 -5.819845 18.85882 14.338744 0.986972 0.0 -0.0 0.0 1.684433 -4.633524 -1.803554 0.0 -0.0 0.0 -178.745667 -0.0 0.0 3.659674 -0.0 0.0 -73.798668 0.0 0.0 -4.726109 0.08116 0.023582 -0.997327 3.3e-05 1e-06 1.25456 -0.0 0.0 3.659674 -0.0 0.0 -73.798668 3e-06 0.0 -4.726109 0.081185 0.023581 -0.997327 6e-06 2e-06 
0.0 0.0 0.0 0.0 -0.0 0.0 0.0 100.87085 0.0 90.000328 0.190163 90.000328 -0.049287 1e-06 -3e-06 -5.927024 3e-06 -0.0 5.964053 5e-06 0.0 16.829426 1e-05 2e-06 1.052974 2.1e-05 -2e-06 -24.428869 4e-05 -2e-05 -0.0 -7.4e-05 3.1e-05 0.0 7.9e-05 0.0 10.592797 -0.254773 3.786015 10.592787 0.254987 -3.785956 -89.776634 -69.738167 89.979286 20.234638 -3e-06 -1e-06 0.010686 -0.0 0.0 0.000704 0.001974 9.712303 25.642761 -18.917786 54.214165 -29.88636 -10.372678 24.530539 0.0 -0.0 0.0 0.0 -0.0 0.0 1.560195 0.375098 -1.406302 -1.574694 -0.339407 -8.296517 0.0 -0.0 0.0 -2.345381 -3.741133 -2.252148 0.0 -0.0 0.0 -8.680352 -3.883042 -3.13835 8.888373 3.355701 -6.015839 0.0 -0.0 0.0 -0.789304 -7.285017 -3.385952 0.0 -0.0 0.0 -12.266362 -6.770043 -3.829185 12.748711 5.779631 -4.507649 0.0 -0.0 0.0 -0.002125 2.297532 1.077113 0.0 -0.0 0.0 -16.653231 -16.879332 -5.818032 18.858604 14.33904 0.985165 0.0 -0.0 0.0 1.68497 -4.635244 -1.805353 0.0 -0.0 0.0 90.181915 -69.738167 89.97924 20.234636 -4e-06 1e-06 0.010699 -0.0 0.0 0.000698 0.001975 9.712301 25.642763 -18.917789 54.214169 -29.886368 -10.372681 24.530539 0.0 -0.0 0.0 0.0 -0.0 0.0 1.562406 0.379639 -1.402784 -1.576997 -0.344016 -8.299985 0.0 -0.0 0.0 -2.344502 -3.741118 -2.25218 0.0 -0.0 0.0 -8.680535 -3.881308 -3.138472 8.888452 3.353951 -6.015964 0.0 -0.0 0.0 -0.789081 -7.285012 -3.385969 0.0 -0.0 0.0 -12.266361 -6.770046 -3.829185 12.748709 5.779632 -4.507646 0.0 -0.0 0.0 -0.001557 2.295775 1.076246 0.0 -0.0 0.0 -16.652988 -16.879618 -5.819845 18.85882 14.338744 0.986972 0.0 -0.0 0.0 1.684433 -4.633524 -1.803554 0.0 -0.0 0.0 -178.745667 -0.0 0.0 3.659674 -0.0 0.0 -73.798668 0.0 0.0 -4.726109 0.08116 0.023582 -0.997327 3.3e-05 1e-06 1.25456 -0.0 0.0 3.659674 -0.0 0.0 -73.798668 3e-06 0.0 -4.726109 0.081185 0.023581 -0.997327 6e-06 2e-06 
0.0 0.0 0.0 0.0 -0.0 0.0 0.0 100.87085 0.0 90.000328 0.190163 90.000328 -0.049287 1e-06 -3e-06 -5.927024 3e-06 -0.0 5.964053 5e-06 0.0 16.829426 1e-05 2e-06 1.052974 2.1e-05 -2e-06 -24.428869 4e-05 -2e-05 -0.0 -7.4e-05 3.1e-05 0.0 7.9e-05 0.0 10.592797 -0.254773 3.786015 10.592787 0.254987 -3.785956 -89.776634 -69.738167 89.979286 20.234638 -3e-06 -1e-06 0.010686 -0.0 0.0 0.000704 0.001974 9.712303 25.642761 -18.917786 54.214165 -29.88636 -10.372678 24.530539 0.0 -0.0 0.0 0.0 -0.0 0.0 1.560195 0.375098 -1.406302 -1.574694 -0.339407 -8.296517 0.0 -0.0 0.0 -2.345381 -3.741133 -2.252148 0.0 -0.0 0.0 -8.680352 -3.883042 -3.13835 8.888373 3.355701 -6.015839 0.0 -0.0 0.0 -0.789304 -7.285017 -3.385952 0.0 -0.0 0.0 -12.266362 -6.770043 -3.829185 12.748711 5.779631 -4.507649 0.0 -0.0 0.0 -0.002125 2.297532 1.077113 0.0 -0.0 0.0 -16.653231 -16.879332 -5.818032 18.858604 14.33904 0.985165 0.0 -0.0 0.0 1.68497 -4.635244 -1.805353 0.0 -0.0 0.0 90.181915 -69.738167 89.97924 20.234636 -4e-06 1e-06 0.010699 -0.0 0.0 0.000698 0.001975 9.712301 25.642763 -18.917789 54.214169 -29.886368 -10.372681 24.530539 0.0 -0.0 0.0 0.0 -0.0 0.0 1.562406 0.379639 -1.402784 -1.576997 -0.344016 -8.299985 0.0 -0.0 0.0 -2.344502 -3.741118 -2.25218 0.0 -0.0 0.0 -8.680535 -3.881308 -3.138472 8.888452 3.353951 -6.015964 0.0 -0.0 0.0 -0.789081 -7.285012 -3.385969 0.0 -0.0 0.0 -12.266361 -6.770046 -3.829185 12.748709 5.779632 -4.507646 0.0 -0.0 0.0 -0.001557 2.295775 1.076246 0.0 -0.0 0.0 -16.652988 -16.879618 -5.819845 18.85882 14.338744 0.986972 0.0 -0.0 0.0 1.684433 -4.633524 -1.803554 0.0 -0.0 0.0 -178.745667 -0.0 0.0 3.659674 -0.0 0.0 -73.798668 0.0 0.0 -4.726109 0.08116 0.023582 -0.997327 3.3e-05 1e-06 1.25456 -0.0 0.0 3.659674 -0.0 0.0 -73.798668 3e-06 0.0 -4.726109 0.081185 0.023581 -0.997327 6e-06 2e-06 
0.0 0.0 0.0 0.0 -0.0 0.0 0.0 100.87085 0.0 90.000328 0.190163 90.000328 -0.049287 1e-06 -3e-06 -5.927024 3e-06 -0.0 5.964053 5e-06 0.0 16.829426 1e-05 2e-06 1.052974 2.1e-05 -2e-06 -24.428869 4e-05 -2e-05 -0.0 -7.4e-05 3.1e-05 0.0 7.9e-05 0.0 10.592797 -0.254773 3.786015 10.592787 0.254987 -3.785956 -89.776634 -69.738167 89.979286 20.234638 -3e-06 -1e-06 0.010686 -0.0 0.0 0.000704 0.001974 9.712303 25.642761 -18.917786 54.214165 -29.88636 -10.372678 24.530539 0.0 -0.0 0.0 0.0 -0.0 0.0 1.560195 0.375098 -1.406302 -1.574694 -0.339407 -8.296517 0.0 -0.0 0.0 -2.345381 -3.741133 -2.252148 0.0 -0.0 0.0 -8.680352 -3.883042 -3.13835 8.888373 3.355701 -6.015839 0.0 -0.0 0.0 -0.789304 -7.285017 -3.385952 0.0 -0.0 0.0 -12.266362 -6.770043 -3.829185 12.748711 5.779631 -4.507649 0.0 -0.0 0.0 -0.002125 2.297532 1.077113 0.0 -0.0 0.0 -16.653231 -16.879332 -5.818032 18.858604 14.33904 0.985165 0.0 -0.0 0.0 1.68497 -4.635244 -1.805353 0.0 -0.0 0.0 90.181915 -69.738167 89.97924 20.234636 -4e-06 1e-06 0.010699 -0.0 0.0 0.000698 0.001975 9.712301 25.642763 -18.917789 54.214169 -29.886368 -10.372681 24.530539 0.0 -0.0 0.0 0.0 -0.0 0.0 1.562406 0.379639 -1.402784 -1.576997 -0.344016 -8.299985 0.0 -0.0 0.0 -2.344502 -3.741118 -2.25218 0.0 -0.0 0.0 -8.680535 -3.881308 -3.138472 8.888452 3.353951 -6.015964 0.0 -0.0 0.0 -0.789081 -7.285012 -3.385969 0.0 -0.0 0.0 -12.266361 -6.770046 -3.829185 12.748709 5.779632 -4.507646 0.0 -0.0 0.0 -0.001557 2.295775 1.076246 0.0 -0.0 0.0 -16.652988 -16.879618 -5.819845 18.85882 14.338744 0.986972 0.0 -0.0 0.0 1.684433 -4.633524 -1.803554 0.0 -0.0 0.0 -178.745667 -0.0 0.0 3.659674 -0.0 0.0 -73.798668 0.0 0.0 -4.726109 0.08116 0.023582 -0.997327 3.3e-05 1e-06 1.25456 -0.0 0.0 3.659674 -0.0 0.0 -73.798668 3e-06 0.0 -4.726109 0.081185 0.023581 -0.997327 6e-06 2e-06 
0.0 0.0 0.0 0.0 -0.0 0.0 0.0 100.87085 0.0 90.000328 0.190163 90.000328 -0.049287 1e-06 -3e-06 -5.927024 3e-06 -0.0 5.964053 5e-06 0.0 16.829426 1e-05 2e-06 1.052974 2.1e-05 -2e-06 -24.428869 4e-05 -2e-05 -0.0 -7.4e-05 3.1e-05 0.0 7.9e-05 0.0 10.592797 -0.254773 3.786015 10.592787 0.254987 -3.785956 -89.776634 -69.738167 89.979286 20.234638 -3e-06 -1e-06 0.010686 -0.0 0.0 0.000704 0.001974 9.712303 25.642761 -18.917786 54.214165 -29.88636 -10.372678 24.530539 0.0 -0.0 0.0 0.0 -0.0 0.0 1.560195 0.375098 -1.406302 -1.574694 -0.339407 -8.296517 0.0 -0.0 0.0 -2.345381 -3.741133 -2.252148 0.0 -0.0 0.0 -8.680352 -3.883042 -3.13835 8.888373 3.355701 -6.015839 0.0 -0.0 0.0 -0.789304 -7.285017 -3.385952 0.0 -0.0 0.0 -12.266362 -6.770043 -3.829185 12.748711 5.779631 -4.507649 0.0 -0.0 0.0 -0.002125 2.297532 1.077113 0.0 -0.0 0.0 -16.653231 -16.879332 -5.818032 18.858604 14.33904 0.985165 0.0 -0.0 0.0 1.68497 -4.635244 -1.805353 0.0 -0.0 0.0 90.181915 -69.738167 89.97924 20.234636 -4e-06 1e-06 0.010699 -0.0 0.0 0.000698 0.001975 9.712301 25.642763 -18.917789 54.214169 -29.886368 -10.372681 24.530539 0.0 -0.0 0.0 0.0 -0.0 0.0 1.562406 0.379639 -1.402784 -1.576997 -0.344016 -8.299985 0.0 -0.0 0.0 -2.344502 -3.741118 -2.25218 0.0 -0.0 0.0 -8.680535 -3.881308 -3.138472 8.888452 3.353951 -6.015964 0.0 -0.0 0.0 -0.789081 -7.285012 -3.385969 0.0 -0.0 0.0 -12.266361 -6.770046 -3.829185 12.748709 5.779632 -4.507646 0.0 -0.0 0.0 -0.001557 2.295775 1.076246 0.0 -0.0 0.0 -16.652988 -16.879618 -5.819845 18.85882 14.338744 0.986972 0.0 -0.0 0.0 1.684433 -4.633524 -1.803554 0.0 -0.0 0.0 -178.745667 -0.0 0.0 3.659674 -0.0 0.0 -73.798668 0.0 0.0 -4.726109 0.08116 0.023582 -0.997327 3.3e-05 1e-06 1.25456 -0.0 0.0 3.659674 -0.0 0.0 -73.798668 3e-06 0.0 -4.726109 0.081185 0.023581 -0.997327 6e-06 2e-06 
0.0 0.0 0.0 0.0 -0.0 0.0 0.0 100.87085 0.0 90.000328 0.190163 90.000328 -0.049287 1e-06 -3e-06 -5.927024 3e-06 -0.0 5.964053 5e-06 0.0 16.829426 1e-05 2e-06 1.052974 2.1e-05 -2e-06 -24.428869 4e-05 -2e-05 -0.0 -7.4e-05 3.1e-05 0.0 7.9e-05 0.0 10.592797 -0.254773 3.786015 10.592787 0.254987 -3.785956 -89.776634 -69.738167 89.979286 20.234638 -3e-06 -1e-06 0.010686 -0.0 0.0 0.000704 0.001974 9.712303 25.642761 -18.917786 54.214165 -29.88636 -10.372678 24.530539 0.0 -0.0 0.0 0.0 -0.0 0.0 1.560195 0.375098 -1.406302 -1.574694 -0.339407 -8.296517 0.0 -0.0 0.0 -2.345381 -3.741133 -2.252148 0.0 -0.0 0.0 -8.680352 -3.883042 -3.13835 8.888373 3.355701 -6.015839 0.0 -0.0 0.0 -0.789304 -7.285017 -3.385952 0.0 -0.0 0.0 -12.266362 -6.770043 -3.829185 12.748711 5.779631 -4.507649 0.0 -0.0 0.0 -0.002125 2.297532 1.077113 0.0 -0.0 0.0 -16.653231 -16.879332 -5.818032 18.858604 14.33904 0.985165 0.0 -0.0 0.0 1.68497 -4.635244 -1.805353 0.0 -0.0 0.0 90.181915 -69.738167 89.97924 20.234636 -4e-06 1e-06 0.010699 -0.0 0.0 0.000698 0.001975 9.712301 25.642763 -18.917789 54.214169 -29.886368 -10.372681 24.530539 0.0 -0.0 0.0 0.0 -0.0 0.0 1.562406 0.379639 -1.402784 -1.576997 -0.344016 -8.299985 0.0 -0.0 0.0 -2.344502 -3.741118 -2.25218 0.0 -0.0 0.0 -8.680535 -3.881308 -3.138472 8.888452 3.353951 -6.015964 0.0 -0.0 0.0 -0.789081 -7.285012 -3.385969 0.0 -0.0 0.0 -12.266361 -6.770046 -3.829185 12.748709 5.779632 -4.507646 0.0 -0.0 0.0 -0.001557 2.295775 1.076246 0.0 -0.0 0.0 -16.652988 -16.879618 -5.819845 18.85882 14.338744 0.986972 0.0 -0.0 0.0 1.684433 -4.633524 -1.803554 0.0 -0.0 0.0 -178.745667 -0.0 0.0 3.659674 -0.0 0.0 -73.798668 0.0 0.0 -4.726109 0.08116 0.023582 -0.997327 3.3e-05 1e-06 1.25456 -0.0 0.0 3.659674 -0.0 0.0 -73.798668 3e-06 0.0 -4.726109 0.081185 0.023581 -0.997327 6e-06 2e-06 
0.0 0.0 0.0 0.0 -0.0 0.0 0.0 100.87085 0.0 90.000328 0.190163 90.000328 -0.049287 1e-06 -3e-06 -5.927024 3e-06 -0.0 5.964053 5e-06 0.0 16.829426 1e-05 2e-06 1.052974 2.1e-05 -2e-06 -24.428869 4e-05 -2e-05 -0.0 -7.4e-05 3.1e-05 0.0 7.9e-05 0.0 10.592797 -0.254773 3.786015 10.592787 0.254987 -3.785956 -89.776634 -69.738167 89.979286 20.234638 -3e-06 -1e-06 0.010686 -0.0 0.0 0.000704 0.001974 9.712303 25.642761 -18.917786 54.214165 -29.88636 -10.372678 24.530539 0.0 -0.0 0.0 0.0 -0.0 0.0 1.560195 0.375098 -1.406302 -1.574694 -0.339407 -8.296517 0.0 -0.0 0.0 -2.345381 -3.741133 -2.252148 0.0 -0.0 0.0 -8.680352 -3.883042 -3.13835 8.888373 3.355701 -6.015839 0.0 -0.0 0.0 -0.789304 -7.285017 -3.385952 0.0 -0.0 0.0 -12.266362 -6.770043 -3.829185 12.748711 5.779631 -4.507649 0.0 -0.0 0.0 -0.002125 2.297532 1.077113 0.0 -0.0 0.0 -16.653231 -16.879332 -5.818032 18.858604 14.33904 0.985165 0.0 -0.0 0.0 1.68497 -4.635244 -1.805353 0.0 -0.0 0.0 90.181915 -69.738167 89.97924 20.234636 -4e-06 1e-06 0.010699 -0.0 0.0 0.000698 0.001975 9.712301 25.642763 -18.917789 54.214169 -29.886368 -10.372681 24.530539 0.0 -0.0 0.0 0.0 -0.0 0.0 1.562406 0.379639 -1.402784 -1.576997 -0.344016 -8.299985 0.0 -0.0 0.0 -2.344502 -3.741118 -2.25218 0.0 -0.0 0.0 -8.680535 -3.881308 -3.138472 8.888452 3.353951 -6.015964 0.0 -0.0 0.0 -0.789081 -7.285012 -3.385969 0.0 -0.0 0.0 -12.266361 -6.770046 -3.829185 12.748709 5.779632 -4.507646 0.0 -0.0 0.0 -0.001557 2.295775 1.076246 0.0 -0.0 0.0 -16.652988 -16.879618 -5.819845 18.85882 14.338744 0.986972 0.0 -0.0 0.0 1.684433 -4.633524 -1.803554 0.0 -0.0 0.0 -178.745667 -0.0 0.0 3.659674 -0.0 0.0 -73.798668 0.0 0.0 -4.726109 0.08116 0.023582 -0.997327 3.3e-05 1e-06 1.25456 -0.0 0.0 3.659674 -0.0 0.0 -73.798668 3e-06 0.0 -4.726109 0.081185 0.023581 -0.997327 6e-06 2e-06 
0.0 0.0 0.0 0.0 -0.0 0.0 0.0 100.87085 0.0 90.000328 0.190163 90.000328 -0.049287 1e-06 -3e-06 -5.927024 3e-06 -0.0 5.964053 5e-06 0.0 16.829426 1e-05 2e-06 1.052974 2.1e-05 -2e-06 -24.428869 4e-05 -2e-05 -0.0 -7.4e-05 3.1e-05 0.0 7.9e-05 0.0 10.592797 -0.254773 3.786015 10.592787 0.254987 -3.785956 -89.776634 -69.738167 89.979286 20.234638 -3e-06 -1e-06 0.010686 -0.0 0.0 0.000704 0.001974 9.712303 25.642761 -18.917786 54.214165 -29.88636 -10.372678 24.530539 0.0 -0.0 0.0 0.0 -0.0 0.0 1.560195 0.375098 -1.406302 -1.574694 -0.339407 -8.296517 0.0 -0.0 0.0 -2.345381 -3.741133 -2.252148 0.0 -0.0 0.0 -8.680352 -3.883042 -3.13835 8.888373 3.355701 -6.015839 0.0 -0.0 0.0 -0.789304 -7.285017 -3.385952 0.0 -0.0 0.0 -12.266362 -6.770043 -3.829185 12.748711 5.779631 -4.507649 0.0 -0.0 0.0 -0.002125 2.297532 1.077113 0.0 -0.0 0.0 -16.653231 -16.879332 -5.818032 18.858604 14.33904 0.985165 0.0 -0.0 0.0 1.68497 -4.635244 -1.805353 0.0 -0.0 0.0 90.181915 -69.738167 89.97924 20.234636 -4e-06 1e-06 0.010699 -0.0 0.0 0.000698 0.001975 9.712301 25.642763 -18.917789 54.214169 -29.886368 -10.372681 24.530539 0.0 -0.0 0.0 0.0 -0.0 0.0 1.562406 0.379639 -1.402784 -1.576997 -0.344016 -8.299985 0.0 -0.0 0.0 -2.344502 -3.741118 -2.25218 0.0 -0.0 0.0 -8.680535 -3.881308 -3.138472 8.888452 3.353951 -6.015964 0.0 -0.0 0.0 -0.789081 -7.285012 -3.385969 0.0 -0.0 0.0 -12.266361 -6.770046 -3.829185 12.748709 5.779632 -4.507646 0.0 -0.0 0.0 -0.001557 2.295775 1.076246 0.0 -0.0 0.0 -16.652988 -16.879618 -5.819845 18.85882 14.338744 0.986972 0.0 -0.0 0.0 1.684433 -4.633524 -1.803554 0.0 -0.0 0.0 -178.745667 -0.0 0.0 3.659674 -0.0 0.0 -73.798668 0.0 0.0 -4.726109 0.08116 0.023582 -0.997327 3.3e-05 1e-06 1.25456 -0.0 0.0 3.659674 -0.0 0.0 -73.798668 3e-06 0.0 -4.726109 0.081185 0.023581 -0.997327 6e-06 2e-06 
0.0 0.0 0.0 0.0 -0.0 0.0 0.0 100.87085 0.0 90.000328 0.190163 90.000328 -0.049287 1e-06 -3e-06 -5.927024 3e-06 -0.0 5.964053 5e-06 0.0 16.829426 1e-05 2e-06 1.052974 2.1e-05 -2e-06 -24.428869 4e-05 -2e-05 -0.0 -7.4e-05 3.1e-05 0.0 7.9e-05 0.0 10.592797 -0.254773 3.786015 10.592787 0.254987 -3.785956 -89.776634 -69.738167 89.979286 20.234638 -3e-06 -1e-06 0.010686 -0.0 0.0 0.000704 0.001974 9.712303 25.642761 -18.917786 54.214165 -29.88636 -10.372678 24.530539 0.0 -0.0 0.0 0.0 -0.0 0.0 1.560195 0.375098 -1.406302 -1.574694 -0.339407 -8.296517 0.0 -0.0 0.0 -2.345381 -3.741133 -2.252148 0.0 -0.0 0.0 -8.680352 -3.883042 -3.13835 8.888373 3.355701 -6.015839 0.0 -0.0 0.0 -0.789304 -7.285017 -3.385952 0.0 -0.0 0.0 -12.266362 -6.770043 -3.829185 12.748711 5.779631 -4.507649 0.0 -0.0 0.0 -0.002125 2.297532 1.077113 0.0 -0.0 0.0 -16.653231 -16.879332 -5.818032 18.858604 14.33904 0.985165 0.0 -0.0 0.0 1.68497 -4.635244 -1.805353 0.0 -0.0 0.0 90.181915 -69.738167 89.97924 20.234636 -4e-06 1e-06 0.010699 -0.0 0.0 0.000698 0.001975 9.712301 25.642763 -18.917789 54.214169 -29.886368 -10.372681 24.530539 0.0 -0.0 0.0 0.0 -0.0 0.0 1.562406 0.379639 -1.402784 -1.576997 -0.344016 -8.299985 0.0 -0.0 0.0 -2.344502 -3.741118 -2.25218 0.0 -0.0 0.0 -8.680535 -3.881308 -3.138472 8.888452 3.353951 -6.015964 0.0 -0.0 0.0 -0.789081 -7.285012 -3.385969 0.0 -0.0 0.0 -12.266361 -6.770046 -3.829185 12.748709 5.779632 -4.507646 0.0 -0.0 0.0 -0.001557 2.295775 1.076246 0.0 -0.0 0.0 -16.652988 -16.879618 -5.819845 18.85882 14.338744 0.986972 0.0 -0.0 0.0 1.684433 -4.633524 -1.803554 0.0 -0.0 0.0 -178.745667 -0.0 0.0 3.659674 -0.0 0.0 -73.798668 0.0 0.0 -4.726109 0.08116 0.023582 -0.997327 3.3e-05 1e-06 1.25456 -0.0 0.0 3.659674 -0.0 0.0 -73.798668 3e-06 0.0 -4.726109 0.081185 0.023581 -0.997327 6e-06 2e-06 
0.0 0.0 0.0 0.0 -0.0 0.0 0.0 100.87085 0.0 90.000328 0.190163 90.000328 -0.049287 1e-06 -3e-06 -5.927024 3e-06 -0.0 5.964053 5e-06 0.0 16.829426 1e-05 2e-06 1.052974 2.1e-05 -2e-06 -24.428869 4e-05 -2e-05 -0.0 -7.4e-05 3.1e-05 0.0 7.9e-05 0.0 10.592797 -0.254773 3.786015 10.592787 0.254987 -3.785956 -89.776634 -69.738167 89.979286 20.234638 -3e-06 -1e-06 0.010686 -0.0 0.0 0.000704 0.001974 9.712303 25.642761 -18.917786 54.214165 -29.88636 -10.372678 24.530539 0.0 -0.0 0.0 0.0 -0.0 0.0 1.560195 0.375098 -1.406302 -1.574694 -0.339407 -8.296517 0.0 -0.0 0.0 -2.345381 -3.741133 -2.252148 0.0 -0.0 0.0 -8.680352 -3.883042 -3.13835 8.888373 3.355701 -6.015839 0.0 -0.0 0.0 -0.789304 -7.285017 -3.385952 0.0 -0.0 0.0 -12.266362 -6.770043 -3.829185 12.748711 5.779631 -4.507649 0.0 -0.0 0.0 -0.002125 2.297532 1.077113 0.0 -0.0 0.0 -16.653231 -16.879332 -5.818032 18.858604 14.33904 0.985165 0.0 -0.0 0.0 1.68497 -4.635244 -1.805353 0.0 -0.0 0.0 90.181915 -69.738167 89.97924 20.234636 -4e-06 1e-06 0.010699 -0.0 0.0 0.000698 0.001975 9.712301 25.642763 -18.917789 54.214169 -29.886368 -10.372681 24.530539 0.0 -0.0 0.0 0.0 -0.0 0.0 1.562406 0.379639 -1.402784 -1.576997 -0.344016 -8.299985 0.0 -0.0 0.0 -2.344502 -3.741118 -2.25218 0.0 -0.0 0.0 -8.680535 -3.881308 -3.138472 8.888452 3.353951 -6.015964 0.0 -0.0 0.0 -0.789081 -7.285012 -3.385969 0.0 -0.0 0.0 -12.266361 -6.770046 -3.829185 12.748709 5.779632 -4.507646 0.0 -0.0 0.0 -0.001557 2.295775 1.076246 0.0 -0.0 0.0 -16.652988 -16.879618 -5.819845 18.85882 14.338744 0.986972 0.0 -0.0 0.0 1.684433 -4.633524 -1.803554 0.0 -0.0 0.0 -178.745667 -0.0 0.0 3.659674 -0.0 0.0 -73.798668 0.0 0.0 -4.726109 0.08116 0.023582 -0.997327 3.3e-05 1e-06 1.25456 -0.0 0.0 3.659674 -0.0 0.0 -73.798668 3e-06 0.0 -4.726109 0.081185 0.023581 -0.997327 6e-06 2e-06 
0.0 0.0 0.0 0.0 -0.0 0.0 0.0 100.87085 0.0 90.000328 0.190163 90.000328 -0.049287 1e-06 -3e-06 -5.927024 3e-06 -0.0 5.964053 5e-06 0.0 16.829426 1e-05 2e-06 1.052974 2.1e-05 -2e-06 -24.428869 4e-05 -2e-05 -0.0 -7.4e-05 3.1e-05 0.0 7.9e-05 0.0 10.592797 -0.254773 3.786015 10.592787 0.254987 -3.785956 -89.776634 -69.738167 89.979286 20.234638 -3e-06 -1e-06 0.010686 -0.0 0.0 0.000704 0.001974 9.712303 25.642761 -18.917786 54.214165 -29.88636 -10.372678 24.530539 0.0 -0.0 0.0 0.0 -0.0 0.0 1.560195 0.375098 -1.406302 -1.574694 -0.339407 -8.296517 0.0 -0.0 0.0 -2.345381 -3.741133 -2.252148 0.0 -0.0 0.0 -8.680352 -3.883042 -3.13835 8.888373 3.355701 -6.015839 0.0 -0.0 0.0 -0.789304 -7.285017 -3.385952 0.0 -0.0 0.0 -12.266362 -6.770043 -3.829185 12.748711 5.779631 -4.507649 0.0 -0.0 0.0 -0.002125 2.297532 1.077113 0.0 -0.0 0.0 -16.653231 -16.879332 -5.818032 18.858604 14.33904 0.985165 0.0 -0.0 0.0 1.68497 -4.635244 -1.805353 0.0 -0.0 0.0 90.181915 -69.738167 89.97924 20.234636 -4e-06 1e-06 0.010699 -0.0 0.0 0.000698 0.001975 9.712301 25.642763 -18.917789 54.214169 -29.886368 -10.372681 24.530539 0.0 -0.0 0.0 0.0 -0.0 0.0 1.562406 0.379639 -1.402784 -1.576997 -0.344016 -8.299985 0.0 -0.0 0.0 -2.344502 -3.741118 -2.25218 0.0 -0.0 0.0 -8.680535 -3.881308 -3.138472 8.888452 3.353951 -6.015964 0.0 -0.0 0.0 -0.789081 -7.285012 -3.385969 0.0 -0.0 0.0 -12.266361 -6.770046 -3.829185 12.748709 5.779632 -4.507646 0.0 -0.0 0.0 -0.001557 2.295775 1.076246 0.0 -0.0 0.0 -16.652988 -16.879618 -5.819845 18.85882 14.338744 0.986972 0.0 -0.0 0.0 1.684433 -4.633524 -1.803554 0.0 -0.0 0.0 -178.745667 -0.0 0.0 3.659674 -0.0 0.0 -73.798668 0.0 0.0 -4.726109 0.08116 0.023582 -0.997327 3.3e-05 1e-06 1.25456 -0.0 0.0 3.659674 -0.0 0.0 -73.798668 3e-06 0.0 -4.726109 0.081185 0.023581 -0.997327 6e-06 2e-06 
0.0 0.0 0.0 0.0 -0.0 0.0 0.0 100.87085 0.0 90.000328 0.190163 90.000328 -0.049287 1e-06 -3e-06 -5.927024 3e-06 -0.0 5.964053 5e-06 0.0 16.829426 1e-05 2e-06 1.052974 2.1e-05 -2e-06 -24.428869 4e-05 -2e-05 -0.0 -7.4e-05 3.1e-05 0.0 7.9e-05 0.0 10.592797 -0.254773 3.786015 10.592787 0.254987 -3.785956 -89.776634 -69.738167 89.979286 20.234638 -3e-06 -1e-06 0.010686 -0.0 0.0 0.000704 0.001974 9.712303 25.642761 -18.917786 54.214165 -29.88636 -10.372678 24.530539 0.0 -0.0 0.0 0.0 -0.0 0.0 1.560195 0.375098 -1.406302 -1.574694 -0.339407 -8.296517 0.0 -0.0 0.0 -2.345381 -3.741133 -2.252148 0.0 -0.0 0.0 -8.680352 -3.883042 -3.13835 8.888373 3.355701 -6.015839 0.0 -0.0 0.0 -0.789304 -7.285017 -3.385952 0.0 -0.0 0.0 -12.266362 -6.770043 -3.829185 12.748711 5.779631 -4.507649 0.0 -0.0 0.0 -0.002125 2.297532 1.077113 0.0 -0.0 0.0 -16.653231 -16.879332 -5.818032 18.858604 14.33904 0.985165 0.0 -0.0 0.0 1.68497 -4.635244 -1.805353 0.0 -0.0 0.0 90.181915 -69.738167 89.97924 20.234636 -4e-06 1e-06 0.010699 -0.0 0.0 0.000698 0.001975 9.712301 25.642763 -18.917789 54.214169 -29.886368 -10.372681 24.530539 0.0 -0.0 0.0 0.0 -0.0 0.0 1.562406 0.379639 -1.402784 -1.576997 -0.344016 -8.299985 0.0 -0.0 0.0 -2.344502 -3.741118 -2.25218 0.0 -0.0 0.0 -8.680535 -3.881308 -3.138472 8.888452 3.353951 -6.015964 0.0 -0.0 0.0 -0.789081 -7.285012 -3.385969 0.0 -0.0 0.0 -12.266361 -6.770046 -3.829185 12.748709 5.779632 -4.507646 0.0 -0.0 0.0 -0.001557 2.295775 1.076246 0.0 -0.0 0.0 -16.652988 -16.879618 -5.819845 18.85882 14.338744 0.986972 0.0 -0.0 0.0 1.684433 -4.633524 -1.803554 0.0 -0.0 0.0 -178.745667 -0.0 0.0 3.659674 -0.0 0.0 -73.798668 0.0 0.0 -4.726109 0.08116 0.023582 -0.997327 3.3e-05 1e-06 1.25456 -0.0 0.0 3.659674 -0.0 0.0 -73.798668 3e-06 0.0 -4.726109 0.081185 0.023581 -0.997327 6e-06 2e-06 
0.0 0.0 0.0 0.0 -0.0 0.0 0.0 100.87085 0.0 90.000328 0.190163 90.000328 -0.049287 1e-06 -3e-06 -5.927024 3e-06 -0.0 5.964053 5e-06 0.0 16.829426 1e-05 2e-06 1.052974 2.1e-05 -2e-06 -24.428869 4e-05 -2e-05 -0.0 -7.4e-05 3.1e-05 0.0 7.9e-05 0.0 10.592797 -0.254773 3.786015 10.592787 0.254987 -3.785956 -89.776634 -69.738167 89.979286 20.234638 -3e-06 -1e-06 0.010686 -0.0 0.0 0.000704 0.001974 9.712303 25.642761 -18.917786 54.214165 -29.88636 -10.372678 24.530539 0.0 -0.0 0.0 0.0 -0.0 0.0 1.560195 0.375098 -1.406302 -1.574694 -0.339407 -8.296517 0.0 -0.0 0.0 -2.345381 -3.741133 -2.252148 0.0 -0.0 0.0 -8.680352 -3.883042 -3.13835 8.888373 3.355701 -6.015839 0.0 -0.0 0.0 -0.789304 -7.285017 -3.385952 0.0 -0.0 0.0 -12.266362 -6.770043 -3.829185 12.748711 5.779631 -4.507649 0.0 -0.0 0.0 -0.002125 2.297532 1.077113 0.0 -0.0 0.0 -16.653231 -16.879332 -5.818032 18.858604 14.33904 0.985165 0.0 -0.0 0.0 1.68497 -4.635244 -1.805353 0.0 -0.0 0.0 90.181915 -69.738167 89.97924 20.234636 -4e-06 1e-06 0.010699 -0.0 0.0 0.000698 0.001975 9.712301 25.642763 -18.917789 54.214169 -29.886368 -10.372681 24.530539 0.0 -0.0 0.0 0.0 -0.0 0.0 1.562406 0.379639 -1.402784 -1.576997 -0.344016 -8.299985 0.0 -0.0 0.0 -2.344502 -3.741118 -2.25218 0.0 -0.0 0.0 -8.680535 -3.881308 -3.138472 8.888452 3.353951 -6.015964 0.0 -0.0 0.0 -0.789081 -7.285012 -3.385969 0.0 -0.0 0.0 -12.266361 -6.770046 -3.829185 12.748709 5.779632 -4.507646 0.0 -0.0 0.0 -0.001557 2.295775 1.076246 0.0 -0.0 0.0 -16.652988 -16.879618 -5.819845 18.85882 14.338744 0.986972 0.0 -0.0 0.0 1.684433 -4.633524 -1.803554 0.0 -0.0 0.0 -178.745667 -0.0 0.0 3.659674 -0.0 0.0 -73.798668 0.0 0.0 -4.726109 0.08116 0.023582 -0.997327 3.3e-05 1e-06 1.25456 -0.0 0.0 3.659674 -0.0 0.0 -73.798668 3e-06 0.0 -4.726109 0.081185 0.023581 -0.997327 6e-06 2e-06 
0.0 0.0 0.0 0.0 -0.0 0.0 0.0 100.87085 0.0 90.000328 0.190163 90.000328 -0.049287 1e-06 -3e-06 -5.927024 3e-06 -0.0 5.964053 5e-06 0.0 16.829426 1e-05 2e-06 1.052974 2.1e-05 -2e-06 -24.428869 4e-05 -2e-05 -0.0 -7.4e-05 3.1e-05 0.0 7.9e-05 0.0 10.592797 -0.254773 3.786015 10.592787 0.254987 -3.785956 -89.776634 -69.738167 89.979286 20.234638 -3e-06 -1e-06 0.010686 -0.0 0.0 0.000704 0.001974 9.712303 25.642761 -18.917786 54.214165 -29.88636 -10.372678 24.530539 0.0 -0.0 0.0 0.0 -0.0 0.0 1.560195 0.375098 -1.406302 -1.574694 -0.339407 -8.296517 0.0 -0.0 0.0 -2.345381 -3.741133 -2.252148 0.0 -0.0 0.0 -8.680352 -3.883042 -3.13835 8.888373 3.355701 -6.015839 0.0 -0.0 0.0 -0.789304 -7.285017 -3.385952 0.0 -0.0 0.0 -12.266362 -6.770043 -3.829185 12.748711 5.779631 -4.507649 0.0 -0.0 0.0 -0.002125 2.297532 1.077113 0.0 -0.0 0.0 -16.653231 -16.879332 -5.818032 18.858604 14.33904 0.985165 0.0 -0.0 0.0 1.68497 -4.635244 -1.805353 0.0 -0.0 0.0 90.181915 -69.738167 89.97924 20.234636 -4e-06 1e-06 0.010699 -0.0 0.0 0.000698 0.001975 9.712301 25.642763 -18.917789 54.214169 -29.886368 -10.372681 24.530539 0.0 -0.0 0.0 0.0 -0.0 0.0 1.562406 0.379639 -1.402784 -1.576997 -0.344016 -8.299985 0.0 -0.0 0.0 -2.344502 -3.741118 -2.25218 0.0 -0.0 0.0 -8.680535 -3.881308 -3.138472 8.888452 3.353951 -6.015964 0.0 -0.0 0.0 -0.789081 -7.285012 -3.385969 0.0 -0.0 0.0 -12.266361 -6.770046 -3.829185 12.748709 5.779632 -4.507646 0.0 -0.0 0.0 -0.001557 2.295775 1.076246 0.0 -0.0 0.0 -16.652988 -16.879618 -5.819845 18.85882 14.338744 0.986972 0.0 -0.0 0.0 1.684433 -4.633524 -1.803554 0.0 -0.0 0.0 -178.745667 -0.0 0.0 3.659674 -0.0 0.0 -73.798668 0.0 0.0 -4.726109 0.08116 0.023582 -0.997327 3.3e-05 1e-06 1.25456 -0.0 0.0 3.659674 -0.0 0.0 -73.798668 3e-06 0.0 -4.726109 0.081185 0.023581 -0.997327 6e-06 2e-06 
0.0 0.0 0.0 0.0 -0.0 0.0 0.0 100.87085 0.0 90.000328 0.190163 90.000328 -0.049287 1e-06 -3e-06 -5.927024 3e-06 -0.0 5.964053 5e-06 0.0 16.829426 1e-05 2e-06 1.052974 2.1e-05 -2e-06 -24.428869 4e-05 -2e-05 -0.0 -7.4e-05 3.1e-05 0.0 7.9e-05 0.0 10.592797 -0.254773 3.786015 10.592787 0.254987 -3.785956 -89.776634 -69.738167 89.979286 20.234638 -3e-06 -1e-06 0.010686 -0.0 0.0 0.000704 0.001974 9.712303 25.642761 -18.917786 54.214165 -29.88636 -10.372678 24.530539 0.0 -0.0 0.0 0.0 -0.0 0.0 1.560195 0.375098 -1.406302 -1.574694 -0.339407 -8.296517 0.0 -0.0 0.0 -2.345381 -3.741133 -2.252148 0.0 -0.0 0.0 -8.680352 -3.883042 -3.13835 8.888373 3.355701 -6.015839 0.0 -0.0 0.0 -0.789304 -7.285017 -3.385952 0.0 -0.0 0.0 -12.266362 -6.770043 -3.829185 12.748711 5.779631 -4.507649 0.0 -0.0 0.0 -0.002125 2.297532 1.077113 0.0 -0.0 0.0 -16.653231 -16.879332 -5.818032 18.858604 14.33904 0.985165 0.0 -0.0 0.0 1.68497 -4.635244 -1.805353 0.0 -0.0 0.0 90.181915 -69.738167 89.97924 20.234636 -4e-06 1e-06 0.010699 -0.0 0.0 0.000698 0.001975 9.712301 25.642763 -18.917789 54.214169 -29.886368 -10.372681 24.530539 0.0 -0.0 0.0 0.0 -0.0 0.0 1.562406 0.379639 -1.402784 -1.576997 -0.344016 -8.299985 0.0 -0.0 0.0 -2.344502 -3.741118 -2.25218 0.0 -0.0 0.0 -8.680535 -3.881308 -3.138472 8.888452 3.353951 -6.015964 0.0 -0.0 0.0 -0.789081 -7.285012 -3.385969 0.0 -0.0 0.0 -12.266361 -6.770046 -3.829185 12.748709 5.779632 -4.507646 0.0 -0.0 0.0 -0.001557 2.295775 1.076246 0.0 -0.0 0.0 -16.652988 -16.879618 -5.819845 18.85882 14.338744 0.986972 0.0 -0.0 0.0 1.684433 -4.633524 -1.803554 0.0 -0.0 0.0 -178.745667 -0.0 0.0 3.659674 -0.0 0.0 -73.798668 0.0 0.0 -4.726109 0.08116 0.023582 -0.997327 3.3e-05 1e-06 1.25456 -0.0 0.0 3.659674 -0.0 0.0 -73.798668 3e-06 0.0 -4.726109 0.081185 0.023581 -0.997327 6e-06 2e-06 
0.0 0.0 0.0 0.0 -0.0 0.0 0.0 100.87085 0.0 90.000328 0.190163 90.000328 -0.049287 1e-06 -3e-06 -5.927024 3e-06 -0.0 5.964053 5e-06 0.0 16.829426 1e-05 2e-06 1.052974 2.1e-05 -2e-06 -24.428869 4e-05 -2e-05 -0.0 -7.4e-05 3.1e-05 0.0 7.9e-05 0.0 10.592797 -0.254773 3.786015 10.592787 0.254987 -3.785956 -89.776634 -69.738167 89.979286 20.234638 -3e-06 -1e-06 0.010686 -0.0 0.0 0.000704 0.001974 9.712303 25.642761 -18.917786 54.214165 -29.88636 -10.372678 24.530539 0.0 -0.0 0.0 0.0 -0.0 0.0 1.560195 0.375098 -1.406302 -1.574694 -0.339407 -8.296517 0.0 -0.0 0.0 -2.345381 -3.741133 -2.252148 0.0 -0.0 0.0 -8.680352 -3.883042 -3.13835 8.888373 3.355701 -6.015839 0.0 -0.0 0.0 -0.789304 -7.285017 -3.385952 0.0 -0.0 0.0 -12.266362 -6.770043 -3.829185 12.748711 5.779631 -4.507649 0.0 -0.0 0.0 -0.002125 2.297532 1.077113 0.0 -0.0 0.0 -16.653231 -16.879332 -5.818032 18.858604 14.33904 0.985165 0.0 -0.0 0.0 1.68497 -4.635244 -1.805353 0.0 -0.0 0.0 90.181915 -69.738167 89.97924 20.234636 -4e-06 1e-06 0.010699 -0.0 0.0 0.000698 0.001975 9.712301 25.642763 -18.917789 54.214169 -29.886368 -10.372681 24.530539 0.0 -0.0 0.0 0.0 -0.0 0.0 1.562406 0.379639 -1.402784 -1.576997 -0.344016 -8.299985 0.0 -0.0 0.0 -2.344502 -3.741118 -2.25218 0.0 -0.0 0.0 -8.680535 -3.881308 -3.138472 8.888452 3.353951 -6.015964 0.0 -0.0 0.0 -0.789081 -7.285012 -3.385969 0.0 -0.0 0.0 -12.266361 -6.770046 -3.829185 12.748709 5.779632 -4.507646 0.0 -0.0 0.0 -0.001557 2.295775 1.076246 0.0 -0.0 0.0 -16.652988 -16.879618 -5.819845 18.85882 14.338744 0.986972 0.0 -0.0 0.0 1.684433 -4.633524 -1.803554 0.0 -0.0 0.0 -178.745667 -0.0 0.0 3.659674 -0.0 0.0 -73.798668 0.0 0.0 -4.726109 0.08116 0.023582 -0.997327 3.3e-05 1e-06 1.25456 -0.0 0.0 3.659674 -0.0 0.0 -73.798668 3e-06 0.0 -4.726109 0.081185 0.023581 -0.997327 6e-06 2e-06 
0.0 0.0 0.0 0.0 -0.0 0.0 0.0 100.87085 0.0 90.000328 0.190163 90.000328 -0.049287 1e-06 -3e-06 -5.927024 3e-06 -0.0 5.964053 5e-06 0.0 16.829426 1e-05 2e-06 1.052974 2.1e-05 -2e-06 -24.428869 4e-05 -2e-05 -0.0 -7.4e-05 3.1e-05 0.0 7.9e-05 0.0 10.592797 -0.254773 3.786015 10.592787 0.254987 -3.785956 -89.776634 -69.738167 89.979286 20.234638 -3e-06 -1e-06 0.010686 -0.0 0.0 0.000704 0.001974 9.712303 25.642761 -18.917786 54.214165 -29.88636 -10.372678 24.530539 0.0 -0.0 0.0 0.0 -0.0 0.0 1.560195 0.375098 -1.406302 -1.574694 -0.339407 -8.296517 0.0 -0.0 0.0 -2.345381 -3.741133 -2.252148 0.0 -0.0 0.0 -8.680352 -3.883042 -3.13835 8.888373 3.355701 -6.015839 0.0 -0.0 0.0 -0.789304 -7.285017 -3.385952 0.0 -0.0 0.0 -12.266362 -6.770043 -3.829185 12.748711 5.779631 -4.507649 0.0 -0.0 0.0 -0.002125 2.297532 1.077113 0.0 -0.0 0.0 -16.653231 -16.879332 -5.818032 18.858604 14.33904 0.985165 0.0 -0.0 0.0 1.68497 -4.635244 -1.805353 0.0 -0.0 0.0 90.181915 -69.738167 89.97924 20.234636 -4e-06 1e-06 0.010699 -0.0 0.0 0.000698 0.001975 9.712301 25.642763 -18.917789 54.214169 -29.886368 -10.372681 24.530539 0.0 -0.0 0.0 0.0 -0.0 0.0 1.562406 0.379639 -1.402784 -1.576997 -0.344016 -8.299985 0.0 -0.0 0.0 -2.344502 -3.741118 -2.25218 0.0 -0.0 0.0 -8.680535 -3.881308 -3.138472 8.888452 3.353951 -6.015964 0.0 -0.0 0.0 -0.789081 -7.285012 -3.385969 0.0 -0.0 0.0 -12.266361 -6.770046 -3.829185 12.748709 5.779632 -4.507646 0.0 -0.0 0.0 -0.001557 2.295775 1.076246 0.0 -0.0 0.0 -16.652988 -16.879618 -5.819845 18.85882 14.338744 0.986972 0.0 -0.0 0.0 1.684433 -4.633524 -1.803554 0.0 -0.0 0.0 -178.745667 -0.0 0.0 3.659674 -0.0 0.0 -73.798668 0.0 0.0 -4.726109 0.08116 0.023582 -0.997327 3.3e-05 1e-06 1.25456 -0.0 0.0 3.659674 -0.0 0.0 -73.798668 3e-06 0.0 -4.726109 0.081185 0.023581 -0.997327 6e-06 2e-06 
0.0 0.0 0.0 0.0 -0.0 0.0 0.0 100.87085 0.0 90.000328 0.190163 90.000328 -0.049287 1e-06 -3e-06 -5.927024 3e-06 -0.0 5.964053 5e-06 0.0 16.829426 1e-05 2e-06 1.052974 2.1e-05 -2e-06 -24.428869 4e-05 -2e-05 -0.0 -7.4e-05 3.1e-05 0.0 7.9e-05 0.0 10.592797 -0.254773 3.786015 10.592787 0.254987 -3.785956 -89.776634 -69.738167 89.979286 20.234638 -3e-06 -1e-06 0.010686 -0.0 0.0 0.000704 0.001974 9.712303 25.642761 -18.917786 54.214165 -29.88636 -10.372678 24.530539 0.0 -0.0 0.0 0.0 -0.0 0.0 1.560195 0.375098 -1.406302 -1.574694 -0.339407 -8.296517 0.0 -0.0 0.0 -2.345381 -3.741133 -2.252148 0.0 -0.0 0.0 -8.680352 -3.883042 -3.13835 8.888373 3.355701 -6.015839 0.0 -0.0 0.0 -0.789304 -7.285017 -3.385952 0.0 -0.0 0.0 -12.266362 -6.770043 -3.829185 12.748711 5.779631 -4.507649 0.0 -0.0 0.0 -0.002125 2.297532 1.077113 0.0 -0.0 0.0 -16.653231 -16.879332 -5.818032 18.858604 14.33904 0.985165 0.0 -0.0 0.0 1.68497 -4.635244 -1.805353 0.0 -0.0 0.0 90.181915 -69.738167 89.97924 20.234636 -4e-06 1e-06 0.010699 -0.0 0.0 0.000698 0.001975 9.712301 25.642763 -18.917789 54.214169 -29.886368 -10.372681 24.530539 0.0 -0.0 0.0 0.0 -0.0 0.0 1.562406 0.379639 -1.402784 -1.576997 -0.344016 -8.299985 0.0 -0.0 0.0 -2.344502 -3.741118 -2.25218 0.0 -0.0 0.0 -8.680535 -3.881308 -3.138472 8.888452 3.353951 -6.015964 0.0 -0.0 0.0 -0.789081 -7.285012 -3.385969 0.0 -0.0 0.0 -12.266361 -6.770046 -3.829185 12.748709 5.779632 -4.507646 0.0 -0.0 0.0 -0.001557 2.295775 1.076246 0.0 -0.0 0.0 -16.652988 -16.879618 -5.819845 18.85882 14.338744 0.986972 0.0 -0.0 0.0 1.684433 -4.633524 -1.803554 0.0 -0.0 0.0 -178.745667 -0.0 0.0 3.659674 -0.0 0.0 -73.798668 0.0 0.0 -4.726109 0.08116 0.023582 -0.997327 3.3e-05 1e-06 1.25456 -0.0 0.0 3.659674 -0.0 0.0 -73.798668 3e-06 0.0 -4.726109 0.081185 0.023581 -0.997327 6e-06 2e-06 
0.0 0.0 0.0 0.0 -0.0 0.0 0.0 100.87085 0.0 90.000328 0.190163 90.000328 -0.049287 1e-06 -3e-06 -5.927024 3e-06 -0.0 5.964053 5e-06 0.0 16.829426 1e-05 2e-06 1.052974 2.1e-05 -2e-06 -24.428869 4e-05 -2e-05 -0.0 -7.4e-05 3.1e-05 0.0 7.9e-05 0.0 10.592797 -0.254773 3.786015 10.592787 0.254987 -3.785956 -89.776634 -69.738167 89.979286 20.234638 -3e-06 -1e-06 0.010686 -0.0 0.0 0.000704 0.001974 9.712303 25.642761 -18.917786 54.214165 -29.88636 -10.372678 24.530539 0.0 -0.0 0.0 0.0 -0.0 0.0 1.560195 0.375098 -1.406302 -1.574694 -0.339407 -8.296517 0.0 -0.0 0.0 -2.345381 -3.741133 -2.252148 0.0 -0.0 0.0 -8.680352 -3.883042 -3.13835 8.888373 3.355701 -6.015839 0.0 -0.0 0.0 -0.789304 -7.285017 -3.385952 0.0 -0.0 0.0 -12.266362 -6.770043 -3.829185 12.748711 5.779631 -4.507649 0.0 -0.0 0.0 -0.002125 2.297532 1.077113 0.0 -0.0 0.0 -16.653231 -16.879332 -5.818032 18.858604 14.33904 0.985165 0.0 -0.0 0.0 1.68497 -4.635244 -1.805353 0.0 -0.0 0.0 90.181915 -69.738167 89.97924 20.234636 -4e-06 1e-06 0.010699 -0.0 0.0 0.000698 0.001975 9.712301 25.642763 -18.917789 54.214169 -29.886368 -10.372681 24.530539 0.0 -0.0 0.0 0.0 -0.0 0.0 1.562406 0.379639 -1.402784 -1.576997 -0.344016 -8.299985 0.0 -0.0 0.0 -2.344502 -3.741118 -2.25218 0.0 -0.0 0.0 -8.680535 -3.881308 -3.138472 8.888452 3.353951 -6.015964 0.0 -0.0 0.0 -0.789081 -7.285012 -3.385969 0.0 -0.0 0.0 -12.266361 -6.770046 -3.829185 12.748709 5.779632 -4.507646 0.0 -0.0 0.0 -0.001557 2.295775 1.076246 0.0 -0.0 0.0 -16.652988 -16.879618 -5.819845 18.85882 14.338744 0.986972 0.0 -0.0 0.0 1.684433 -4.633524 -1.803554 0.0 -0.0 0.0 -178.745667 -0.0 0.0 3.659674 -0.0 0.0 -73.798668 0.0 0.0 -4.726109 0.08116 0.023582 -0.997327 3.3e-05 1e-06 1.25456 -0.0 0.0 3.659674 -0.0 0.0 -73.798668 3e-06 0.0 -4.726109 0.081185 0.023581 -0.997327 6e-06 2e-06 
0.0 0.0 0.0 0.0 -0.0 0.0 0.0 100.87085 0.0 90.000328 0.190163 90.000328 -0.049287 1e-06 -3e-06 -5.927024 3e-06 -0.0 5.964053 5e-06 0.0 16.829426 1e-05 2e-06 1.052974 2.1e-05 -2e-06 -24.428869 4e-05 -2e-05 -0.0 -7.4e-05 3.1e-05 0.0 7.9e-05 0.0 10.592797 -0.254773 3.786015 10.592787 0.254987 -3.785956 -89.776634 -69.738167 89.979286 20.234638 -3e-06 -1e-06 0.010686 -0.0 0.0 0.000704 0.001974 9.712303 25.642761 -18.917786 54.214165 -29.88636 -10.372678 24.530539 0.0 -0.0 0.0 0.0 -0.0 0.0 1.560195 0.375098 -1.406302 -1.574694 -0.339407 -8.296517 0.0 -0.0 0.0 -2.345381 -3.741133 -2.252148 0.0 -0.0 0.0 -8.680352 -3.883042 -3.13835 8.888373 3.355701 -6.015839 0.0 -0.0 0.0 -0.789304 -7.285017 -3.385952 0.0 -0.0 0.0 -12.266362 -6.770043 -3.829185 12.748711 5.779631 -4.507649 0.0 -0.0 0.0 -0.002125 2.297532 1.077113 0.0 -0.0 0.0 -16.653231 -16.879332 -5.818032 18.858604 14.33904 0.985165 0.0 -0.0 0.0 1.68497 -4.635244 -1.805353 0.0 -0.0 0.0 90.181915 -69.738167 89.97924 20.234636 -4e-06 1e-06 0.010699 -0.0 0.0 0.000698 0.001975 9.712301 25.642763 -18.917789 54.214169 -29.886368 -10.372681 24.530539 0.0 -0.0 0.0 0.0 -0.0 0.0 1.562406 0.379639 -1.402784 -1.576997 -0.344016 -8.299985 0.0 -0.0 0.0 -2.344502 -3.741118 -2.25218 0.0 -0.0 0.0 -8.680535 -3.881308 -3.138472 8.888452 3.353951 -6.015964 0.0 -0.0 0.0 -0.789081 -7.285012 -3.385969 0.0 -0.0 0.0 -12.266361 -6.770046 -3.829185 12.748709 5.779632 -4.507646 0.0 -0.0 0.0 -0.001557 2.295775 1.076246 0.0 -0.0 0.0 -16.652988 -16.879618 -5.819845 18.85882 14.338744 0.986972 0.0 -0.0 0.0 1.684433 -4.633524 -1.803554 0.0 -0.0 0.0 -178.745667 -0.0 0.0 3.659674 -0.0 0.0 -73.798668 0.0 0.0 -4.726109 0.08116 0.023582 -0.997327 3.3e-05 1e-06 1.25456 -0.0 0.0 3.659674 -0.0 0.0 -73.798668 3e-06 0.0 -4.726109 0.081185 0.023581 -0.997327 6e-06 2e-06 
0.0 0.0 0.0 0.0 -0.0 0.0 0.0 100.87085 0.0 90.000328 0.190163 90.000328 -0.049287 1e-06 -3e-06 -5.927024 3e-06 -0.0 5.964053 5e-06 0.0 16.829426 1e-05 2e-06 1.052974 2.1e-05 -2e-06 -24.428869 4e-05 -2e-05 -0.0 -7.4e-05 3.1e-05 0.0 7.9e-05 0.0 10.592797 -0.254773 3.786015 10.592787 0.254987 -3.785956 -89.776634 -69.738167 89.979286 20.234638 -3e-06 -1e-06 0.010686 -0.0 0.0 0.000704 0.001974 9.712303 25.642761 -18.917786 54.214165 -29.88636 -10.372678 24.530539 0.0 -0.0 0.0 0.0 -0.0 0.0 1.560195 0.375098 -1.406302 -1.574694 -0.339407 -8.296517 0.0 -0.0 0.0 -2.345381 -3.741133 -2.252148 0.0 -0.0 0.0 -8.680352 -3.883042 -3.13835 8.888373 3.355701 -6.015839 0.0 -0.0 0.0 -0.789304 -7.285017 -3.385952 0.0 -0.0 0.0 -12.266362 -6.770043 -3.829185 12.748711 5.779631 -4.507649 0.0 -0.0 0.0 -0.002125 2.297532 1.077113 0.0 -0.0 0.0 -16.653231 -16.879332 -5.818032 18.858604 14.33904 0.985165 0.0 -0.0 0.0 1.68497 -4.635244 -1.805353 0.0 -0.0 0.0 90.181915 -69.738167 89.97924 20.234636 -4e-06 1e-06 0.010699 -0.0 0.0 0.000698 0.001975 9.712301 25.642763 -18.917789 54.214169 -29.886368 -10.372681 24.530539 0.0 -0.0 0.0 0.0 -0.0 0.0 1.562406 0.379639 -1.402784 -1.576997 -0.344016 -8.299985 0.0 -0.0 0.0 -2.344502 -3.741118 -2.25218 0.0 -0.0 0.0 -8.680535 -3.881308 -3.138472 8.888452 3.353951 -6.015964 0.0 -0.0 0.0 -0.789081 -7.285012 -3.385969 0.0 -0.0 0.0 -12.266361 -6.770046 -3.829185 12.748709 5.779632 -4.507646 0.0 -0.0 0.0 -0.001557 2.295775 1.076246 0.0 -0.0 0.0 -16.652988 -16.879618 -5.819845 18.85882 14.338744 0.986972 0.0 -0.0 0.0 1.684433 -4.633524 -1.803554 0.0 -0.0 0.0 -178.745667 -0.0 0.0 3.659674 -0.0 0.0 -73.798668 0.0 0.0 -4.726109 0.08116 0.023582 -0.997327 3.3e-05 1e-06 1.25456 -0.0 0.0 3.659674 -0.0 0.0 -73.798668 3e-06 0.0 -4.726109 0.081185 0.023581 -0.997327 6e-06 2e-06 
0.0 0.0 0.0 0.0 -0.0 0.0 0.0 100.87085 0.0 90.000328 0.190163 90.000328 -0.049287 1e-06 -3e-06 -5.927024 3e-06 -0.0 5.964053 5e-06 0.0 16.829426 1e-05 2e-06 1.052974 2.1e-05 -2e-06 -24.428869 4e-05 -2e-05 -0.0 -7.4e-05 3.1e-05 0.0 7.9e-05 0.0 10.592797 -0.254773 3.786015 10.592787 0.254987 -3.785956 -89.776634 -69.738167 89.979286 20.234638 -3e-06 -1e-06 0.010686 -0.0 0.0 0.000704 0.001974 9.712303 25.642761 -18.917786 54.214165 -29.88636 -10.372678 24.530539 0.0 -0.0 0.0 0.0 -0.0 0.0 1.560195 0.375098 -1.406302 -1.574694 -0.339407 -8.296517 0.0 -0.0 0.0 -2.345381 -3.741133 -2.252148 0.0 -0.0 0.0 -8.680352 -3.883042 -3.13835 8.888373 3.355701 -6.015839 0.0 -0.0 0.0 -0.789304 -7.285017 -3.385952 0.0 -0.0 0.0 -12.266362 -6.770043 -3.829185 12.748711 5.779631 -4.507649 0.0 -0.0 0.0 -0.002125 2.297532 1.077113 0.0 -0.0 0.0 -16.653231 -16.879332 -5.818032 18.858604 14.33904 0.985165 0.0 -0.0 0.0 1.68497 -4.635244 -1.805353 0.0 -0.0 0.0 90.181915 -69.738167 89.97924 20.234636 -4e-06 1e-06 0.010699 -0.0 0.0 0.000698 0.001975 9.712301 25.642763 -18.917789 54.214169 -29.886368 -10.372681 24.530539 0.0 -0.0 0.0 0.0 -0.0 0.0 1.562406 0.379639 -1.402784 -1.576997 -0.344016 -8.299985 0.0 -0.0 0.0 -2.344502 -3.741118 -2.25218 0.0 -0.0 0.0 -8.680535 -3.881308 -3.138472 8.888452 3.353951 -6.015964 0.0 -0.0 0.0 -0.789081 -7.285012 -3.385969 0.0 -0.0 0.0 -12.266361 -6.770046 -3.829185 12.748709 5.779632 -4.507646 0.0 -0.0 0.0 -0.001557 2.295775 1.076246 0.0 -0.0 0.0 -16.652988 -16.879618 -5.819845 18.85882 14.338744 0.986972 0.0 -0.0 0.0 1.684433 -4.633524 -1.803554 0.0 -0.0 0.0 -178.745667 -0.0 0.0 3.659674 -0.0 0.0 -73.798668 0.0 0.0 -4.726109 0.08116 0.023582 -0.997327 3.3e-05 1e-06 1.25456 -0.0 0.0 3.659674 -0.0 0.0 -73.798668 3e-06 0.0 -4.726109 0.081185 0.023581 -0.997327 6e-06 2e-06 
0.0 0.0 0.0 0.0 -0.0 0.0 0.0 100.87085 0.0 90.000328 0.190163 90.000328 -0.049287 1e-06 -3e-06 -5.927024 3e-06 -0.0 5.964053 5e-06 0.0 16.829426 1e-05 2e-06 1.052974 2.1e-05 -2e-06 -24.428869 4e-05 -2e-05 -0.0 -7.4e-05 3.1e-05 0.0 7.9e-05 0.0 10.592797 -0.254773 3.786015 10.592787 0.254987 -3.785956 -89.776634 -69.738167 89.979286 20.234638 -3e-06 -1e-06 0.010686 -0.0 0.0 0.000704 0.001974 9.712303 25.642761 -18.917786 54.214165 -29.88636 -10.372678 24.530539 0.0 -0.0 0.0 0.0 -0.0 0.0 1.560195 0.375098 -1.406302 -1.574694 -0.339407 -8.296517 0.0 -0.0 0.0 -2.345381 -3.741133 -2.252148 0.0 -0.0 0.0 -8.680352 -3.883042 -3.13835 8.888373 3.355701 -6.015839 0.0 -0.0 0.0 -0.789304 -7.285017 -3.385952 0.0 -0.0 0.0 -12.266362 -6.770043 -3.829185 12.748711 5.779631 -4.507649 0.0 -0.0 0.0 -0.002125 2.297532 1.077113 0.0 -0.0 0.0 -16.653231 -16.879332 -5.818032 18.858604 14.33904 0.985165 0.0 -0.0 0.0 1.68497 -4.635244 -1.805353 0.0 -0.0 0.0 90.181915 -69.738167 89.97924 20.234636 -4e-06 1e-06 0.010699 -0.0 0.0 0.000698 0.001975 9.712301 25.642763 -18.917789 54.214169 -29.886368 -10.372681 24.530539 0.0 -0.0 0.0 0.0 -0.0 0.0 1.562406 0.379639 -1.402784 -1.576997 -0.344016 -8.299985 0.0 -0.0 0.0 -2.344502 -3.741118 -2.25218 0.0 -0.0 0.0 -8.680535 -3.881308 -3.138472 8.888452 3.353951 -6.015964 0.0 -0.0 0.0 -0.789081 -7.285012 -3.385969 0.0 -0.0 0.0 -12.266361 -6.770046 -3.829185 12.748709 5.779632 -4.507646 0.0 -0.0 0.0 -0.001557 2.295775 1.076246 0.0 -0.0 0.0 -16.652988 -16.879618 -5.819845 18.85882 14.338744 0.986972 0.0 -0.0 0.0 1.684433 -4.633524 -1.803554 0.0 -0.0 0.0 -178.745667 -0.0 0.0 3.659674 -0.0 0.0 -73.798668 0.0 0.0 -4.726109 0.08116 0.023582 -0.997327 3.3e-05 1e-06 1.25456 -0.0 0.0 3.659674 -0.0 0.0 -73.798668 3e-06 0.0 -4.726109 0.081185 0.023581 -0.997327 6e-06 2e-06 
0.0 0.0 0.0 0.0 -0.0 0.0 0.0 100.87085 0.0 90.000328 0.190163 90.000328 -0.049287 1e-06 -3e-06 -5.927024 3e-06 -0.0 5.964053 5e-06 0.0 16.829426 1e-05 2e-06 1.052974 2.1e-05 -2e-06 -24.428869 4e-05 -2e-05 -0.0 -7.4e-05 3.1e-05 0.0 7.9e-05 0.0 10.592797 -0.254773 3.786015 10.592787 0.254987 -3.785956 -89.776634 -69.738167 89.979286 20.234638 -3e-06 -1e-06 0.010686 -0.0 0.0 0.000704 0.001974 9.712303 25.642761 -18.917786 54.214165 -29.88636 -10.372678 24.530539 0.0 -0.0 0.0 0.0 -0.0 0.0 1.560195 0.375098 -1.406302 -1.574694 -0.339407 -8.296517 0.0 -0.0 0.0 -2.345381 -3.741133 -2.252148 0.0 -0.0 0.0 -8.680352 -3.883042 -3.13835 8.888373 3.355701 -6.015839 0.0 -0.0 0.0 -0.789304 -7.285017 -3.385952 0.0 -0.0 0.0 -12.266362 -6.770043 -3.829185 12.748711 5.779631 -4.507649 0.0 -0.0 0.0 -0.002125 2.297532 1.077113 0.0 -0.0 0.0 -16.653231 -16.879332 -5.818032 18.858604 14.33904 0.985165 0.0 -0.0 0.0 1.68497 -4.635244 -1.805353 0.0 -0.0 0.0 90.181915 -69.738167 89.97924 20.234636 -4e-06 1e-06 0.010699 -0.0 0.0 0.000698 0.001975 9.712301 25.642763 -18.917789 54.214169 -29.886368 -10.372681 24.530539 0.0 -0.0 0.0 0.0 -0.0 0.0 1.562406 0.379639 -1.402784 -1.576997 -0.344016 -8.299985 0.0 -0.0 0.0 -2.344502 -3.741118 -2.25218 0.0 -0.0 0.0 -8.680535 -3.881308 -3.138472 8.888452 3.353951 -6.015964 0.0 -0.0 0.0 -0.789081 -7.285012 -3.385969 0.0 -0.0 0.0 -12.266361 -6.770046 -3.829185 12.748709 5.779632 -4.507646 0.0 -0.0 0.0 -0.001557 2.295775 1.076246 0.0 -0.0 0.0 -16.652988 -16.879618 -5.819845 18.85882 14.338744 0.986972 0.0 -0.0 0.0 1.684433 -4.633524 -1.803554 0.0 -0.0 0.0 -178.745667 -0.0 0.0 3.659674 -0.0 0.0 -73.798668 0.0 0.0 -4.726109 0.08116 0.023582 -0.997327 3.3e-05 1e-06 1.25456 -0.0 0.0 3.659674 -0.0 0.0 -73.798668 3e-06 0.0 -4.726109 0.081185 0.023581 -0.997327 6e-06 2e-06 
0.0 0.0 0.0 0.0 -0.0 0.0 0.0 100.87085 0.0 90.000328 0.190163 90.000328 -0.049287 1e-06 -3e-06 -5.927024 3e-06 -0.0 5.964053 5e-06 0.0 16.829426 1e-05 2e-06 1.052974 2.1e-05 -2e-06 -24.428869 4e-05 -2e-05 -0.0 -7.4e-05 3.1e-05 0.0 7.9e-05 0.0 10.592797 -0.254773 3.786015 10.592787 0.254987 -3.785956 -89.776634 -69.738167 89.979286 20.234638 -3e-06 -1e-06 0.010686 -0.0 0.0 0.000704 0.001974 9.712303 25.642761 -18.917786 54.214165 -29.88636 -10.372678 24.530539 0.0 -0.0 0.0 0.0 -0.0 0.0 1.560195 0.375098 -1.406302 -1.574694 -0.339407 -8.296517 0.0 -0.0 0.0 -2.345381 -3.741133 -2.252148 0.0 -0.0 0.0 -8.680352 -3.883042 -3.13835 8.888373 3.355701 -6.015839 0.0 -0.0 0.0 -0.789304 -7.285017 -3.385952 0.0 -0.0 0.0 -12.266362 -6.770043 -3.829185 12.748711 5.779631 -4.507649 0.0 -0.0 0.0 -0.002125 2.297532 1.077113 0.0 -0.0 0.0 -16.653231 -16.879332 -5.818032 18.858604 14.33904 0.985165 0.0 -0.0 0.0 1.68497 -4.635244 -1.805353 0.0 -0.0 0.0 90.181915 -69.738167 89.97924 20.234636 -4e-06 1e-06 0.010699 -0.0 0.0 0.000698 0.001975 9.712301 25.642763 -18.917789 54.214169 -29.886368 -10.372681 24.530539 0.0 -0.0 0.0 0.0 -0.0 0.0 1.562406 0.379639 -1.402784 -1.576997 -0.344016 -8.299985 0.0 -0.0 0.0 -2.344502 -3.741118 -2.25218 0.0 -0.0 0.0 -8.680535 -3.881308 -3.138472 8.888452 3.353951 -6.015964 0.0 -0.0 0.0 -0.789081 -7.285012 -3.385969 0.0 -0.0 0.0 -12.266361 -6.770046 -3.829185 12.748709 5.779632 -4.507646 0.0 -0.0 0.0 -0.001557 2.295775 1.076246 0.0 -0.0 0.0 -16.652988 -16.879618 -5.819845 18.85882 14.338744 0.986972 0.0 -0.0 0.0 1.684433 -4.633524 -1.803554 0.0 -0.0 0.0 -178.745667 -0.0 0.0 3.659674 -0.0 0.0 -73.798668 0.0 0.0 -4.726109 0.08116 0.023582 -0.997327 3.3e-05 1e-06 1.25456 -0.0 0.0 3.659674 -0.0 0.0 -73.798668 3e-06 0.0 -4.726109 0.081185 0.023581 -0.997327 6e-06 2e-06 
0.0 0.0 0.0 0.0 -0.0 0.0 0.0 100.87085 0.0 90.000328 0.190163 90.000328 -0.049287 1e-06 -3e-06 -5.927024 3e-06 -0.0 5.964053 5e-06 0.0 16.829426 1e-05 2e-06 1.052974 2.1e-05 -2e-06 -24.428869 4e-05 -2e-05 -0.0 -7.4e-05 3.1e-05 0.0 7.9e-05 0.0 10.592797 -0.254773 3.786015 10.592787 0.254987 -3.785956 -89.776634 -69.738167 89.979286 20.234638 -3e-06 -1e-06 0.010686 -0.0 0.0 0.000704 0.001974 9.712303 25.642761 -18.917786 54.214165 -29.88636 -10.372678 24.530539 0.0 -0.0 0.0 0.0 -0.0 0.0 1.560195 0.375098 -1.406302 -1.574694 -0.339407 -8.296517 0.0 -0.0 0.0 -2.345381 -3.741133 -2.252148 0.0 -0.0 0.0 -8.680352 -3.883042 -3.13835 8.888373 3.355701 -6.015839 0.0 -0.0 0.0 -0.789304 -7.285017 -3.385952 0.0 -0.0 0.0 -12.266362 -6.770043 -3.829185 12.748711 5.779631 -4.507649 0.0 -0.0 0.0 -0.002125 2.297532 1.077113 0.0 -0.0 0.0 -16.653231 -16.879332 -5.818032 18.858604 14.33904 0.985165 0.0 -0.0 0.0 1.68497 -4.635244 -1.805353 0.0 -0.0 0.0 90.181915 -69.738167 89.97924 20.234636 -4e-06 1e-06 0.010699 -0.0 0.0 0.000698 0.001975 9.712301 25.642763 -18.917789 54.214169 -29.886368 -10.372681 24.530539 0.0 -0.0 0.0 0.0 -0.0 0.0 1.562406 0.379639 -1.402784 -1.576997 -0.344016 -8.299985 0.0 -0.0 0.0 -2.344502 -3.741118 -2.25218 0.0 -0.0 0.0 -8.680535 -3.881308 -3.138472 8.888452 3.353951 -6.015964 0.0 -0.0 0.0 -0.789081 -7.285012 -3.385969 0.0 -0.0 0.0 -12.266361 -6.770046 -3.829185 12.748709 5.779632 -4.507646 0.0 -0.0 0.0 -0.001557 2.295775 1.076246 0.0 -0.0 0.0 -16.652988 -16.879618 -5.819845 18.85882 14.338744 0.986972 0.0 -0.0 0.0 1.684433 -4.633524 -1.803554 0.0 -0.0 0.0 -178.745667 -0.0 0.0 3.659674 -0.0 0.0 -73.798668 0.0 0.0 -4.726109 0.08116 0.023582 -0.997327 3.3e-05 1e-06 1.25456 -0.0 0.0 3.659674 -0.0 0.0 -73.798668 3e-06 0.0 -4.726109 0.081185 0.023581 -0.997327 6e-06 2e-06 
0.0 0.0 0.0 0.0 -0.0 0.0 0.0 100.87085 0.0 90.000328 0.190163 90.000328 -0.049287 1e-06 -3e-06 -5.927024 3e-06 -0.0 5.964053 5e-06 0.0 16.829426 1e-05 2e-06 1.052974 2.1e-05 -2e-06 -24.428869 4e-05 -2e-05 -0.0 -7.4e-05 3.1e-05 0.0 7.9e-05 0.0 10.592797 -0.254773 3.786015 10.592787 0.254987 -3.785956 -89.776634 -69.738167 89.979286 20.234638 -3e-06 -1e-06 0.010686 -0.0 0.0 0.000704 0.001974 9.712303 25.642761 -18.917786 54.214165 -29.88636 -10.372678 24.530539 0.0 -0.0 0.0 0.0 -0.0 0.0 1.560195 0.375098 -1.406302 -1.574694 -0.339407 -8.296517 0.0 -0.0 0.0 -2.345381 -3.741133 -2.252148 0.0 -0.0 0.0 -8.680352 -3.883042 -3.13835 8.888373 3.355701 -6.015839 0.0 -0.0 0.0 -0.789304 -7.285017 -3.385952 0.0 -0.0 0.0 -12.266362 -6.770043 -3.829185 12.748711 5.779631 -4.507649 0.0 -0.0 0.0 -0.002125 2.297532 1.077113 0.0 -0.0 0.0 -16.653231 -16.879332 -5.818032 18.858604 14.33904 0.985165 0.0 -0.0 0.0 1.68497 -4.635244 -1.805353 0.0 -0.0 0.0 90.181915 -69.738167 89.97924 20.234636 -4e-06 1e-06 0.010699 -0.0 0.0 0.000698 0.001975 9.712301 25.642763 -18.917789 54.214169 -29.886368 -10.372681 24.530539 0.0 -0.0 0.0 0.0 -0.0 0.0 1.562406 0.379639 -1.402784 -1.576997 -0.344016 -8.299985 0.0 -0.0 0.0 -2.344502 -3.741118 -2.25218 0.0 -0.0 0.0 -8.680535 -3.881308 -3.138472 8.888452 3.353951 -6.015964 0.0 -0.0 0.0 -0.789081 -7.285012 -3.385969 0.0 -0.0 0.0 -12.266361 -6.770046 -3.829185 12.748709 5.779632 -4.507646 0.0 -0.0 0.0 -0.001557 2.295775 1.076246 0.0 -0.0 0.0 -16.652988 -16.879618 -5.819845 18.85882 14.338744 0.986972 0.0 -0.0 0.0 1.684433 -4.633524 -1.803554 0.0 -0.0 0.0 -178.745667 -0.0 0.0 3.659674 -0.0 0.0 -73.798668 0.0 0.0 -4.726109 0.08116 0.023582 -0.997327 3.3e-05 1e-06 1.25456 -0.0 0.0 3.659674 -0.0 0.0 -73.798668 3e-06 0.0 -4.726109 0.081185 0.023581 -0.997327 6e-06 2e-06 
0.0 0.0 0.0 0.0 -0.0 0.0 0.0 100.87085 0.0 90.000328 0.190163 90.000328 -0.049287 1e-06 -3e-06 -5.927024 3e-06 -0.0 5.964053 5e-06 0.0 16.829426 1e-05 2e-06 1.052974 2.1e-05 -2e-06 -24.428869 4e-05 -2e-05 -0.0 -7.4e-05 3.1e-05 0.0 7.9e-05 0.0 10.592797 -0.254773 3.786015 10.592787 0.254987 -3.785956 -89.776634 -69.738167 89.979286 20.234638 -3e-06 -1e-06 0.010686 -0.0 0.0 0.000704 0.001974 9.712303 25.642761 -18.917786 54.214165 -29.88636 -10.372678 24.530539 0.0 -0.0 0.0 0.0 -0.0 0.0 1.560195 0.375098 -1.406302 -1.574694 -0.339407 -8.296517 0.0 -0.0 0.0 -2.345381 -3.741133 -2.252148 0.0 -0.0 0.0 -8.680352 -3.883042 -3.13835 8.888373 3.355701 -6.015839 0.0 -0.0 0.0 -0.789304 -7.285017 -3.385952 0.0 -0.0 0.0 -12.266362 -6.770043 -3.829185 12.748711 5.779631 -4.507649 0.0 -0.0 0.0 -0.002125 2.297532 1.077113 0.0 -0.0 0.0 -16.653231 -16.879332 -5.818032 18.858604 14.33904 0.985165 0.0 -0.0 0.0 1.68497 -4.635244 -1.805353 0.0 -0.0 0.0 90.181915 -69.738167 89.97924 20.234636 -4e-06 1e-06 0.010699 -0.0 0.0 0.000698 0.001975 9.712301 25.642763 -18.917789 54.214169 -29.886368 -10.372681 24.530539 0.0 -0.0 0.0 0.0 -0.0 0.0 1.562406 0.379639 -1.402784 -1.576997 -0.344016 -8.299985 0.0 -0.0 0.0 -2.344502 -3.741118 -2.25218 0.0 -0.0 0.0 -8.680535 -3.881308 -3.138472 8.888452 3.353951 -6.015964 0.0 -0.0 0.0 -0.789081 -7.285012 -3.385969 0.0 -0.0 0.0 -12.266361 -6.770046 -3.829185 12.748709 5.779632 -4.507646 0.0 -0.0 0.0 -0.001557 2.295775 1.076246 0.0 -0.0 0.0 -16.652988 -16.879618 -5.819845 18.85882 14.338744 0.986972 0.0 -0.0 0.0 1.684433 -4.633524 -1.803554 0.0 -0.0 0.0 -178.745667 -0.0 0.0 3.659674 -0.0 0.0 -73.798668 0.0 0.0 -4.726109 0.08116 0.023582 -0.997327 3.3e-05 1e-06 1.25456 -0.0 0.0 3.659674 -0.0 0.0 -73.798668 3e-06 0.0 -4.726109 0.081185 0.023581 -0.997327 6e-06 2e-06 
0.0 0.0 0.0 0.0 -0.0 0.0 0.0 100.87085 0.0 90.000328 0.190163 90.000328 -0.049287 1e-06 -3e-06 -5.927024 3e-06 -0.0 5.964053 5e-06 0.0 16.829426 1e-05 2e-06 1.052974 2.1e-05 -2e-06 -24.428869 4e-05 -2e-05 -0.0 -7.4e-05 3.1e-05 0.0 7.9e-05 0.0 10.592797 -0.254773 3.786015 10.592787 0.254987 -3.785956 -89.776634 -69.738167 89.979286 20.234638 -3e-06 -1e-06 0.010686 -0.0 0.0 0.000704 0.001974 9.712303 25.642761 -18.917786 54.214165 -29.88636 -10.372678 24.530539 0.0 -0.0 0.0 0.0 -0.0 0.0 1.560195 0.375098 -1.406302 -1.574694 -0.339407 -8.296517 0.0 -0.0 0.0 -2.345381 -3.741133 -2.252148 0.0 -0.0 0.0 -8.680352 -3.883042 -3.13835 8.888373 3.355701 -6.015839 0.0 -0.0 0.0 -0.789304 -7.285017 -3.385952 0.0 -0.0 0.0 -12.266362 -6.770043 -3.829185 12.748711 5.779631 -4.507649 0.0 -0.0 0.0 -0.002125 2.297532 1.077113 0.0 -0.0 0.0 -16.653231 -16.879332 -5.818032 18.858604 14.33904 0.985165 0.0 -0.0 0.0 1.68497 -4.635244 -1.805353 0.0 -0.0 0.0 90.181915 -69.738167 89.97924 20.234636 -4e-06 1e-06 0.010699 -0.0 0.0 0.000698 0.001975 9.712301 25.642763 -18.917789 54.214169 -29.886368 -10.372681 24.530539 0.0 -0.0 0.0 0.0 -0.0 0.0 1.562406 0.379639 -1.402784 -1.576997 -0.344016 -8.299985 0.0 -0.0 0.0 -2.344502 -3.741118 -2.25218 0.0 -0.0 0.0 -8.680535 -3.881308 -3.138472 8.888452 3.353951 -6.015964 0.0 -0.0 0.0 -0.789081 -7.285012 -3.385969 0.0 -0.0 0.0 -12.266361 -6.770046 -3.829185 12.748709 5.779632 -4.507646 0.0 -0.0 0.0 -0.001557 2.295775 1.076246 0.0 -0.0 0.0 -16.652988 -16.879618 -5.819845 18.85882 14.338744 0.986972 0.0 -0.0 0.0 1.684433 -4.633524 -1.803554 0.0 -0.0 0.0 -178.745667 -0.0 0.0 3.659674 -0.0 0.0 -73.798668 0.0 0.0 -4.726109 0.08116 0.023582 -0.997327 3.3e-05 1e-06 1.25456 -0.0 0.0 3.659674 -0.0 0.0 -73.798668 3e-06 0.0 -4.726109 0.081185 0.023581 -0.997327 6e-06 2e-06 
0.0 0.0 0.0 0.0 -0.0 0.0 0.0 100.87085 0.0 90.000328 0.190163 90.000328 -0.049287 1e-06 -3e-06 -5.927024 3e-06 -0.0 5.964053 5e-06 0.0 16.829426 1e-05 2e-06 1.052974 2.1e-05 -2e-06 -24.428869 4e-05 -2e-05 -0.0 -7.4e-05 3.1e-05 0.0 7.9e-05 0.0 10.592797 -0.254773 3.786015 10.592787 0.254987 -3.785956 -89.776634 -69.738167 89.979286 20.234638 -3e-06 -1e-06 0.010686 -0.0 0.0 0.000704 0.001974 9.712303 25.642761 -18.917786 54.214165 -29.88636 -10.372678 24.530539 0.0 -0.0 0.0 0.0 -0.0 0.0 1.560195 0.375098 -1.406302 -1.574694 -0.339407 -8.296517 0.0 -0.0 0.0 -2.345381 -3.741133 -2.252148 0.0 -0.0 0.0 -8.680352 -3.883042 -3.13835 8.888373 3.355701 -6.015839 0.0 -0.0 0.0 -0.789304 -7.285017 -3.385952 0.0 -0.0 0.0 -12.266362 -6.770043 -3.829185 12.748711 5.779631 -4.507649 0.0 -0.0 0.0 -0.002125 2.297532 1.077113 0.0 -0.0 0.0 -16.653231 -16.879332 -5.818032 18.858604 14.33904 0.985165 0.0 -0.0 0.0 1.68497 -4.635244 -1.805353 0.0 -0.0 0.0 90.181915 -69.738167 89.97924 20.234636 -4e-06 1e-06 0.010699 -0.0 0.0 0.000698 0.001975 9.712301 25.642763 -18.917789 54.214169 -29.886368 -10.372681 24.530539 0.0 -0.0 0.0 0.0 -0.0 0.0 1.562406 0.379639 -1.402784 -1.576997 -0.344016 -8.299985 0.0 -0.0 0.0 -2.344502 -3.741118 -2.25218 0.0 -0.0 0.0 -8.680535 -3.881308 -3.138472 8.888452 3.353951 -6.015964 0.0 -0.0 0.0 -0.789081 -7.285012 -3.385969 0.0 -0.0 0.0 -12.266361 -6.770046 -3.829185 12.748709 5.779632 -4.507646 0.0 -0.0 0.0 -0.001557 2.295775 1.076246 0.0 -0.0 0.0 -16.652988 -16.879618 -5.819845 18.85882 14.338744 0.986972 0.0 -0.0 0.0 1.684433 -4.633524 -1.803554 0.0 -0.0 0.0 -178.745667 -0.0 0.0 3.659674 -0.0 0.0 -73.798668 0.0 0.0 -4.726109 0.08116 0.023582 -0.997327 3.3e-05 1e-06 1.25456 -0.0 0.0 3.659674 -0.0 0.0 -73.798668 3e-06 0.0 -4.726109 0.081185 0.023581 -0.997327 6e-06 2e-06 
0.0 0.0 0.0 0.0 -0.0 0.0 0.0 100.87085 0.0 90.000328 0.190163 90.000328 -0.049287 1e-06 -3e-06 -5.927024 3e-06 -0.0 5.964053 5e-06 0.0 16.829426 1e-05 2e-06 1.052974 2.1e-05 -2e-06 -24.428869 4e-05 -2e-05 -0.0 -7.4e-05 3.1e-05 0.0 7.9e-05 0.0 10.592797 -0.254773 3.786015 10.592787 0.254987 -3.785956 -89.776634 -69.738167 89.979286 20.234638 -3e-06 -1e-06 0.010686 -0.0 0.0 0.000704 0.001974 9.712303 25.642761 -18.917786 54.214165 -29.88636 -10.372678 24.530539 0.0 -0.0 0.0 0.0 -0.0 0.0 1.560195 0.375098 -1.406302 -1.574694 -0.339407 -8.296517 0.0 -0.0 0.0 -2.345381 -3.741133 -2.252148 0.0 -0.0 0.0 -8.680352 -3.883042 -3.13835 8.888373 3.355701 -6.015839 0.0 -0.0 0.0 -0.789304 -7.285017 -3.385952 0.0 -0.0 0.0 -12.266362 -6.770043 -3.829185 12.748711 5.779631 -4.507649 0.0 -0.0 0.0 -0.002125 2.297532 1.077113 0.0 -0.0 0.0 -16.653231 -16.879332 -5.818032 18.858604 14.33904 0.985165 0.0 -0.0 0.0 1.68497 -4.635244 -1.805353 0.0 -0.0 0.0 90.181915 -69.738167 89.97924 20.234636 -4e-06 1e-06 0.010699 -0.0 0.0 0.000698 0.001975 9.712301 25.642763 -18.917789 54.214169 -29.886368 -10.372681 24.530539 0.0 -0.0 0.0 0.0 -0.0 0.0 1.562406 0.379639 -1.402784 -1.576997 -0.344016 -8.299985 0.0 -0.0 0.0 -2.344502 -3.741118 -2.25218 0.0 -0.0 0.0 -8.680535 -3.881308 -3.138472 8.888452 3.353951 -6.015964 0.0 -0.0 0.0 -0.789081 -7.285012 -3.385969 0.0 -0.0 0.0 -12.266361 -6.770046 -3.829185 12.748709 5.779632 -4.507646 0.0 -0.0 0.0 -0.001557 2.295775 1.076246 0.0 -0.0 0.0 -16.652988 -16.879618 -5.819845 18.85882 14.338744 0.986972 0.0 -0.0 0.0 1.684433 -4.633524 -1.803554 0.0 -0.0 0.0 -178.745667 -0.0 0.0 3.659674 -0.0 0.0 -73.798668 0.0 0.0 -4.726109 0.08116 0.023582 -0.997327 3.3e-05 1e-06 1.25456 -0.0 0.0 3.659674 -0.0 0.0 -73.798668 3e-06 0.0 -4.726109 0.081185 0.023581 -0.997327 6e-06 2e-06 
0.0 0.0 0.0 0.0 -0.0 0.0 0.0 100.87085 0.0 90.000328 0.190163 90.000328 -0.049287 1e-06 -3e-06 -5.927024 3e-06 -0.0 5.964053 5e-06 0.0 16.829426 1e-05 2e-06 1.052974 2.1e-05 -2e-06 -24.428869 4e-05 -2e-05 -0.0 -7.4e-05 3.1e-05 0.0 7.9e-05 0.0 10.592797 -0.254773 3.786015 10.592787 0.254987 -3.785956 -89.776634 -69.738167 89.979286 20.234638 -3e-06 -1e-06 0.010686 -0.0 0.0 0.000704 0.001974 9.712303 25.642761 -18.917786 54.214165 -29.88636 -10.372678 24.530539 0.0 -0.0 0.0 0.0 -0.0 0.0 1.560195 0.375098 -1.406302 -1.574694 -0.339407 -8.296517 0.0 -0.0 0.0 -2.345381 -3.741133 -2.252148 0.0 -0.0 0.0 -8.680352 -3.883042 -3.13835 8.888373 3.355701 -6.015839 0.0 -0.0 0.0 -0.789304 -7.285017 -3.385952 0.0 -0.0 0.0 -12.266362 -6.770043 -3.829185 12.748711 5.779631 -4.507649 0.0 -0.0 0.0 -0.002125 2.297532 1.077113 0.0 -0.0 0.0 -16.653231 -16.879332 -5.818032 18.858604 14.33904 0.985165 0.0 -0.0 0.0 1.68497 -4.635244 -1.805353 0.0 -0.0 0.0 90.181915 -69.738167 89.97924 20.234636 -4e-06 1e-06 0.010699 -0.0 0.0 0.000698 0.001975 9.712301 25.642763 -18.917789 54.214169 -29.886368 -10.372681 24.530539 0.0 -0.0 0.0 0.0 -0.0 0.0 1.562406 0.379639 -1.402784 -1.576997 -0.344016 -8.299985 0.0 -0.0 0.0 -2.344502 -3.741118 -2.25218 0.0 -0.0 0.0 -8.680535 -3.881308 -3.138472 8.888452 3.353951 -6.015964 0.0 -0.0 0.0 -0.789081 -7.285012 -3.385969 0.0 -0.0 0.0 -12.266361 -6.770046 -3.829185 12.748709 5.779632 -4.507646 0.0 -0.0 0.0 -0.001557 2.295775 1.076246 0.0 -0.0 0.0 -16.652988 -16.879618 -5.819845 18.85882 14.338744 0.986972 0.0 -0.0 0.0 1.684433 -4.633524 -1.803554 0.0 -0.0 0.0 -178.745667 -0.0 0.0 3.659674 -0.0 0.0 -73.798668 0.0 0.0 -4.726109 0.08116 0.023582 -0.997327 3.3e-05 1e-06 1.25456 -0.0 0.0 3.659674 -0.0 0.0 -73.798668 3e-06 0.0 -4.726109 0.081185 0.023581 -0.997327 6e-06 2e-06 
0.0 0.0 0.0 0.0 -0.0 0.0 0.0 100.87085 0.0 90.000328 0.190163 90.000328 -0.049287 1e-06 -3e-06 -5.927024 3e-06 -0.0 5.964053 5e-06 0.0 16.829426 1e-05 2e-06 1.052974 2.1e-05 -2e-06 -24.428869 4e-05 -2e-05 -0.0 -7.4e-05 3.1e-05 0.0 7.9e-05 0.0 10.592797 -0.254773 3.786015 10.592787 0.254987 -3.785956 -89.776634 -69.738167 89.979286 20.234638 -3e-06 -1e-06 0.010686 -0.0 0.0 0.000704 0.001974 9.712303 25.642761 -18.917786 54.214165 -29.88636 -10.372678 24.530539 0.0 -0.0 0.0 0.0 -0.0 0.0 1.560195 0.375098 -1.406302 -1.574694 -0.339407 -8.296517 0.0 -0.0 0.0 -2.345381 -3.741133 -2.252148 0.0 -0.0 0.0 -8.680352 -3.883042 -3.13835 8.888373 3.355701 -6.015839 0.0 -0.0 0.0 -0.789304 -7.285017 -3.385952 0.0 -0.0 0.0 -12.266362 -6.770043 -3.829185 12.748711 5.779631 -4.507649 0.0 -0.0 0.0 -0.002125 2.297532 1.077113 0.0 -0.0 0.0 -16.653231 -16.879332 -5.818032 18.858604 14.33904 0.985165 0.0 -0.0 0.0 1.68497 -4.635244 -1.805353 0.0 -0.0 0.0 90.181915 -69.738167 89.97924 20.234636 -4e-06 1e-06 0.010699 -0.0 0.0 0.000698 0.001975 9.712301 25.642763 -18.917789 54.214169 -29.886368 -10.372681 24.530539 0.0 -0.0 0.0 0.0 -0.0 0.0 1.562406 0.379639 -1.402784 -1.576997 -0.344016 -8.299985 0.0 -0.0 0.0 -2.344502 -3.741118 -2.25218 0.0 -0.0 0.0 -8.680535 -3.881308 -3.138472 8.888452 3.353951 -6.015964 0.0 -0.0 0.0 -0.789081 -7.285012 -3.385969 0.0 -0.0 0.0 -12.266361 -6.770046 -3.829185 12.748709 5.779632 -4.507646 0.0 -0.0 0.0 -0.001557 2.295775 1.076246 0.0 -0.0 0.0 -16.652988 -16.879618 -5.819845 18.85882 14.338744 0.986972 0.0 -0.0 0.0 1.684433 -4.633524 -1.803554 0.0 -0.0 0.0 -178.745667 -0.0 0.0 3.659674 -0.0 0.0 -73.798668 0.0 0.0 -4.726109 0.08116 0.023582 -0.997327 3.3e-05 1e-06 1.25456 -0.0 0.0 3.659674 -0.0 0.0 -73.798668 3e-06 0.0 -4.726109 0.081185 0.023581 -0.997327 6e-06 2e-06 
0.0 0.0 0.0 0.0 -0.0 0.0 0.0 100.87085 0.0 90.000328 0.190163 90.000328 -0.049287 1e-06 -3e-06 -5.927024 3e-06 -0.0 5.964053 5e-06 0.0 16.829426 1e-05 2e-06 1.052974 2.1e-05 -2e-06 -24.428869 4e-05 -2e-05 -0.0 -7.4e-05 3.1e-05 0.0 7.9e-05 0.0 10.592797 -0.254773 3.786015 10.592787 0.254987 -3.785956 -89.776634 -69.738167 89.979286 20.234638 -3e-06 -1e-06 0.010686 -0.0 0.0 0.000704 0.001974 9.712303 25.642761 -18.917786 54.214165 -29.88636 -10.372678 24.530539 0.0 -0.0 0.0 0.0 -0.0 0.0 1.560195 0.375098 -1.406302 -1.574694 -0.339407 -8.296517 0.0 -0.0 0.0 -2.345381 -3.741133 -2.252148 0.0 -0.0 0.0 -8.680352 -3.883042 -3.13835 8.888373 3.355701 -6.015839 0.0 -0.0 0.0 -0.789304 -7.285017 -3.385952 0.0 -0.0 0.0 -12.266362 -6.770043 -3.829185 12.748711 5.779631 -4.507649 0.0 -0.0 0.0 -0.002125 2.297532 1.077113 0.0 -0.0 0.0 -16.653231 -16.879332 -5.818032 18.858604 14.33904 0.985165 0.0 -0.0 0.0 1.68497 -4.635244 -1.805353 0.0 -0.0 0.0 90.181915 -69.738167 89.97924 20.234636 -4e-06 1e-06 0.010699 -0.0 0.0 0.000698 0.001975 9.712301 25.642763 -18.917789 54.214169 -29.886368 -10.372681 24.530539 0.0 -0.0 0.0 0.0 -0.0 0.0 1.562406 0.379639 -1.402784 -1.576997 -0.344016 -8.299985 0.0 -0.0 0.0 -2.344502 -3.741118 -2.25218 0.0 -0.0 0.0 -8.680535 -3.881308 -3.138472 8.888452 3.353951 -6.015964 0.0 -0.0 0.0 -0.789081 -7.285012 -3.385969 0.0 -0.0 0.0 -12.266361 -6.770046 -3.829185 12.748709 5.779632 -4.507646 0.0 -0.0 0.0 -0.001557 2.295775 1.076246 0.0 -0.0 0.0 -16.652988 -16.879618 -5.819845 18.85882 14.338744 0.986972 0.0 -0.0 0.0 1.684433 -4.633524 -1.803554 0.0 -0.0 0.0 -178.745667 -0.0 0.0 3.659674 -0.0 0.0 -73.798668 0.0 0.0 -4.726109 0.08116 0.023582 -0.997327 3.3e-05 1e-06 1.25456 -0.0 0.0 3.659674 -0.0 0.0 -73.798668 3e-06 0.0 -4.726109 0.081185 0.023581 -0.997327 6e-06 2e-06 
0.0 0.0 0.0 0.0 -0.0 0.0 0.0 100.87085 0.0 90.000328 0.190163 90.000328 -0.049287 1e-06 -3e-06 -5.927024 3e-06 -0.0 5.964053 5e-06 0.0 16.829426 1e-05 2e-06 1.052974 2.1e-05 -2e-06 -24.428869 4e-05 -2e-05 -0.0 -7.4e-05 3.1e-05 0.0 7.9e-05 0.0 10.592797 -0.254773 3.786015 10.592787 0.254987 -3.785956 -89.776634 -69.738167 89.979286 20.234638 -3e-06 -1e-06 0.010686 -0.0 0.0 0.000704 0.001974 9.712303 25.642761 -18.917786 54.214165 -29.88636 -10.372678 24.530539 0.0 -0.0 0.0 0.0 -0.0 0.0 1.560195 0.375098 -1.406302 -1.574694 -0.339407 -8.296517 0.0 -0.0 0.0 -2.345381 -3.741133 -2.252148 0.0 -0.0 0.0 -8.680352 -3.883042 -3.13835 8.888373 3.355701 -6.015839 0.0 -0.0 0.0 -0.789304 -7.285017 -3.385952 0.0 -0.0 0.0 -12.266362 -6.770043 -3.829185 12.748711 5.779631 -4.507649 0.0 -0.0 0.0 -0.002125 2.297532 1.077113 0.0 -0.0 0.0 -16.653231 -16.879332 -5.818032 18.858604 14.33904 0.985165 0.0 -0.0 0.0 1.68497 -4.635244 -1.805353 0.0 -0.0 0.0 90.181915 -69.738167 89.97924 20.234636 -4e-06 1e-06 0.010699 -0.0 0.0 0.000698 0.001975 9.712301 25.642763 -18.917789 54.214169 -29.886368 -10.372681 24.530539 0.0 -0.0 0.0 0.0 -0.0 0.0 1.562406 0.379639 -1.402784 -1.576997 -0.344016 -8.299985 0.0 -0.0 0.0 -2.344502 -3.741118 -2.25218 0.0 -0.0 0.0 -8.680535 -3.881308 -3.138472 8.888452 3.353951 -6.015964 0.0 -0.0 0.0 -0.789081 -7.285012 -3.385969 0.0 -0.0 0.0 -12.266361 -6.770046 -3.829185 12.748709 5.779632 -4.507646 0.0 -0.0 0.0 -0.001557 2.295775 1.076246 0.0 -0.0 0.0 -16.652988 -16.879618 -5.819845 18.85882 14.338744 0.986972 0.0 -0.0 0.0 1.684433 -4.633524 -1.803554 0.0 -0.0 0.0 -178.745667 -0.0 0.0 3.659674 -0.0 0.0 -73.798668 0.0 0.0 -4.726109 0.08116 0.023582 -0.997327 3.3e-05 1e-06 1.25456 -0.0 0.0 3.659674 -0.0 0.0 -73.798668 3e-06 0.0 -4.726109 0.081185 0.023581 -0.997327 6e-06 2e-06 
0.0 0.0 0.0 0.0 -0.0 0.0 0.0 100.87085 0.0 90.000328 0.190163 90.000328 -0.049287 1e-06 -3e-06 -5.927024 3e-06 -0.0 5.964053 5e-06 0.0 16.829426 1e-05 2e-06 1.052974 2.1e-05 -2e-06 -24.428869 4e-05 -2e-05 -0.0 -7.4e-05 3.1e-05 0.0 7.9e-05 0.0 10.592797 -0.254773 3.786015 10.592787 0.254987 -3.785956 -89.776634 -69.738167 89.979286 20.234638 -3e-06 -1e-06 0.010686 -0.0 0.0 0.000704 0.001974 9.712303 25.642761 -18.917786 54.214165 -29.88636 -10.372678 24.530539 0.0 -0.0 0.0 0.0 -0.0 0.0 1.560195 0.375098 -1.406302 -1.574694 -0.339407 -8.296517 0.0 -0.0 0.0 -2.345381 -3.741133 -2.252148 0.0 -0.0 0.0 -8.680352 -3.883042 -3.13835 8.888373 3.355701 -6.015839 0.0 -0.0 0.0 -0.789304 -7.285017 -3.385952 0.0 -0.0 0.0 -12.266362 -6.770043 -3.829185 12.748711 5.779631 -4.507649 0.0 -0.0 0.0 -0.002125 2.297532 1.077113 0.0 -0.0 0.0 -16.653231 -16.879332 -5.818032 18.858604 14.33904 0.985165 0.0 -0.0 0.0 1.68497 -4.635244 -1.805353 0.0 -0.0 0.0 90.181915 -69.738167 89.97924 20.234636 -4e-06 1e-06 0.010699 -0.0 0.0 0.000698 0.001975 9.712301 25.642763 -18.917789 54.214169 -29.886368 -10.372681 24.530539 0.0 -0.0 0.0 0.0 -0.0 0.0 1.562406 0.379639 -1.402784 -1.576997 -0.344016 -8.299985 0.0 -0.0 0.0 -2.344502 -3.741118 -2.25218 0.0 -0.0 0.0 -8.680535 -3.881308 -3.138472 8.888452 3.353951 -6.015964 0.0 -0.0 0.0 -0.789081 -7.285012 -3.385969 0.0 -0.0 0.0 -12.266361 -6.770046 -3.829185 12.748709 5.779632 -4.507646 0.0 -0.0 0.0 -0.001557 2.295775 1.076246 0.0 -0.0 0.0 -16.652988 -16.879618 -5.819845 18.85882 14.338744 0.986972 0.0 -0.0 0.0 1.684433 -4.633524 -1.803554 0.0 -0.0 0.0 -178.745667 -0.0 0.0 3.659674 -0.0 0.0 -73.798668 0.0 0.0 -4.726109 0.08116 0.023582 -0.997327 3.3e-05 1e-06 1.25456 -0.0 0.0 3.659674 -0.0 0.0 -73.798668 3e-06 0.0 -4.726109 0.081185 0.023581 -0.997327 6e-06 2e-06 
0.0 0.0 0.0 0.0 -0.0 0.0 0.0 100.87085 0.0 90.000328 0.190163 90.000328 -0.049287 1e-06 -3e-06 -5.927024 3e-06 -0.0 5.964053 5e-06 0.0 16.829426 1e-05 2e-06 1.052974 2.1e-05 -2e-06 -24.428869 4e-05 -2e-05 -0.0 -7.4e-05 3.1e-05 0.0 7.9e-05 0.0 10.592797 -0.254773 3.786015 10.592787 0.254987 -3.785956 -89.776634 -69.738167 89.979286 20.234638 -3e-06 -1e-06 0.010686 -0.0 0.0 0.000704 0.001974 9.712303 25.642761 -18.917786 54.214165 -29.88636 -10.372678 24.530539 0.0 -0.0 0.0 0.0 -0.0 0.0 1.560195 0.375098 -1.406302 -1.574694 -0.339407 -8.296517 0.0 -0.0 0.0 -2.345381 -3.741133 -2.252148 0.0 -0.0 0.0 -8.680352 -3.883042 -3.13835 8.888373 3.355701 -6.015839 0.0 -0.0 0.0 -0.789304 -7.285017 -3.385952 0.0 -0.0 0.0 -12.266362 -6.770043 -3.829185 12.748711 5.779631 -4.507649 0.0 -0.0 0.0 -0.002125 2.297532 1.077113 0.0 -0.0 0.0 -16.653231 -16.879332 -5.818032 18.858604 14.33904 0.985165 0.0 -0.0 0.0 1.68497 -4.635244 -1.805353 0.0 -0.0 0.0 90.181915 -69.738167 89.97924 20.234636 -4e-06 1e-06 0.010699 -0.0 0.0 0.000698 0.001975 9.712301 25.642763 -18.917789 54.214169 -29.886368 -10.372681 24.530539 0.0 -0.0 0.0 0.0 -0.0 0.0 1.562406 0.379639 -1.402784 -1.576997 -0.344016 -8.299985 0.0 -0.0 0.0 -2.344502 -3.741118 -2.25218 0.0 -0.0 0.0 -8.680535 -3.881308 -3.138472 8.888452 3.353951 -6.015964 0.0 -0.0 0.0 -0.789081 -7.285012 -3.385969 0.0 -0.0 0.0 -12.266361 -6.770046 -3.829185 12.748709 5.779632 -4.507646 0.0 -0.0 0.0 -0.001557 2.295775 1.076246 0.0 -0.0 0.0 -16.652988 -16.879618 -5.819845 18.85882 14.338744 0.986972 0.0 -0.0 0.0 1.684433 -4.633524 -1.803554 0.0 -0.0 0.0 -178.745667 -0.0 0.0 3.659674 -0.0 0.0 -73.798668 0.0 0.0 -4.726109 0.08116 0.023582 -0.997327 3.3e-05 1e-06 1.25456 -0.0 0.0 3.659674 -0.0 0.0 -73.798668 3e-06 0.0 -4.726109 0.081185 0.023581 -0.997327 6e-06 2e-06 
0.0 0.0 0.0 0.0 -0.0 0.0 0.0 100.87085 0.0 90.000328 0.190163 90.000328 -0.049287 1e-06 -3e-06 -5.927024 3e-06 -0.0 5.964053 5e-06 0.0 16.829426 1e-05 2e-06 1.052974 2.1e-05 -2e-06 -24.428869 4e-05 -2e-05 -0.0 -7.4e-05 3.1e-05 0.0 7.9e-05 0.0 10.592797 -0.254773 3.786015 10.592787 0.254987 -3.785956 -89.776634 -69.738167 89.979286 20.234638 -3e-06 -1e-06 0.010686 -0.0 0.0 0.000704 0.001974 9.712303 25.642761 -18.917786 54.214165 -29.88636 -10.372678 24.530539 0.0 -0.0 0.0 0.0 -0.0 0.0 1.560195 0.375098 -1.406302 -1.574694 -0.339407 -8.296517 0.0 -0.0 0.0 -2.345381 -3.741133 -2.252148 0.0 -0.0 0.0 -8.680352 -3.883042 -3.13835 8.888373 3.355701 -6.015839 0.0 -0.0 0.0 -0.789304 -7.285017 -3.385952 0.0 -0.0 0.0 -12.266362 -6.770043 -3.829185 12.748711 5.779631 -4.507649 0.0 -0.0 0.0 -0.002125 2.297532 1.077113 0.0 -0.0 0.0 -16.653231 -16.879332 -5.818032 18.858604 14.33904 0.985165 0.0 -0.0 0.0 1.68497 -4.635244 -1.805353 0.0 -0.0 0.0 90.181915 -69.738167 89.97924 20.234636 -4e-06 1e-06 0.010699 -0.0 0.0 0.000698 0.001975 9.712301 25.642763 -18.917789 54.214169 -29.886368 -10.372681 24.530539 0.0 -0.0 0.0 0.0 -0.0 0.0 1.562406 0.379639 -1.402784 -1.576997 -0.344016 -8.299985 0.0 -0.0 0.0 -2.344502 -3.741118 -2.25218 0.0 -0.0 0.0 -8.680535 -3.881308 -3.138472 8.888452 3.353951 -6.015964 0.0 -0.0 0.0 -0.789081 -7.285012 -3.385969 0.0 -0.0 0.0 -12.266361 -6.770046 -3.829185 12.748709 5.779632 -4.507646 0.0 -0.0 0.0 -0.001557 2.295775 1.076246 0.0 -0.0 0.0 -16.652988 -16.879618 -5.819845 18.85882 14.338744 0.986972 0.0 -0.0 0.0 1.684433 -4.633524 -1.803554 0.0 -0.0 0.0 -178.745667 -0.0 0.0 3.659674 -0.0 0.0 -73.798668 0.0 0.0 -4.726109 0.08116 0.023582 -0.997327 3.3e-05 1e-06 1.25456 -0.0 0.0 3.659674 -0.0 0.0 -73.798668 3e-06 0.0 -4.726109 0.081185 0.023581 -0.997327 6e-06 2e-06 
0.0 0.0 0.0 0.0 -0.0 0.0 0.0 100.87085 0.0 90.000328 0.190163 90.000328 -0.049287 1e-06 -3e-06 -5.927024 3e-06 -0.0 5.964053 5e-06 0.0 16.829426 1e-05 2e-06 1.052974 2.1e-05 -2e-06 -24.428869 4e-05 -2e-05 -0.0 -7.4e-05 3.1e-05 0.0 7.9e-05 0.0 10.592797 -0.254773 3.786015 10.592787 0.254987 -3.785956 -89.776634 -69.738167 89.979286 20.234638 -3e-06 -1e-06 0.010686 -0.0 0.0 0.000704 0.001974 9.712303 25.642761 -18.917786 54.214165 -29.88636 -10.372678 24.530539 0.0 -0.0 0.0 0.0 -0.0 0.0 1.560195 0.375098 -1.406302 -1.574694 -0.339407 -8.296517 0.0 -0.0 0.0 -2.345381 -3.741133 -2.252148 0.0 -0.0 0.0 -8.680352 -3.883042 -3.13835 8.888373 3.355701 -6.015839 0.0 -0.0 0.0 -0.789304 -7.285017 -3.385952 0.0 -0.0 0.0 -12.266362 -6.770043 -3.829185 12.748711 5.779631 -4.507649 0.0 -0.0 0.0 -0.002125 2.297532 1.077113 0.0 -0.0 0.0 -16.653231 -16.879332 -5.818032 18.858604 14.33904 0.985165 0.0 -0.0 0.0 1.68497 -4.635244 -1.805353 0.0 -0.0 0.0 90.181915 -69.738167 89.97924 20.234636 -4e-06 1e-06 0.010699 -0.0 0.0 0.000698 0.001975 9.712301 25.642763 -18.917789 54.214169 -29.886368 -10.372681 24.530539 0.0 -0.0 0.0 0.0 -0.0 0.0 1.562406 0.379639 -1.402784 -1.576997 -0.344016 -8.299985 0.0 -0.0 0.0 -2.344502 -3.741118 -2.25218 0.0 -0.0 0.0 -8.680535 -3.881308 -3.138472 8.888452 3.353951 -6.015964 0.0 -0.0 0.0 -0.789081 -7.285012 -3.385969 0.0 -0.0 0.0 -12.266361 -6.770046 -3.829185 12.748709 5.779632 -4.507646 0.0 -0.0 0.0 -0.001557 2.295775 1.076246 0.0 -0.0 0.0 -16.652988 -16.879618 -5.819845 18.85882 14.338744 0.986972 0.0 -0.0 0.0 1.684433 -4.633524 -1.803554 0.0 -0.0 0.0 -178.745667 -0.0 0.0 3.659674 -0.0 0.0 -73.798668 0.0 0.0 -4.726109 0.08116 0.023582 -0.997327 3.3e-05 1e-06 1.25456 -0.0 0.0 3.659674 -0.0 0.0 -73.798668 3e-06 0.0 -4.726109 0.081185 0.023581 -0.997327 6e-06 2e-06 
0.0 0.0 0.0 0.0 -0.0 0.0 0.0 100.87085 0.0 90.000328 0.190163 90.000328 -0.049287 1e-06 -3e-06 -5.927024 3e-06 -0.0 5.964053 5e-06 0.0 16.829426 1e-05 2e-06 1.052974 2.1e-05 -2e-06 -24.428869 4e-05 -2e-05 -0.0 -7.4e-05 3.1e-05 0.0 7.9e-05 0.0 10.592797 -0.254773 3.786015 10.592787 0.254987 -3.785956 -89.776634 -69.738167 89.979286 20.234638 -3e-06 -1e-06 0.010686 -0.0 0.0 0.000704 0.001974 9.712303 25.642761 -18.917786 54.214165 -29.88636 -10.372678 24.530539 0.0 -0.0 0.0 0.0 -0.0 0.0 1.560195 0.375098 -1.406302 -1.574694 -0.339407 -8.296517 0.0 -0.0 0.0 -2.345381 -3.741133 -2.252148 0.0 -0.0 0.0 -8.680352 -3.883042 -3.13835 8.888373 3.355701 -6.015839 0.0 -0.0 0.0 -0.789304 -7.285017 -3.385952 0.0 -0.0 0.0 -12.266362 -6.770043 -3.829185 12.748711 5.779631 -4.507649 0.0 -0.0 0.0 -0.002125 2.297532 1.077113 0.0 -0.0 0.0 -16.653231 -16.879332 -5.818032 18.858604 14.33904 0.985165 0.0 -0.0 0.0 1.68497 -4.635244 -1.805353 0.0 -0.0 0.0 90.181915 -69.738167 89.97924 20.234636 -4e-06 1e-06 0.010699 -0.0 0.0 0.000698 0.001975 9.712301 25.642763 -18.917789 54.214169 -29.886368 -10.372681 24.530539 0.0 -0.0 0.0 0.0 -0.0 0.0 1.562406 0.379639 -1.402784 -1.576997 -0.344016 -8.299985 0.0 -0.0 0.0 -2.344502 -3.741118 -2.25218 0.0 -0.0 0.0 -8.680535 -3.881308 -3.138472 8.888452 3.353951 -6.015964 0.0 -0.0 0.0 -0.789081 -7.285012 -3.385969 0.0 -0.0 0.0 -12.266361 -6.770046 -3.829185 12.748709 5.779632 -4.507646 0.0 -0.0 0.0 -0.001557 2.295775 1.076246 0.0 -0.0 0.0 -16.652988 -16.879618 -5.819845 18.85882 14.338744 0.986972 0.0 -0.0 0.0 1.684433 -4.633524 -1.803554 0.0 -0.0 0.0 -178.745667 -0.0 0.0 3.659674 -0.0 0.0 -73.798668 0.0 0.0 -4.726109 0.08116 0.023582 -0.997327 3.3e-05 1e-06 1.25456 -0.0 0.0 3.659674 -0.0 0.0 -73.798668 3e-06 0.0 -4.726109 0.081185 0.023581 -0.997327 6e-06 2e-06 
0.0 0.0 0.0 0.0 -0.0 0.0 0.0 100.87085 0.0 90.000328 0.190163 90.000328 -0.049287 1e-06 -3e-06 -5.927024 3e-06 -0.0 5.964053 5e-06 0.0 16.829426 1e-05 2e-06 1.052974 2.1e-05 -2e-06 -24.428869 4e-05 -2e-05 -0.0 -7.4e-05 3.1e-05 0.0 7.9e-05 0.0 10.592797 -0.254773 3.786015 10.592787 0.254987 -3.785956 -89.776634 -69.738167 89.979286 20.234638 -3e-06 -1e-06 0.010686 -0.0 0.0 0.000704 0.001974 9.712303 25.642761 -18.917786 54.214165 -29.88636 -10.372678 24.530539 0.0 -0.0 0.0 0.0 -0.0 0.0 1.560195 0.375098 -1.406302 -1.574694 -0.339407 -8.296517 0.0 -0.0 0.0 -2.345381 -3.741133 -2.252148 0.0 -0.0 0.0 -8.680352 -3.883042 -3.13835 8.888373 3.355701 -6.015839 0.0 -0.0 0.0 -0.789304 -7.285017 -3.385952 0.0 -0.0 0.0 -12.266362 -6.770043 -3.829185 12.748711 5.779631 -4.507649 0.0 -0.0 0.0 -0.002125 2.297532 1.077113 0.0 -0.0 0.0 -16.653231 -16.879332 -5.818032 18.858604 14.33904 0.985165 0.0 -0.0 0.0 1.68497 -4.635244 -1.805353 0.0 -0.0 0.0 90.181915 -69.738167 89.97924 20.234636 -4e-06 1e-06 0.010699 -0.0 0.0 0.000698 0.001975 9.712301 25.642763 -18.917789 54.214169 -29.886368 -10.372681 24.530539 0.0 -0.0 0.0 0.0 -0.0 0.0 1.562406 0.379639 -1.402784 -1.576997 -0.344016 -8.299985 0.0 -0.0 0.0 -2.344502 -3.741118 -2.25218 0.0 -0.0 0.0 -8.680535 -3.881308 -3.138472 8.888452 3.353951 -6.015964 0.0 -0.0 0.0 -0.789081 -7.285012 -3.385969 0.0 -0.0 0.0 -12.266361 -6.770046 -3.829185 12.748709 5.779632 -4.507646 0.0 -0.0 0.0 -0.001557 2.295775 1.076246 0.0 -0.0 0.0 -16.652988 -16.879618 -5.819845 18.85882 14.338744 0.986972 0.0 -0.0 0.0 1.684433 -4.633524 -1.803554 0.0 -0.0 0.0 -178.745667 -0.0 0.0 3.659674 -0.0 0.0 -73.798668 0.0 0.0 -4.726109 0.08116 0.023582 -0.997327 3.3e-05 1e-06 1.25456 -0.0 0.0 3.659674 -0.0 0.0 -73.798668 3e-06 0.0 -4.726109 0.081185 0.023581 -0.997327 6e-06 2e-06 
0.0 0.0 0.0 0.0 -0.0 0.0 0.0 100.87085 0.0 90.000328 0.190163 90.000328 -0.049287 1e-06 -3e-06 -5.927024 3e-06 -0.0 5.964053 5e-06 0.0 16.829426 1e-05 2e-06 1.052974 2.1e-05 -2e-06 -24.428869 4e-05 -2e-05 -0.0 -7.4e-05 3.1e-05 0.0 7.9e-05 0.0 10.592797 -0.254773 3.786015 10.592787 0.254987 -3.785956 -89.776634 -69.738167 89.979286 20.234638 -3e-06 -1e-06 0.010686 -0.0 0.0 0.000704 0.001974 9.712303 25.642761 -18.917786 54.214165 -29.88636 -10.372678 24.530539 0.0 -0.0 0.0 0.0 -0.0 0.0 1.560195 0.375098 -1.406302 -1.574694 -0.339407 -8.296517 0.0 -0.0 0.0 -2.345381 -3.741133 -2.252148 0.0 -0.0 0.0 -8.680352 -3.883042 -3.13835 8.888373 3.355701 -6.015839 0.0 -0.0 0.0 -0.789304 -7.285017 -3.385952 0.0 -0.0 0.0 -12.266362 -6.770043 -3.829185 12.748711 5.779631 -4.507649 0.0 -0.0 0.0 -0.002125 2.297532 1.077113 0.0 -0.0 0.0 -16.653231 -16.879332 -5.818032 18.858604 14.33904 0.985165 0.0 -0.0 0.0 1.68497 -4.635244 -1.805353 0.0 -0.0 0.0 90.181915 -69.738167 89.97924 20.234636 -4e-06 1e-06 0.010699 -0.0 0.0 0.000698 0.001975 9.712301 25.642763 -18.917789 54.214169 -29.886368 -10.372681 24.530539 0.0 -0.0 0.0 0.0 -0.0 0.0 1.562406 0.379639 -1.402784 -1.576997 -0.344016 -8.299985 0.0 -0.0 0.0 -2.344502 -3.741118 -2.25218 0.0 -0.0 0.0 -8.680535 -3.881308 -3.138472 8.888452 3.353951 -6.015964 0.0 -0.0 0.0 -0.789081 -7.285012 -3.385969 0.0 -0.0 0.0 -12.266361 -6.770046 -3.829185 12.748709 5.779632 -4.507646 0.0 -0.0 0.0 -0.001557 2.295775 1.076246 0.0 -0.0 0.0 -16.652988 -16.879618 -5.819845 18.85882 14.338744 0.986972 0.0 -0.0 0.0 1.684433 -4.633524 -1.803554 0.0 -0.0 0.0 -178.745667 -0.0 0.0 3.659674 -0.0 0.0 -73.798668 0.0 0.0 -4.726109 0.08116 0.023582 -0.997327 3.3e-05 1e-06 1.25456 -0.0 0.0 3.659674 -0.0 0.0 -73.798668 3e-06 0.0 -4.726109 0.081185 0.023581 -0.997327 6e-06 2e-06 
0.0 0.0 0.0 0.0 -0.0 0.0 0.0 100.87085 0.0 90.000328 0.190163 90.000328 -0.049287 1e-06 -3e-06 -5.927024 3e-06 -0.0 5.964053 5e-06 0.0 16.829426 1e-05 2e-06 1.052974 2.1e-05 -2e-06 -24.428869 4e-05 -2e-05 -0.0 -7.4e-05 3.1e-05 0.0 7.9e-05 0.0 10.592797 -0.254773 3.786015 10.592787 0.254987 -3.785956 -89.776634 -69.738167 89.979286 20.234638 -3e-06 -1e-06 0.010686 -0.0 0.0 0.000704 0.001974 9.712303 25.642761 -18.917786 54.214165 -29.88636 -10.372678 24.530539 0.0 -0.0 0.0 0.0 -0.0 0.0 1.560195 0.375098 -1.406302 -1.574694 -0.339407 -8.296517 0.0 -0.0 0.0 -2.345381 -3.741133 -2.252148 0.0 -0.0 0.0 -8.680352 -3.883042 -3.13835 8.888373 3.355701 -6.015839 0.0 -0.0 0.0 -0.789304 -7.285017 -3.385952 0.0 -0.0 0.0 -12.266362 -6.770043 -3.829185 12.748711 5.779631 -4.507649 0.0 -0.0 0.0 -0.002125 2.297532 1.077113 0.0 -0.0 0.0 -16.653231 -16.879332 -5.818032 18.858604 14.33904 0.985165 0.0 -0.0 0.0 1.68497 -4.635244 -1.805353 0.0 -0.0 0.0 90.181915 -69.738167 89.97924 20.234636 -4e-06 1e-06 0.010699 -0.0 0.0 0.000698 0.001975 9.712301 25.642763 -18.917789 54.214169 -29.886368 -10.372681 24.530539 0.0 -0.0 0.0 0.0 -0.0 0.0 1.562406 0.379639 -1.402784 -1.576997 -0.344016 -8.299985 0.0 -0.0 0.0 -2.344502 -3.741118 -2.25218 0.0 -0.0 0.0 -8.680535 -3.881308 -3.138472 8.888452 3.353951 -6.015964 0.0 -0.0 0.0 -0.789081 -7.285012 -3.385969 0.0 -0.0 0.0 -12.266361 -6.770046 -3.829185 12.748709 5.779632 -4.507646 0.0 -0.0 0.0 -0.001557 2.295775 1.076246 0.0 -0.0 0.0 -16.652988 -16.879618 -5.819845 18.85882 14.338744 0.986972 0.0 -0.0 0.0 1.684433 -4.633524 -1.803554 0.0 -0.0 0.0 -178.745667 -0.0 0.0 3.659674 -0.0 0.0 -73.798668 0.0 0.0 -4.726109 0.08116 0.023582 -0.997327 3.3e-05 1e-06 1.25456 -0.0 0.0 3.659674 -0.0 0.0 -73.798668 3e-06 0.0 -4.726109 0.081185 0.023581 -0.997327 6e-06 2e-06 
0.0 0.0 0.0 0.0 -0.0 0.0 0.0 100.87085 0.0 90.000328 0.190163 90.000328 -0.049287 1e-06 -3e-06 -5.927024 3e-06 -0.0 5.964053 5e-06 0.0 16.829426 1e-05 2e-06 1.052974 2.1e-05 -2e-06 -24.428869 4e-05 -2e-05 -0.0 -7.4e-05 3.1e-05 0.0 7.9e-05 0.0 10.592797 -0.254773 3.786015 10.592787 0.254987 -3.785956 -89.776634 -69.738167 89.979286 20.234638 -3e-06 -1e-06 0.010686 -0.0 0.0 0.000704 0.001974 9.712303 25.642761 -18.917786 54.214165 -29.88636 -10.372678 24.530539 0.0 -0.0 0.0 0.0 -0.0 0.0 1.560195 0.375098 -1.406302 -1.574694 -0.339407 -8.296517 0.0 -0.0 0.0 -2.345381 -3.741133 -2.252148 0.0 -0.0 0.0 -8.680352 -3.883042 -3.13835 8.888373 3.355701 -6.015839 0.0 -0.0 0.0 -0.789304 -7.285017 -3.385952 0.0 -0.0 0.0 -12.266362 -6.770043 -3.829185 12.748711 5.779631 -4.507649 0.0 -0.0 0.0 -0.002125 2.297532 1.077113 0.0 -0.0 0.0 -16.653231 -16.879332 -5.818032 18.858604 14.33904 0.985165 0.0 -0.0 0.0 1.68497 -4.635244 -1.805353 0.0 -0.0 0.0 90.181915 -69.738167 89.97924 20.234636 -4e-06 1e-06 0.010699 -0.0 0.0 0.000698 0.001975 9.712301 25.642763 -18.917789 54.214169 -29.886368 -10.372681 24.530539 0.0 -0.0 0.0 0.0 -0.0 0.0 1.562406 0.379639 -1.402784 -1.576997 -0.344016 -8.299985 0.0 -0.0 0.0 -2.344502 -3.741118 -2.25218 0.0 -0.0 0.0 -8.680535 -3.881308 -3.138472 8.888452 3.353951 -6.015964 0.0 -0.0 0.0 -0.789081 -7.285012 -3.385969 0.0 -0.0 0.0 -12.266361 -6.770046 -3.829185 12.748709 5.779632 -4.507646 0.0 -0.0 0.0 -0.001557 2.295775 1.076246 0.0 -0.0 0.0 -16.652988 -16.879618 -5.819845 18.85882 14.338744 0.986972 0.0 -0.0 0.0 1.684433 -4.633524 -1.803554 0.0 -0.0 0.0 -178.745667 -0.0 0.0 3.659674 -0.0 0.0 -73.798668 0.0 0.0 -4.726109 0.08116 0.023582 -0.997327 3.3e-05 1e-06 1.25456 -0.0 0.0 3.659674 -0.0 0.0 -73.798668 3e-06 0.0 -4.726109 0.081185 0.023581 -0.997327 6e-06 2e-06 
0.0 0.0 0.0 0.0 -0.0 0.0 0.0 100.87085 0.0 90.000328 0.190163 90.000328 -0.049287 1e-06 -3e-06 -5.927024 3e-06 -0.0 5.964053 5e-06 0.0 16.829426 1e-05 2e-06 1.052974 2.1e-05 -2e-06 -24.428869 4e-05 -2e-05 -0.0 -7.4e-05 3.1e-05 0.0 7.9e-05 0.0 10.592797 -0.254773 3.786015 10.592787 0.254987 -3.785956 -89.776634 -69.738167 89.979286 20.234638 -3e-06 -1e-06 0.010686 -0.0 0.0 0.000704 0.001974 9.712303 25.642761 -18.917786 54.214165 -29.88636 -10.372678 24.530539 0.0 -0.0 0.0 0.0 -0.0 0.0 1.560195 0.375098 -1.406302 -1.574694 -0.339407 -8.296517 0.0 -0.0 0.0 -2.345381 -3.741133 -2.252148 0.0 -0.0 0.0 -8.680352 -3.883042 -3.13835 8.888373 3.355701 -6.015839 0.0 -0.0 0.0 -0.789304 -7.285017 -3.385952 0.0 -0.0 0.0 -12.266362 -6.770043 -3.829185 12.748711 5.779631 -4.507649 0.0 -0.0 0.0 -0.002125 2.297532 1.077113 0.0 -0.0 0.0 -16.653231 -16.879332 -5.818032 18.858604 14.33904 0.985165 0.0 -0.0 0.0 1.68497 -4.635244 -1.805353 0.0 -0.0 0.0 90.181915 -69.738167 89.97924 20.234636 -4e-06 1e-06 0.010699 -0.0 0.0 0.000698 0.001975 9.712301 25.642763 -18.917789 54.214169 -29.886368 -10.372681 24.530539 0.0 -0.0 0.0 0.0 -0.0 0.0 1.562406 0.379639 -1.402784 -1.576997 -0.344016 -8.299985 0.0 -0.0 0.0 -2.344502 -3.741118 -2.25218 0.0 -0.0 0.0 -8.680535 -3.881308 -3.138472 8.888452 3.353951 -6.015964 0.0 -0.0 0.0 -0.789081 -7.285012 -3.385969 0.0 -0.0 0.0 -12.266361 -6.770046 -3.829185 12.748709 5.779632 -4.507646 0.0 -0.0 0.0 -0.001557 2.295775 1.076246 0.0 -0.0 0.0 -16.652988 -16.879618 -5.819845 18.85882 14.338744 0.986972 0.0 -0.0 0.0 1.684433 -4.633524 -1.803554 0.0 -0.0 0.0 -178.745667 -0.0 0.0 3.659674 -0.0 0.0 -73.798668 0.0 0.0 -4.726109 0.08116 0.023582 -0.997327 3.3e-05 1e-06 1.25456 -0.0 0.0 3.659674 -0.0 0.0 -73.798668 3e-06 0.0 -4.726109 0.081185 0.023581 -0.997327 6e-06 2e-06 
0.0 0.0 0.0 0.0 -0.0 0.0 0.0 100.87085 0.0 90.000328 0.190163 90.000328 -0.049287 1e-06 -3e-06 -5.927024 3e-06 -0.0 5.964053 5e-06 0.0 16.829426 1e-05 2e-06 1.052974 2.1e-05 -2e-06 -24.428869 4e-05 -2e-05 -0.0 -7.4e-05 3.1e-05 0.0 7.9e-05 0.0 10.592797 -0.254773 3.786015 10.592787 0.254987 -3.785956 -89.776634 -69.738167 89.979286 20.234638 -3e-06 -1e-06 0.010686 -0.0 0.0 0.000704 0.001974 9.712303 25.642761 -18.917786 54.214165 -29.88636 -10.372678 24.530539 0.0 -0.0 0.0 0.0 -0.0 0.0 1.560195 0.375098 -1.406302 -1.574694 -0.339407 -8.296517 0.0 -0.0 0.0 -2.345381 -3.741133 -2.252148 0.0 -0.0 0.0 -8.680352 -3.883042 -3.13835 8.888373 3.355701 -6.015839 0.0 -0.0 0.0 -0.789304 -7.285017 -3.385952 0.0 -0.0 0.0 -12.266362 -6.770043 -3.829185 12.748711 5.779631 -4.507649 0.0 -0.0 0.0 -0.002125 2.297532 1.077113 0.0 -0.0 0.0 -16.653231 -16.879332 -5.818032 18.858604 14.33904 0.985165 0.0 -0.0 0.0 1.68497 -4.635244 -1.805353 0.0 -0.0 0.0 90.181915 -69.738167 89.97924 20.234636 -4e-06 1e-06 0.010699 -0.0 0.0 0.000698 0.001975 9.712301 25.642763 -18.917789 54.214169 -29.886368 -10.372681 24.530539 0.0 -0.0 0.0 0.0 -0.0 0.0 1.562406 0.379639 -1.402784 -1.576997 -0.344016 -8.299985 0.0 -0.0 0.0 -2.344502 -3.741118 -2.25218 0.0 -0.0 0.0 -8.680535 -3.881308 -3.138472 8.888452 3.353951 -6.015964 0.0 -0.0 0.0 -0.789081 -7.285012 -3.385969 0.0 -0.0 0.0 -12.266361 -6.770046 -3.829185 12.748709 5.779632 -4.507646 0.0 -0.0 0.0 -0.001557 2.295775 1.076246 0.0 -0.0 0.0 -16.652988 -16.879618 -5.819845 18.85882 14.338744 0.986972 0.0 -0.0 0.0 1.684433 -4.633524 -1.803554 0.0 -0.0 0.0 -178.745667 -0.0 0.0 3.659674 -0.0 0.0 -73.798668 0.0 0.0 -4.726109 0.08116 0.023582 -0.997327 3.3e-05 1e-06 1.25456 -0.0 0.0 3.659674 -0.0 0.0 -73.798668 3e-06 0.0 -4.726109 0.081185 0.023581 -0.997327 6e-06 2e-06 
0.0 0.0 0.0 0.0 -0.0 0.0 0.0 100.87085 0.0 90.000328 0.190163 90.000328 -0.049287 1e-06 -3e-06 -5.927024 3e-06 -0.0 5.964053 5e-06 0.0 16.829426 1e-05 2e-06 1.052974 2.1e-05 -2e-06 -24.428869 4e-05 -2e-05 -0.0 -7.4e-05 3.1e-05 0.0 7.9e-05 0.0 10.592797 -0.254773 3.786015 10.592787 0.254987 -3.785956 -89.776634 -69.738167 89.979286 20.234638 -3e-06 -1e-06 0.010686 -0.0 0.0 0.000704 0.001974 9.712303 25.642761 -18.917786 54.214165 -29.88636 -10.372678 24.530539 0.0 -0.0 0.0 0.0 -0.0 0.0 1.560195 0.375098 -1.406302 -1.574694 -0.339407 -8.296517 0.0 -0.0 0.0 -2.345381 -3.741133 -2.252148 0.0 -0.0 0.0 -8.680352 -3.883042 -3.13835 8.888373 3.355701 -6.015839 0.0 -0.0 0.0 -0.789304 -7.285017 -3.385952 0.0 -0.0 0.0 -12.266362 -6.770043 -3.829185 12.748711 5.779631 -4.507649 0.0 -0.0 0.0 -0.002125 2.297532 1.077113 0.0 -0.0 0.0 -16.653231 -16.879332 -5.818032 18.858604 14.33904 0.985165 0.0 -0.0 0.0 1.68497 -4.635244 -1.805353 0.0 -0.0 0.0 90.181915 -69.738167 89.97924 20.234636 -4e-06 1e-06 0.010699 -0.0 0.0 0.000698 0.001975 9.712301 25.642763 -18.917789 54.214169 -29.886368 -10.372681 24.530539 0.0 -0.0 0.0 0.0 -0.0 0.0 1.562406 0.379639 -1.402784 -1.576997 -0.344016 -8.299985 0.0 -0.0 0.0 -2.344502 -3.741118 -2.25218 0.0 -0.0 0.0 -8.680535 -3.881308 -3.138472 8.888452 3.353951 -6.015964 0.0 -0.0 0.0 -0.789081 -7.285012 -3.385969 0.0 -0.0 0.0 -12.266361 -6.770046 -3.829185 12.748709 5.779632 -4.507646 0.0 -0.0 0.0 -0.001557 2.295775 1.076246 0.0 -0.0 0.0 -16.652988 -16.879618 -5.819845 18.85882 14.338744 0.986972 0.0 -0.0 0.0 1.684433 -4.633524 -1.803554 0.0 -0.0 0.0 -178.745667 -0.0 0.0 3.659674 -0.0 0.0 -73.798668 0.0 0.0 -4.726109 0.08116 0.023582 -0.997327 3.3e-05 1e-06 1.25456 -0.0 0.0 3.659674 -0.0 0.0 -73.798668 3e-06 0.0 -4.726109 0.081185 0.023581 -0.997327 6e-06 2e-06 
0.0 0.0 0.0 0.0 -0.0 0.0 0.0 100.87085 0.0 90.000328 0.190163 90.000328 -0.049287 1e-06 -3e-06 -5.927024 3e-06 -0.0 5.964053 5e-06 0.0 16.829426 1e-05 2e-06 1.052974 2.1e-05 -2e-06 -24.428869 4e-05 -2e-05 -0.0 -7.4e-05 3.1e-05 0.0 7.9e-05 0.0 10.592797 -0.254773 3.786015 10.592787 0.254987 -3.785956 -89.776634 -69.738167 89.979286 20.234638 -3e-06 -1e-06 0.010686 -0.0 0.0 0.000704 0.001974 9.712303 25.642761 -18.917786 54.214165 -29.88636 -10.372678 24.530539 0.0 -0.0 0.0 0.0 -0.0 0.0 1.560195 0.375098 -1.406302 -1.574694 -0.339407 -8.296517 0.0 -0.0 0.0 -2.345381 -3.741133 -2.252148 0.0 -0.0 0.0 -8.680352 -3.883042 -3.13835 8.888373 3.355701 -6.015839 0.0 -0.0 0.0 -0.789304 -7.285017 -3.385952 0.0 -0.0 0.0 -12.266362 -6.770043 -3.829185 12.748711 5.779631 -4.507649 0.0 -0.0 0.0 -0.002125 2.297532 1.077113 0.0 -0.0 0.0 -16.653231 -16.879332 -5.818032 18.858604 14.33904 0.985165 0.0 -0.0 0.0 1.68497 -4.635244 -1.805353 0.0 -0.0 0.0 90.181915 -69.738167 89.97924 20.234636 -4e-06 1e-06 0.010699 -0.0 0.0 0.000698 0.001975 9.712301 25.642763 -18.917789 54.214169 -29.886368 -10.372681 24.530539 0.0 -0.0 0.0 0.0 -0.0 0.0 1.562406 0.379639 -1.402784 -1.576997 -0.344016 -8.299985 0.0 -0.0 0.0 -2.344502 -3.741118 -2.25218 0.0 -0.0 0.0 -8.680535 -3.881308 -3.138472 8.888452 3.353951 -6.015964 0.0 -0.0 0.0 -0.789081 -7.285012 -3.385969 0.0 -0.0 0.0 -12.266361 -6.770046 -3.829185 12.748709 5.779632 -4.507646 0.0 -0.0 0.0 -0.001557 2.295775 1.076246 0.0 -0.0 0.0 -16.652988 -16.879618 -5.819845 18.85882 14.338744 0.986972 0.0 -0.0 0.0 1.684433 -4.633524 -1.803554 0.0 -0.0 0.0 -178.745667 -0.0 0.0 3.659674 -0.0 0.0 -73.798668 0.0 0.0 -4.726109 0.08116 0.023582 -0.997327 3.3e-05 1e-06 1.25456 -0.0 0.0 3.659674 -0.0 0.0 -73.798668 3e-06 0.0 -4.726109 0.081185 0.023581 -0.997327 6e-06 2e-06 
0.0 0.0 0.0 0.0 -0.0 0.0 0.0 100.87085 0.0 90.000328 0.190163 90.000328 -0.049287 1e-06 -3e-06 -5.927024 3e-06 -0.0 5.964053 5e-06 0.0 16.829426 1e-05 2e-06 1.052974 2.1e-05 -2e-06 -24.428869 4e-05 -2e-05 -0.0 -7.4e-05 3.1e-05 0.0 7.9e-05 0.0 10.592797 -0.254773 3.786015 10.592787 0.254987 -3.785956 -89.776634 -69.738167 89.979286 20.234638 -3e-06 -1e-06 0.010686 -0.0 0.0 0.000704 0.001974 9.712303 25.642761 -18.917786 54.214165 -29.88636 -10.372678 24.530539 0.0 -0.0 0.0 0.0 -0.0 0.0 1.560195 0.375098 -1.406302 -1.574694 -0.339407 -8.296517 0.0 -0.0 0.0 -2.345381 -3.741133 -2.252148 0.0 -0.0 0.0 -8.680352 -3.883042 -3.13835 8.888373 3.355701 -6.015839 0.0 -0.0 0.0 -0.789304 -7.285017 -3.385952 0.0 -0.0 0.0 -12.266362 -6.770043 -3.829185 12.748711 5.779631 -4.507649 0.0 -0.0 0.0 -0.002125 2.297532 1.077113 0.0 -0.0 0.0 -16.653231 -16.879332 -5.818032 18.858604 14.33904 0.985165 0.0 -0.0 0.0 1.68497 -4.635244 -1.805353 0.0 -0.0 0.0 90.181915 -69.738167 89.97924 20.234636 -4e-06 1e-06 0.010699 -0.0 0.0 0.000698 0.001975 9.712301 25.642763 -18.917789 54.214169 -29.886368 -10.372681 24.530539 0.0 -0.0 0.0 0.0 -0.0 0.0 1.562406 0.379639 -1.402784 -1.576997 -0.344016 -8.299985 0.0 -0.0 0.0 -2.344502 -3.741118 -2.25218 0.0 -0.0 0.0 -8.680535 -3.881308 -3.138472 8.888452 3.353951 -6.015964 0.0 -0.0 0.0 -0.789081 -7.285012 -3.385969 0.0 -0.0 0.0 -12.266361 -6.770046 -3.829185 12.748709 5.779632 -4.507646 0.0 -0.0 0.0 -0.001557 2.295775 1.076246 0.0 -0.0 0.0 -16.652988 -16.879618 -5.819845 18.85882 14.338744 0.986972 0.0 -0.0 0.0 1.684433 -4.633524 -1.803554 0.0 -0.0 0.0 -178.745667 -0.0 0.0 3.659674 -0.0 0.0 -73.798668 0.0 0.0 -4.726109 0.08116 0.023582 -0.997327 3.3e-05 1e-06 1.25456 -0.0 0.0 3.659674 -0.0 0.0 -73.798668 3e-06 0.0 -4.726109 0.081185 0.023581 -0.997327 6e-06 2e-06 
0.0 0.0 0.0 0.0 -0.0 0.0 0.0 100.87085 0.0 90.000328 0.190163 90.000328 -0.049287 1e-06 -3e-06 -5.927024 3e-06 -0.0 5.964053 5e-06 0.0 16.829426 1e-05 2e-06 1.052974 2.1e-05 -2e-06 -24.428869 4e-05 -2e-05 -0.0 -7.4e-05 3.1e-05 0.0 7.9e-05 0.0 10.592797 -0.254773 3.786015 10.592787 0.254987 -3.785956 -89.776634 -69.738167 89.979286 20.234638 -3e-06 -1e-06 0.010686 -0.0 0.0 0.000704 0.001974 9.712303 25.642761 -18.917786 54.214165 -29.88636 -10.372678 24.530539 0.0 -0.0 0.0 0.0 -0.0 0.0 1.560195 0.375098 -1.406302 -1.574694 -0.339407 -8.296517 0.0 -0.0 0.0 -2.345381 -3.741133 -2.252148 0.0 -0.0 0.0 -8.680352 -3.883042 -3.13835 8.888373 3.355701 -6.015839 0.0 -0.0 0.0 -0.789304 -7.285017 -3.385952 0.0 -0.0 0.0 -12.266362 -6.770043 -3.829185 12.748711 5.779631 -4.507649 0.0 -0.0 0.0 -0.002125 2.297532 1.077113 0.0 -0.0 0.0 -16.653231 -16.879332 -5.818032 18.858604 14.33904 0.985165 0.0 -0.0 0.0 1.68497 -4.635244 -1.805353 0.0 -0.0 0.0 90.181915 -69.738167 89.97924 20.234636 -4e-06 1e-06 0.010699 -0.0 0.0 0.000698 0.001975 9.712301 25.642763 -18.917789 54.214169 -29.886368 -10.372681 24.530539 0.0 -0.0 0.0 0.0 -0.0 0.0 1.562406 0.379639 -1.402784 -1.576997 -0.344016 -8.299985 0.0 -0.0 0.0 -2.344502 -3.741118 -2.25218 0.0 -0.0 0.0 -8.680535 -3.881308 -3.138472 8.888452 3.353951 -6.015964 0.0 -0.0 0.0 -0.789081 -7.285012 -3.385969 0.0 -0.0 0.0 -12.266361 -6.770046 -3.829185 12.748709 5.779632 -4.507646 0.0 -0.0 0.0 -0.001557 2.295775 1.076246 0.0 -0.0 0.0 -16.652988 -16.879618 -5.819845 18.85882 14.338744 0.986972 0.0 -0.0 0.0 1.684433 -4.633524 -1.803554 0.0 -0.0 0.0 -178.745667 -0.0 0.0 3.659674 -0.0 0.0 -73.798668 0.0 0.0 -4.726109 0.08116 0.023582 -0.997327 3.3e-05 1e-06 1.25456 -0.0 0.0 3.659674 -0.0 0.0 -73.798668 3e-06 0.0 -4.726109 0.081185 0.023581 -0.997327 6e-06 2e-06 
0.0 0.0 0.0 0.0 -0.0 0.0 0.0 100.87085 0.0 90.000328 0.190163 90.000328 -0.049287 1e-06 -3e-06 -5.927024 3e-06 -0.0 5.964053 5e-06 0.0 16.829426 1e-05 2e-06 1.052974 2.1e-05 -2e-06 -24.428869 4e-05 -2e-05 -0.0 -7.4e-05 3.1e-05 0.0 7.9e-05 0.0 10.592797 -0.254773 3.786015 10.592787 0.254987 -3.785956 -89.776634 -69.738167 89.979286 20.234638 -3e-06 -1e-06 0.010686 -0.0 0.0 0.000704 0.001974 9.712303 25.642761 -18.917786 54.214165 -29.88636 -10.372678 24.530539 0.0 -0.0 0.0 0.0 -0.0 0.0 1.560195 0.375098 -1.406302 -1.574694 -0.339407 -8.296517 0.0 -0.0 0.0 -2.345381 -3.741133 -2.252148 0.0 -0.0 0.0 -8.680352 -3.883042 -3.13835 8.888373 3.355701 -6.015839 0.0 -0.0 0.0 -0.789304 -7.285017 -3.385952 0.0 -0.0 0.0 -12.266362 -6.770043 -3.829185 12.748711 5.779631 -4.507649 0.0 -0.0 0.0 -0.002125 2.297532 1.077113 0.0 -0.0 0.0 -16.653231 -16.879332 -5.818032 18.858604 14.33904 0.985165 0.0 -0.0 0.0 1.68497 -4.635244 -1.805353 0.0 -0.0 0.0 90.181915 -69.738167 89.97924 20.234636 -4e-06 1e-06 0.010699 -0.0 0.0 0.000698 0.001975 9.712301 25.642763 -18.917789 54.214169 -29.886368 -10.372681 24.530539 0.0 -0.0 0.0 0.0 -0.0 0.0 1.562406 0.379639 -1.402784 -1.576997 -0.344016 -8.299985 0.0 -0.0 0.0 -2.344502 -3.741118 -2.25218 0.0 -0.0 0.0 -8.680535 -3.881308 -3.138472 8.888452 3.353951 -6.015964 0.0 -0.0 0.0 -0.789081 -7.285012 -3.385969 0.0 -0.0 0.0 -12.266361 -6.770046 -3.829185 12.748709 5.779632 -4.507646 0.0 -0.0 0.0 -0.001557 2.295775 1.076246 0.0 -0.0 0.0 -16.652988 -16.879618 -5.819845 18.85882 14.338744 0.986972 0.0 -0.0 0.0 1.684433 -4.633524 -1.803554 0.0 -0.0 0.0 -178.745667 -0.0 0.0 3.659674 -0.0 0.0 -73.798668 0.0 0.0 -4.726109 0.08116 0.023582 -0.997327 3.3e-05 1e-06 1.25456 -0.0 0.0 3.659674 -0.0 0.0 -73.798668 3e-06 0.0 -4.726109 0.081185 0.023581 -0.997327 6e-06 2e-06 
0.0 0.0 0.0 0.0 -0.0 0.0 0.0 100.87085 0.0 90.000328 0.190163 90.000328 -0.049287 1e-06 -3e-06 -5.927024 3e-06 -0.0 5.964053 5e-06 0.0 16.829426 1e-05 2e-06 1.052974 2.1e-05 -2e-06 -24.428869 4e-05 -2e-05 -0.0 -7.4e-05 3.1e-05 0.0 7.9e-05 0.0 10.592797 -0.254773 3.786015 10.592787 0.254987 -3.785956 -89.776634 -69.738167 89.979286 20.234638 -3e-06 -1e-06 0.010686 -0.0 0.0 0.000704 0.001974 9.712303 25.642761 -18.917786 54.214165 -29.88636 -10.372678 24.530539 0.0 -0.0 0.0 0.0 -0.0 0.0 1.560195 0.375098 -1.406302 -1.574694 -0.339407 -8.296517 0.0 -0.0 0.0 -2.345381 -3.741133 -2.252148 0.0 -0.0 0.0 -8.680352 -3.883042 -3.13835 8.888373 3.355701 -6.015839 0.0 -0.0 0.0 -0.789304 -7.285017 -3.385952 0.0 -0.0 0.0 -12.266362 -6.770043 -3.829185 12.748711 5.779631 -4.507649 0.0 -0.0 0.0 -0.002125 2.297532 1.077113 0.0 -0.0 0.0 -16.653231 -16.879332 -5.818032 18.858604 14.33904 0.985165 0.0 -0.0 0.0 1.68497 -4.635244 -1.805353 0.0 -0.0 0.0 90.181915 -69.738167 89.97924 20.234636 -4e-06 1e-06 0.010699 -0.0 0.0 0.000698 0.001975 9.712301 25.642763 -18.917789 54.214169 -29.886368 -10.372681 24.530539 0.0 -0.0 0.0 0.0 -0.0 0.0 1.562406 0.379639 -1.402784 -1.576997 -0.344016 -8.299985 0.0 -0.0 0.0 -2.344502 -3.741118 -2.25218 0.0 -0.0 0.0 -8.680535 -3.881308 -3.138472 8.888452 3.353951 -6.015964 0.0 -0.0 0.0 -0.789081 -7.285012 -3.385969 0.0 -0.0 0.0 -12.266361 -6.770046 -3.829185 12.748709 5.779632 -4.507646 0.0 -0.0 0.0 -0.001557 2.295775 1.076246 0.0 -0.0 0.0 -16.652988 -16.879618 -5.819845 18.85882 14.338744 0.986972 0.0 -0.0 0.0 1.684433 -4.633524 -1.803554 0.0 -0.0 0.0 -178.745667 -0.0 0.0 3.659674 -0.0 0.0 -73.798668 0.0 0.0 -4.726109 0.08116 0.023582 -0.997327 3.3e-05 1e-06 1.25456 -0.0 0.0 3.659674 -0.0 0.0 -73.798668 3e-06 0.0 -4.726109 0.081185 0.023581 -0.997327 6e-06 2e-06 
0.0 0.0 0.0 0.0 -0.0 0.0 0.0 100.87085 0.0 90.000328 0.190163 90.000328 -0.049287 1e-06 -3e-06 -5.927024 3e-06 -0.0 5.964053 5e-06 0.0 16.829426 1e-05 2e-06 1.052974 2.1e-05 -2e-06 -24.428869 4e-05 -2e-05 -0.0 -7.4e-05 3.1e-05 0.0 7.9e-05 0.0 10.592797 -0.254773 3.786015 10.592787 0.254987 -3.785956 -89.776634 -69.738167 89.979286 20.234638 -3e-06 -1e-06 0.010686 -0.0 0.0 0.000704 0.001974 9.712303 25.642761 -18.917786 54.214165 -29.88636 -10.372678 24.530539 0.0 -0.0 0.0 0.0 -0.0 0.0 1.560195 0.375098 -1.406302 -1.574694 -0.339407 -8.296517 0.0 -0.0 0.0 -2.345381 -3.741133 -2.252148 0.0 -0.0 0.0 -8.680352 -3.883042 -3.13835 8.888373 3.355701 -6.015839 0.0 -0.0 0.0 -0.789304 -7.285017 -3.385952 0.0 -0.0 0.0 -12.266362 -6.770043 -3.829185 12.748711 5.779631 -4.507649 0.0 -0.0 0.0 -0.002125 2.297532 1.077113 0.0 -0.0 0.0 -16.653231 -16.879332 -5.818032 18.858604 14.33904 0.985165 0.0 -0.0 0.0 1.68497 -4.635244 -1.805353 0.0 -0.0 0.0 90.181915 -69.738167 89.97924 20.234636 -4e-06 1e-06 0.010699 -0.0 0.0 0.000698 0.001975 9.712301 25.642763 -18.917789 54.214169 -29.886368 -10.372681 24.530539 0.0 -0.0 0.0 0.0 -0.0 0.0 1.562406 0.379639 -1.402784 -1.576997 -0.344016 -8.299985 0.0 -0.0 0.0 -2.344502 -3.741118 -2.25218 0.0 -0.0 0.0 -8.680535 -3.881308 -3.138472 8.888452 3.353951 -6.015964 0.0 -0.0 0.0 -0.789081 -7.285012 -3.385969 0.0 -0.0 0.0 -12.266361 -6.770046 -3.829185 12.748709 5.779632 -4.507646 0.0 -0.0 0.0 -0.001557 2.295775 1.076246 0.0 -0.0 0.0 -16.652988 -16.879618 -5.819845 18.85882 14.338744 0.986972 0.0 -0.0 0.0 1.684433 -4.633524 -1.803554 0.0 -0.0 0.0 -178.745667 -0.0 0.0 3.659674 -0.0 0.0 -73.798668 0.0 0.0 -4.726109 0.08116 0.023582 -0.997327 3.3e-05 1e-06 1.25456 -0.0 0.0 3.659674 -0.0 0.0 -73.798668 3e-06 0.0 -4.726109 0.081185 0.023581 -0.997327 6e-06 2e-06 
0.0 0.0 0.0 0.0 -0.0 0.0 0.0 100.87085 0.0 90.000328 0.190163 90.000328 -0.049287 1e-06 -3e-06 -5.927024 3e-06 -0.0 5.964053 5e-06 0.0 16.829426 1e-05 2e-06 1.052974 2.1e-05 -2e-06 -24.428869 4e-05 -2e-05 -0.0 -7.4e-05 3.1e-05 0.0 7.9e-05 0.0 10.592797 -0.254773 3.786015 10.592787 0.254987 -3.785956 -89.776634 -69.738167 89.979286 20.234638 -3e-06 -1e-06 0.010686 -0.0 0.0 0.000704 0.001974 9.712303 25.642761 -18.917786 54.214165 -29.88636 -10.372678 24.530539 0.0 -0.0 0.0 0.0 -0.0 0.0 1.560195 0.375098 -1.406302 -1.574694 -0.339407 -8.296517 0.0 -0.0 0.0 -2.345381 -3.741133 -2.252148 0.0 -0.0 0.0 -8.680352 -3.883042 -3.13835 8.888373 3.355701 -6.015839 0.0 -0.0 0.0 -0.789304 -7.285017 -3.385952 0.0 -0.0 0.0 -12.266362 -6.770043 -3.829185 12.748711 5.779631 -4.507649 0.0 -0.0 0.0 -0.002125 2.297532 1.077113 0.0 -0.0 0.0 -16.653231 -16.879332 -5.818032 18.858604 14.33904 0.985165 0.0 -0.0 0.0 1.68497 -4.635244 -1.805353 0.0 -0.0 0.0 90.181915 -69.738167 89.97924 20.234636 -4e-06 1e-06 0.010699 -0.0 0.0 0.000698 0.001975 9.712301 25.642763 -18.917789 54.214169 -29.886368 -10.372681 24.530539 0.0 -0.0 0.0 0.0 -0.0 0.0 1.562406 0.379639 -1.402784 -1.576997 -0.344016 -8.299985 0.0 -0.0 0.0 -2.344502 -3.741118 -2.25218 0.0 -0.0 0.0 -8.680535 -3.881308 -3.138472 8.888452 3.353951 -6.015964 0.0 -0.0 0.0 -0.789081 -7.285012 -3.385969 0.0 -0.0 0.0 -12.266361 -6.770046 -3.829185 12.748709 5.779632 -4.507646 0.0 -0.0 0.0 -0.001557 2.295775 1.076246 0.0 -0.0 0.0 -16.652988 -16.879618 -5.819845 18.85882 14.338744 0.986972 0.0 -0.0 0.0 1.684433 -4.633524 -1.803554 0.0 -0.0 0.0 -178.745667 -0.0 0.0 3.659674 -0.0 0.0 -73.798668 0.0 0.0 -4.726109 0.08116 0.023582 -0.997327 3.3e-05 1e-06 1.25456 -0.0 0.0 3.659674 -0.0 0.0 -73.798668 3e-06 0.0 -4.726109 0.081185 0.023581 -0.997327 6e-06 2e-06 
0.0 0.0 0.0 0.0 -0.0 0.0 0.0 100.87085 0.0 90.000328 0.190163 90.000328 -0.049287 1e-06 -3e-06 -5.927024 3e-06 -0.0 5.964053 5e-06 0.0 16.829426 1e-05 2e-06 1.052974 2.1e-05 -2e-06 -24.428869 4e-05 -2e-05 -0.0 -7.4e-05 3.1e-05 0.0 7.9e-05 0.0 10.592797 -0.254773 3.786015 10.592787 0.254987 -3.785956 -89.776634 -69.738167 89.979286 20.234638 -3e-06 -1e-06 0.010686 -0.0 0.0 0.000704 0.001974 9.712303 25.642761 -18.917786 54.214165 -29.88636 -10.372678 24.530539 0.0 -0.0 0.0 0.0 -0.0 0.0 1.560195 0.375098 -1.406302 -1.574694 -0.339407 -8.296517 0.0 -0.0 0.0 -2.345381 -3.741133 -2.252148 0.0 -0.0 0.0 -8.680352 -3.883042 -3.13835 8.888373 3.355701 -6.015839 0.0 -0.0 0.0 -0.789304 -7.285017 -3.385952 0.0 -0.0 0.0 -12.266362 -6.770043 -3.829185 12.748711 5.779631 -4.507649 0.0 -0.0 0.0 -0.002125 2.297532 1.077113 0.0 -0.0 0.0 -16.653231 -16.879332 -5.818032 18.858604 14.33904 0.985165 0.0 -0.0 0.0 1.68497 -4.635244 -1.805353 0.0 -0.0 0.0 90.181915 -69.738167 89.97924 20.234636 -4e-06 1e-06 0.010699 -0.0 0.0 0.000698 0.001975 9.712301 25.642763 -18.917789 54.214169 -29.886368 -10.372681 24.530539 0.0 -0.0 0.0 0.0 -0.0 0.0 1.562406 0.379639 -1.402784 -1.576997 -0.344016 -8.299985 0.0 -0.0 0.0 -2.344502 -3.741118 -2.25218 0.0 -0.0 0.0 -8.680535 -3.881308 -3.138472 8.888452 3.353951 -6.015964 0.0 -0.0 0.0 -0.789081 -7.285012 -3.385969 0.0 -0.0 0.0 -12.266361 -6.770046 -3.829185 12.748709 5.779632 -4.507646 0.0 -0.0 0.0 -0.001557 2.295775 1.076246 0.0 -0.0 0.0 -16.652988 -16.879618 -5.819845 18.85882 14.338744 0.986972 0.0 -0.0 0.0 1.684433 -4.633524 -1.803554 0.0 -0.0 0.0 -178.745667 -0.0 0.0 3.659674 -0.0 0.0 -73.798668 0.0 0.0 -4.726109 0.08116 0.023582 -0.997327 3.3e-05 1e-06 1.25456 -0.0 0.0 3.659674 -0.0 0.0 -73.798668 3e-06 0.0 -4.726109 0.081185 0.023581 -0.997327 6e-06 2e-06 
0.0 0.0 0.0 0.0 -0.0 0.0 0.0 100.87085 0.0 90.000328 0.190163 90.000328 -0.049287 1e-06 -3e-06 -5.927024 3e-06 -0.0 5.964053 5e-06 0.0 16.829426 1e-05 2e-06 1.052974 2.1e-05 -2e-06 -24.428869 4e-05 -2e-05 -0.0 -7.4e-05 3.1e-05 0.0 7.9e-05 0.0 10.592797 -0.254773 3.786015 10.592787 0.254987 -3.785956 -89.776634 -69.738167 89.979286 20.234638 -3e-06 -1e-06 0.010686 -0.0 0.0 0.000704 0.001974 9.712303 25.642761 -18.917786 54.214165 -29.88636 -10.372678 24.530539 0.0 -0.0 0.0 0.0 -0.0 0.0 1.560195 0.375098 -1.406302 -1.574694 -0.339407 -8.296517 0.0 -0.0 0.0 -2.345381 -3.741133 -2.252148 0.0 -0.0 0.0 -8.680352 -3.883042 -3.13835 8.888373 3.355701 -6.015839 0.0 -0.0 0.0 -0.789304 -7.285017 -3.385952 0.0 -0.0 0.0 -12.266362 -6.770043 -3.829185 12.748711 5.779631 -4.507649 0.0 -0.0 0.0 -0.002125 2.297532 1.077113 0.0 -0.0 0.0 -16.653231 -16.879332 -5.818032 18.858604 14.33904 0.985165 0.0 -0.0 0.0 1.68497 -4.635244 -1.805353 0.0 -0.0 0.0 90.181915 -69.738167 89.97924 20.234636 -4e-06 1e-06 0.010699 -0.0 0.0 0.000698 0.001975 9.712301 25.642763 -18.917789 54.214169 -29.886368 -10.372681 24.530539 0.0 -0.0 0.0 0.0 -0.0 0.0 1.562406 0.379639 -1.402784 -1.576997 -0.344016 -8.299985 0.0 -0.0 0.0 -2.344502 -3.741118 -2.25218 0.0 -0.0 0.0 -8.680535 -3.881308 -3.138472 8.888452 3.353951 -6.015964 0.0 -0.0 0.0 -0.789081 -7.285012 -3.385969 0.0 -0.0 0.0 -12.266361 -6.770046 -3.829185 12.748709 5.779632 -4.507646 0.0 -0.0 0.0 -0.001557 2.295775 1.076246 0.0 -0.0 0.0 -16.652988 -16.879618 -5.819845 18.85882 14.338744 0.986972 0.0 -0.0 0.0 1.684433 -4.633524 -1.803554 0.0 -0.0 0.0 -178.745667 -0.0 0.0 3.659674 -0.0 0.0 -73.798668 0.0 0.0 -4.726109 0.08116 0.023582 -0.997327 3.3e-05 1e-06 1.25456 -0.0 0.0 3.659674 -0.0 0.0 -73.798668 3e-06 0.0 -4.726109 0.081185 0.023581 -0.997327 6e-06 2e-06 
0.0 0.0 0.0 0.0 -0.0 0.0 0.0 100.87085 0.0 90.000328 0.190163 90.000328 -0.049287 1e-06 -3e-06 -5.927024 3e-06 -0.0 5.964053 5e-06 0.0 16.829426 1e-05 2e-06 1.052974 2.1e-05 -2e-06 -24.428869 4e-05 -2e-05 -0.0 -7.4e-05 3.1e-05 0.0 7.9e-05 0.0 10.592797 -0.254773 3.786015 10.592787 0.254987 -3.785956 -89.776634 -69.738167 89.979286 20.234638 -3e-06 -1e-06 0.010686 -0.0 0.0 0.000704 0.001974 9.712303 25.642761 -18.917786 54.214165 -29.88636 -10.372678 24.530539 0.0 -0.0 0.0 0.0 -0.0 0.0 1.560195 0.375098 -1.406302 -1.574694 -0.339407 -8.296517 0.0 -0.0 0.0 -2.345381 -3.741133 -2.252148 0.0 -0.0 0.0 -8.680352 -3.883042 -3.13835 8.888373 3.355701 -6.015839 0.0 -0.0 0.0 -0.789304 -7.285017 -3.385952 0.0 -0.0 0.0 -12.266362 -6.770043 -3.829185 12.748711 5.779631 -4.507649 0.0 -0.0 0.0 -0.002125 2.297532 1.077113 0.0 -0.0 0.0 -16.653231 -16.879332 -5.818032 18.858604 14.33904 0.985165 0.0 -0.0 0.0 1.68497 -4.635244 -1.805353 0.0 -0.0 0.0 90.181915 -69.738167 89.97924 20.234636 -4e-06 1e-06 0.010699 -0.0 0.0 0.000698 0.001975 9.712301 25.642763 -18.917789 54.214169 -29.886368 -10.372681 24.530539 0.0 -0.0 0.0 0.0 -0.0 0.0 1.562406 0.379639 -1.402784 -1.576997 -0.344016 -8.299985 0.0 -0.0 0.0 -2.344502 -3.741118 -2.25218 0.0 -0.0 0.0 -8.680535 -3.881308 -3.138472 8.888452 3.353951 -6.015964 0.0 -0.0 0.0 -0.789081 -7.285012 -3.385969 0.0 -0.0 0.0 -12.266361 -6.770046 -3.829185 12.748709 5.779632 -4.507646 0.0 -0.0 0.0 -0.001557 2.295775 1.076246 0.0 -0.0 0.0 -16.652988 -16.879618 -5.819845 18.85882 14.338744 0.986972 0.0 -0.0 0.0 1.684433 -4.633524 -1.803554 0.0 -0.0 0.0 -178.745667 -0.0 0.0 3.659674 -0.0 0.0 -73.798668 0.0 0.0 -4.726109 0.08116 0.023582 -0.997327 3.3e-05 1e-06 1.25456 -0.0 0.0 3.659674 -0.0 0.0 -73.798668 3e-06 0.0 -4.726109 0.081185 0.023581 -0.997327 6e-06 2e-06 
0.0 0.0 0.0 0.0 -0.0 0.0 0.0 100.87085 0.0 90.000328 0.190163 90.000328 -0.049287 1e-06 -3e-06 -5.927024 3e-06 -0.0 5.964053 5e-06 0.0 16.829426 1e-05 2e-06 1.052974 2.1e-05 -2e-06 -24.428869 4e-05 -2e-05 -0.0 -7.4e-05 3.1e-05 0.0 7.9e-05 0.0 10.592797 -0.254773 3.786015 10.592787 0.254987 -3.785956 -89.776634 -69.738167 89.979286 20.234638 -3e-06 -1e-06 0.010686 -0.0 0.0 0.000704 0.001974 9.712303 25.642761 -18.917786 54.214165 -29.88636 -10.372678 24.530539 0.0 -0.0 0.0 0.0 -0.0 0.0 1.560195 0.375098 -1.406302 -1.574694 -0.339407 -8.296517 0.0 -0.0 0.0 -2.345381 -3.741133 -2.252148 0.0 -0.0 0.0 -8.680352 -3.883042 -3.13835 8.888373 3.355701 -6.015839 0.0 -0.0 0.0 -0.789304 -7.285017 -3.385952 0.0 -0.0 0.0 -12.266362 -6.770043 -3.829185 12.748711 5.779631 -4.507649 0.0 -0.0 0.0 -0.002125 2.297532 1.077113 0.0 -0.0 0.0 -16.653231 -16.879332 -5.818032 18.858604 14.33904 0.985165 0.0 -0.0 0.0 1.68497 -4.635244 -1.805353 0.0 -0.0 0.0 90.181915 -69.738167 89.97924 20.234636 -4e-06 1e-06 0.010699 -0.0 0.0 0.000698 0.001975 9.712301 25.642763 -18.917789 54.214169 -29.886368 -10.372681 24.530539 0.0 -0.0 0.0 0.0 -0.0 0.0 1.562406 0.379639 -1.402784 -1.576997 -0.344016 -8.299985 0.0 -0.0 0.0 -2.344502 -3.741118 -2.25218 0.0 -0.0 0.0 -8.680535 -3.881308 -3.138472 8.888452 3.353951 -6.015964 0.0 -0.0 0.0 -0.789081 -7.285012 -3.385969 0.0 -0.0 0.0 -12.266361 -6.770046 -3.829185 12.748709 5.779632 -4.507646 0.0 -0.0 0.0 -0.001557 2.295775 1.076246 0.0 -0.0 0.0 -16.652988 -16.879618 -5.819845 18.85882 14.338744 0.986972 0.0 -0.0 0.0 1.684433 -4.633524 -1.803554 0.0 -0.0 0.0 -178.745667 -0.0 0.0 3.659674 -0.0 0.0 -73.798668 0.0 0.0 -4.726109 0.08116 0.023582 -0.997327 3.3e-05 1e-06 1.25456 -0.0 0.0 3.659674 -0.0 0.0 -73.798668 3e-06 0.0 -4.726109 0.081185 0.023581 -0.997327 6e-06 2e-06 
0.0 0.0 0.0 0.0 -0.0 0.0 0.0 100.87085 0.0 90.000328 0.190163 90.000328 -0.049287 1e-06 -3e-06 -5.927024 3e-06 -0.0 5.964053 5e-06 0.0 16.829426 1e-05 2e-06 1.052974 2.1e-05 -2e-06 -24.428869 4e-05 -2e-05 -0.0 -7.4e-05 3.1e-05 0.0 7.9e-05 0.0 10.592797 -0.254773 3.786015 10.592787 0.254987 -3.785956 -89.776634 -69.738167 89.979286 20.234638 -3e-06 -1e-06 0.010686 -0.0 0.0 0.000704 0.001974 9.712303 25.642761 -18.917786 54.214165 -29.88636 -10.372678 24.530539 0.0 -0.0 0.0 0.0 -0.0 0.0 1.560195 0.375098 -1.406302 -1.574694 -0.339407 -8.296517 0.0 -0.0 0.0 -2.345381 -3.741133 -2.252148 0.0 -0.0 0.0 -8.680352 -3.883042 -3.13835 8.888373 3.355701 -6.015839 0.0 -0.0 0.0 -0.789304 -7.285017 -3.385952 0.0 -0.0 0.0 -12.266362 -6.770043 -3.829185 12.748711 5.779631 -4.507649 0.0 -0.0 0.0 -0.002125 2.297532 1.077113 0.0 -0.0 0.0 -16.653231 -16.879332 -5.818032 18.858604 14.33904 0.985165 0.0 -0.0 0.0 1.68497 -4.635244 -1.805353 0.0 -0.0 0.0 90.181915 -69.738167 89.97924 20.234636 -4e-06 1e-06 0.010699 -0.0 0.0 0.000698 0.001975 9.712301 25.642763 -18.917789 54.214169 -29.886368 -10.372681 24.530539 0.0 -0.0 0.0 0.0 -0.0 0.0 1.562406 0.379639 -1.402784 -1.576997 -0.344016 -8.299985 0.0 -0.0 0.0 -2.344502 -3.741118 -2.25218 0.0 -0.0 0.0 -8.680535 -3.881308 -3.138472 8.888452 3.353951 -6.015964 0.0 -0.0 0.0 -0.789081 -7.285012 -3.385969 0.0 -0.0 0.0 -12.266361 -6.770046 -3.829185 12.748709 5.779632 -4.507646 0.0 -0.0 0.0 -0.001557 2.295775 1.076246 0.0 -0.0 0.0 -16.652988 -16.879618 -5.819845 18.85882 14.338744 0.986972 0.0 -0.0 0.0 1.684433 -4.633524 -1.803554 0.0 -0.0 0.0 -178.745667 -0.0 0.0 3.659674 -0.0 0.0 -73.798668 0.0 0.0 -4.726109 0.08116 0.023582 -0.997327 3.3e-05 1e-06 1.25456 -0.0 0.0 3.659674 -0.0 0.0 -73.798668 3e-06 0.0 -4.726109 0.081185 0.023581 -0.997327 6e-06 2e-06 
0.0 0.0 0.0 0.0 -0.0 0.0 0.0 100.87085 0.0 90.000328 0.190163 90.000328 -0.049287 1e-06 -3e-06 -5.927024 3e-06 -0.0 5.964053 5e-06 0.0 16.829426 1e-05 2e-06 1.052974 2.1e-05 -2e-06 -24.428869 4e-05 -2e-05 -0.0 -7.4e-05 3.1e-05 0.0 7.9e-05 0.0 10.592797 -0.254773 3.786015 10.592787 0.254987 -3.785956 -89.776634 -69.738167 89.979286 20.234638 -3e-06 -1e-06 0.010686 -0.0 0.0 0.000704 0.001974 9.712303 25.642761 -18.917786 54.214165 -29.88636 -10.372678 24.530539 0.0 -0.0 0.0 0.0 -0.0 0.0 1.560195 0.375098 -1.406302 -1.574694 -0.339407 -8.296517 0.0 -0.0 0.0 -2.345381 -3.741133 -2.252148 0.0 -0.0 0.0 -8.680352 -3.883042 -3.13835 8.888373 3.355701 -6.015839 0.0 -0.0 0.0 -0.789304 -7.285017 -3.385952 0.0 -0.0 0.0 -12.266362 -6.770043 -3.829185 12.748711 5.779631 -4.507649 0.0 -0.0 0.0 -0.002125 2.297532 1.077113 0.0 -0.0 0.0 -16.653231 -16.879332 -5.818032 18.858604 14.33904 0.985165 0.0 -0.0 0.0 1.68497 -4.635244 -1.805353 0.0 -0.0 0.0 90.181915 -69.738167 89.97924 20.234636 -4e-06 1e-06 0.010699 -0.0 0.0 0.000698 0.001975 9.712301 25.642763 -18.917789 54.214169 -29.886368 -10.372681 24.530539 0.0 -0.0 0.0 0.0 -0.0 0.0 1.562406 0.379639 -1.402784 -1.576997 -0.344016 -8.299985 0.0 -0.0 0.0 -2.344502 -3.741118 -2.25218 0.0 -0.0 0.0 -8.680535 -3.881308 -3.138472 8.888452 3.353951 -6.015964 0.0 -0.0 0.0 -0.789081 -7.285012 -3.385969 0.0 -0.0 0.0 -12.266361 -6.770046 -3.829185 12.748709 5.779632 -4.507646 0.0 -0.0 0.0 -0.001557 2.295775 1.076246 0.0 -0.0 0.0 -16.652988 -16.879618 -5.819845 18.85882 14.338744 0.986972 0.0 -0.0 0.0 1.684433 -4.633524 -1.803554 0.0 -0.0 0.0 -178.745667 -0.0 0.0 3.659674 -0.0 0.0 -73.798668 0.0 0.0 -4.726109 0.08116 0.023582 -0.997327 3.3e-05 1e-06 1.25456 -0.0 0.0 3.659674 -0.0 0.0 -73.798668 3e-06 0.0 -4.726109 0.081185 0.023581 -0.997327 6e-06 2e-06 
0.0 0.0 0.0 0.0 -0.0 0.0 0.0 100.87085 0.0 90.000328 0.190163 90.000328 -0.049287 1e-06 -3e-06 -5.927024 3e-06 -0.0 5.964053 5e-06 0.0 16.829426 1e-05 2e-06 1.052974 2.1e-05 -2e-06 -24.428869 4e-05 -2e-05 -0.0 -7.4e-05 3.1e-05 0.0 7.9e-05 0.0 10.592797 -0.254773 3.786015 10.592787 0.254987 -3.785956 -89.776634 -69.738167 89.979286 20.234638 -3e-06 -1e-06 0.010686 -0.0 0.0 0.000704 0.001974 9.712303 25.642761 -18.917786 54.214165 -29.88636 -10.372678 24.530539 0.0 -0.0 0.0 0.0 -0.0 0.0 1.560195 0.375098 -1.406302 -1.574694 -0.339407 -8.296517 0.0 -0.0 0.0 -2.345381 -3.741133 -2.252148 0.0 -0.0 0.0 -8.680352 -3.883042 -3.13835 8.888373 3.355701 -6.015839 0.0 -0.0 0.0 -0.789304 -7.285017 -3.385952 0.0 -0.0 0.0 -12.266362 -6.770043 -3.829185 12.748711 5.779631 -4.507649 0.0 -0.0 0.0 -0.002125 2.297532 1.077113 0.0 -0.0 0.0 -16.653231 -16.879332 -5.818032 18.858604 14.33904 0.985165 0.0 -0.0 0.0 1.68497 -4.635244 -1.805353 0.0 -0.0 0.0 90.181915 -69.738167 89.97924 20.234636 -4e-06 1e-06 0.010699 -0.0 0.0 0.000698 0.001975 9.712301 25.642763 -18.917789 54.214169 -29.886368 -10.372681 24.530539 0.0 -0.0 0.0 0.0 -0.0 0.0 1.562406 0.379639 -1.402784 -1.576997 -0.344016 -8.299985 0.0 -0.0 0.0 -2.344502 -3.741118 -2.25218 0.0 -0.0 0.0 -8.680535 -3.881308 -3.138472 8.888452 3.353951 -6.015964 0.0 -0.0 0.0 -0.789081 -7.285012 -3.385969 0.0 -0.0 0.0 -12.266361 -6.770046 -3.829185 12.748709 5.779632 -4.507646 0.0 -0.0 0.0 -0.001557 2.295775 1.076246 0.0 -0.0 0.0 -16.652988 -16.879618 -5.819845 18.85882 14.338744 0.986972 0.0 -0.0 0.0 1.684433 -4.633524 -1.803554 0.0 -0.0 0.0 -178.745667 -0.0 0.0 3.659674 -0.0 0.0 -73.798668 0.0 0.0 -4.726109 0.08116 0.023582 -0.997327 3.3e-05 1e-06 1.25456 -0.0 0.0 3.659674 -0.0 0.0 -73.798668 3e-06 0.0 -4.726109 0.081185 0.023581 -0.997327 6e-06 2e-06 
0.0 0.0 0.0 0.0 -0.0 0.0 0.0 100.87085 0.0 90.000328 0.190163 90.000328 -0.049287 1e-06 -3e-06 -5.927024 3e-06 -0.0 5.964053 5e-06 0.0 16.829426 1e-05 2e-06 1.052974 2.1e-05 -2e-06 -24.428869 4e-05 -2e-05 -0.0 -7.4e-05 3.1e-05 0.0 7.9e-05 0.0 10.592797 -0.254773 3.786015 10.592787 0.254987 -3.785956 -89.776634 -69.738167 89.979286 20.234638 -3e-06 -1e-06 0.010686 -0.0 0.0 0.000704 0.001974 9.712303 25.642761 -18.917786 54.214165 -29.88636 -10.372678 24.530539 0.0 -0.0 0.0 0.0 -0.0 0.0 1.560195 0.375098 -1.406302 -1.574694 -0.339407 -8.296517 0.0 -0.0 0.0 -2.345381 -3.741133 -2.252148 0.0 -0.0 0.0 -8.680352 -3.883042 -3.13835 8.888373 3.355701 -6.015839 0.0 -0.0 0.0 -0.789304 -7.285017 -3.385952 0.0 -0.0 0.0 -12.266362 -6.770043 -3.829185 12.748711 5.779631 -4.507649 0.0 -0.0 0.0 -0.002125 2.297532 1.077113 0.0 -0.0 0.0 -16.653231 -16.879332 -5.818032 18.858604 14.33904 0.985165 0.0 -0.0 0.0 1.68497 -4.635244 -1.805353 0.0 -0.0 0.0 90.181915 -69.738167 89.97924 20.234636 -4e-06 1e-06 0.010699 -0.0 0.0 0.000698 0.001975 9.712301 25.642763 -18.917789 54.214169 -29.886368 -10.372681 24.530539 0.0 -0.0 0.0 0.0 -0.0 0.0 1.562406 0.379639 -1.402784 -1.576997 -0.344016 -8.299985 0.0 -0.0 0.0 -2.344502 -3.741118 -2.25218 0.0 -0.0 0.0 -8.680535 -3.881308 -3.138472 8.888452 3.353951 -6.015964 0.0 -0.0 0.0 -0.789081 -7.285012 -3.385969 0.0 -0.0 0.0 -12.266361 -6.770046 -3.829185 12.748709 5.779632 -4.507646 0.0 -0.0 0.0 -0.001557 2.295775 1.076246 0.0 -0.0 0.0 -16.652988 -16.879618 -5.819845 18.85882 14.338744 0.986972 0.0 -0.0 0.0 1.684433 -4.633524 -1.803554 0.0 -0.0 0.0 -178.745667 -0.0 0.0 3.659674 -0.0 0.0 -73.798668 0.0 0.0 -4.726109 0.08116 0.023582 -0.997327 3.3e-05 1e-06 1.25456 -0.0 0.0 3.659674 -0.0 0.0 -73.798668 3e-06 0.0 -4.726109 0.081185 0.023581 -0.997327 6e-06 2e-06 
0.0 0.0 0.0 0.0 -0.0 0.0 0.0 100.87085 0.0 90.000328 0.190163 90.000328 -0.049287 1e-06 -3e-06 -5.927024 3e-06 -0.0 5.964053 5e-06 0.0 16.829426 1e-05 2e-06 1.052974 2.1e-05 -2e-06 -24.428869 4e-05 -2e-05 -0.0 -7.4e-05 3.1e-05 0.0 7.9e-05 0.0 10.592797 -0.254773 3.786015 10.592787 0.254987 -3.785956 -89.776634 -69.738167 89.979286 20.234638 -3e-06 -1e-06 0.010686 -0.0 0.0 0.000704 0.001974 9.712303 25.642761 -18.917786 54.214165 -29.88636 -10.372678 24.530539 0.0 -0.0 0.0 0.0 -0.0 0.0 1.560195 0.375098 -1.406302 -1.574694 -0.339407 -8.296517 0.0 -0.0 0.0 -2.345381 -3.741133 -2.252148 0.0 -0.0 0.0 -8.680352 -3.883042 -3.13835 8.888373 3.355701 -6.015839 0.0 -0.0 0.0 -0.789304 -7.285017 -3.385952 0.0 -0.0 0.0 -12.266362 -6.770043 -3.829185 12.748711 5.779631 -4.507649 0.0 -0.0 0.0 -0.002125 2.297532 1.077113 0.0 -0.0 0.0 -16.653231 -16.879332 -5.818032 18.858604 14.33904 0.985165 0.0 -0.0 0.0 1.68497 -4.635244 -1.805353 0.0 -0.0 0.0 90.181915 -69.738167 89.97924 20.234636 -4e-06 1e-06 0.010699 -0.0 0.0 0.000698 0.001975 9.712301 25.642763 -18.917789 54.214169 -29.886368 -10.372681 24.530539 0.0 -0.0 0.0 0.0 -0.0 0.0 1.562406 0.379639 -1.402784 -1.576997 -0.344016 -8.299985 0.0 -0.0 0.0 -2.344502 -3.741118 -2.25218 0.0 -0.0 0.0 -8.680535 -3.881308 -3.138472 8.888452 3.353951 -6.015964 0.0 -0.0 0.0 -0.789081 -7.285012 -3.385969 0.0 -0.0 0.0 -12.266361 -6.770046 -3.829185 12.748709 5.779632 -4.507646 0.0 -0.0 0.0 -0.001557 2.295775 1.076246 0.0 -0.0 0.0 -16.652988 -16.879618 -5.819845 18.85882 14.338744 0.986972 0.0 -0.0 0.0 1.684433 -4.633524 -1.803554 0.0 -0.0 0.0 -178.745667 -0.0 0.0 3.659674 -0.0 0.0 -73.798668 0.0 0.0 -4.726109 0.08116 0.023582 -0.997327 3.3e-05 1e-06 1.25456 -0.0 0.0 3.659674 -0.0 0.0 -73.798668 3e-06 0.0 -4.726109 0.081185 0.023581 -0.997327 6e-06 2e-06 
0.0 0.0 0.0 0.0 -0.0 0.0 0.0 100.87085 0.0 90.000328 0.190163 90.000328 -0.049287 1e-06 -3e-06 -5.927024 3e-06 -0.0 5.964053 5e-06 0.0 16.829426 1e-05 2e-06 1.052974 2.1e-05 -2e-06 -24.428869 4e-05 -2e-05 -0.0 -7.4e-05 3.1e-05 0.0 7.9e-05 0.0 10.592797 -0.254773 3.786015 10.592787 0.254987 -3.785956 -89.776634 -69.738167 89.979286 20.234638 -3e-06 -1e-06 0.010686 -0.0 0.0 0.000704 0.001974 9.712303 25.642761 -18.917786 54.214165 -29.88636 -10.372678 24.530539 0.0 -0.0 0.0 0.0 -0.0 0.0 1.560195 0.375098 -1.406302 -1.574694 -0.339407 -8.296517 0.0 -0.0 0.0 -2.345381 -3.741133 -2.252148 0.0 -0.0 0.0 -8.680352 -3.883042 -3.13835 8.888373 3.355701 -6.015839 0.0 -0.0 0.0 -0.789304 -7.285017 -3.385952 0.0 -0.0 0.0 -12.266362 -6.770043 -3.829185 12.748711 5.779631 -4.507649 0.0 -0.0 0.0 -0.002125 2.297532 1.077113 0.0 -0.0 0.0 -16.653231 -16.879332 -5.818032 18.858604 14.33904 0.985165 0.0 -0.0 0.0 1.68497 -4.635244 -1.805353 0.0 -0.0 0.0 90.181915 -69.738167 89.97924 20.234636 -4e-06 1e-06 0.010699 -0.0 0.0 0.000698 0.001975 9.712301 25.642763 -18.917789 54.214169 -29.886368 -10.372681 24.530539 0.0 -0.0 0.0 0.0 -0.0 0.0 1.562406 0.379639 -1.402784 -1.576997 -0.344016 -8.299985 0.0 -0.0 0.0 -2.344502 -3.741118 -2.25218 0.0 -0.0 0.0 -8.680535 -3.881308 -3.138472 8.888452 3.353951 -6.015964 0.0 -0.0 0.0 -0.789081 -7.285012 -3.385969 0.0 -0.0 0.0 -12.266361 -6.770046 -3.829185 12.748709 5.779632 -4.507646 0.0 -0.0 0.0 -0.001557 2.295775 1.076246 0.0 -0.0 0.0 -16.652988 -16.879618 -5.819845 18.85882 14.338744 0.986972 0.0 -0.0 0.0 1.684433 -4.633524 -1.803554 0.0 -0.0 0.0 -178.745667 -0.0 0.0 3.659674 -0.0 0.0 -73.798668 0.0 0.0 -4.726109 0.08116 0.023582 -0.997327 3.3e-05 1e-06 1.25456 -0.0 0.0 3.659674 -0.0 0.0 -73.798668 3e-06 0.0 -4.726109 0.081185 0.023581 -0.997327 6e-06 2e-06 
0.0 0.0 0.0 0.0 -0.0 0.0 0.0 100.87085 0.0 90.000328 0.190163 90.000328 -0.049287 1e-06 -3e-06 -5.927024 3e-06 -0.0 5.964053 5e-06 0.0 16.829426 1e-05 2e-06 1.052974 2.1e-05 -2e-06 -24.428869 4e-05 -2e-05 -0.0 -7.4e-05 3.1e-05 0.0 7.9e-05 0.0 10.592797 -0.254773 3.786015 10.592787 0.254987 -3.785956 -89.776634 -69.738167 89.979286 20.234638 -3e-06 -1e-06 0.010686 -0.0 0.0 0.000704 0.001974 9.712303 25.642761 -18.917786 54.214165 -29.88636 -10.372678 24.530539 0.0 -0.0 0.0 0.0 -0.0 0.0 1.560195 0.375098 -1.406302 -1.574694 -0.339407 -8.296517 0.0 -0.0 0.0 -2.345381 -3.741133 -2.252148 0.0 -0.0 0.0 -8.680352 -3.883042 -3.13835 8.888373 3.355701 -6.015839 0.0 -0.0 0.0 -0.789304 -7.285017 -3.385952 0.0 -0.0 0.0 -12.266362 -6.770043 -3.829185 12.748711 5.779631 -4.507649 0.0 -0.0 0.0 -0.002125 2.297532 1.077113 0.0 -0.0 0.0 -16.653231 -16.879332 -5.818032 18.858604 14.33904 0.985165 0.0 -0.0 0.0 1.68497 -4.635244 -1.805353 0.0 -0.0 0.0 90.181915 -69.738167 89.97924 20.234636 -4e-06 1e-06 0.010699 -0.0 0.0 0.000698 0.001975 9.712301 25.642763 -18.917789 54.214169 -29.886368 -10.372681 24.530539 0.0 -0.0 0.0 0.0 -0.0 0.0 1.562406 0.379639 -1.402784 -1.576997 -0.344016 -8.299985 0.0 -0.0 0.0 -2.344502 -3.741118 -2.25218 0.0 -0.0 0.0 -8.680535 -3.881308 -3.138472 8.888452 3.353951 -6.015964 0.0 -0.0 0.0 -0.789081 -7.285012 -3.385969 0.0 -0.0 0.0 -12.266361 -6.770046 -3.829185 12.748709 5.779632 -4.507646 0.0 -0.0 0.0 -0.001557 2.295775 1.076246 0.0 -0.0 0.0 -16.652988 -16.879618 -5.819845 18.85882 14.338744 0.986972 0.0 -0.0 0.0 1.684433 -4.633524 -1.803554 0.0 -0.0 0.0 -178.745667 -0.0 0.0 3.659674 -0.0 0.0 -73.798668 0.0 0.0 -4.726109 0.08116 0.023582 -0.997327 3.3e-05 1e-06 1.25456 -0.0 0.0 3.659674 -0.0 0.0 -73.798668 3e-06 0.0 -4.726109 0.081185 0.023581 -0.997327 6e-06 2e-06 
0.0 0.0 0.0 0.0 -0.0 0.0 0.0 100.87085 0.0 90.000328 0.190163 90.000328 -0.049287 1e-06 -3e-06 -5.927024 3e-06 -0.0 5.964053 5e-06 0.0 16.829426 1e-05 2e-06 1.052974 2.1e-05 -2e-06 -24.428869 4e-05 -2e-05 -0.0 -7.4e-05 3.1e-05 0.0 7.9e-05 0.0 10.592797 -0.254773 3.786015 10.592787 0.254987 -3.785956 -89.776634 -69.738167 89.979286 20.234638 -3e-06 -1e-06 0.010686 -0.0 0.0 0.000704 0.001974 9.712303 25.642761 -18.917786 54.214165 -29.88636 -10.372678 24.530539 0.0 -0.0 0.0 0.0 -0.0 0.0 1.560195 0.375098 -1.406302 -1.574694 -0.339407 -8.296517 0.0 -0.0 0.0 -2.345381 -3.741133 -2.252148 0.0 -0.0 0.0 -8.680352 -3.883042 -3.13835 8.888373 3.355701 -6.015839 0.0 -0.0 0.0 -0.789304 -7.285017 -3.385952 0.0 -0.0 0.0 -12.266362 -6.770043 -3.829185 12.748711 5.779631 -4.507649 0.0 -0.0 0.0 -0.002125 2.297532 1.077113 0.0 -0.0 0.0 -16.653231 -16.879332 -5.818032 18.858604 14.33904 0.985165 0.0 -0.0 0.0 1.68497 -4.635244 -1.805353 0.0 -0.0 0.0 90.181915 -69.738167 89.97924 20.234636 -4e-06 1e-06 0.010699 -0.0 0.0 0.000698 0.001975 9.712301 25.642763 -18.917789 54.214169 -29.886368 -10.372681 24.530539 0.0 -0.0 0.0 0.0 -0.0 0.0 1.562406 0.379639 -1.402784 -1.576997 -0.344016 -8.299985 0.0 -0.0 0.0 -2.344502 -3.741118 -2.25218 0.0 -0.0 0.0 -8.680535 -3.881308 -3.138472 8.888452 3.353951 -6.015964 0.0 -0.0 0.0 -0.789081 -7.285012 -3.385969 0.0 -0.0 0.0 -12.266361 -6.770046 -3.829185 12.748709 5.779632 -4.507646 0.0 -0.0 0.0 -0.001557 2.295775 1.076246 0.0 -0.0 0.0 -16.652988 -16.879618 -5.819845 18.85882 14.338744 0.986972 0.0 -0.0 0.0 1.684433 -4.633524 -1.803554 0.0 -0.0 0.0 -178.745667 -0.0 0.0 3.659674 -0.0 0.0 -73.798668 0.0 0.0 -4.726109 0.08116 0.023582 -0.997327 3.3e-05 1e-06 1.25456 -0.0 0.0 3.659674 -0.0 0.0 -73.798668 3e-06 0.0 -4.726109 0.081185 0.023581 -0.997327 6e-06 2e-06 
0.0 0.0 0.0 0.0 -0.0 0.0 0.0 100.87085 0.0 90.000328 0.190163 90.000328 -0.049287 1e-06 -3e-06 -5.927024 3e-06 -0.0 5.964053 5e-06 0.0 16.829426 1e-05 2e-06 1.052974 2.1e-05 -2e-06 -24.428869 4e-05 -2e-05 -0.0 -7.4e-05 3.1e-05 0.0 7.9e-05 0.0 10.592797 -0.254773 3.786015 10.592787 0.254987 -3.785956 -89.776634 -69.738167 89.979286 20.234638 -3e-06 -1e-06 0.010686 -0.0 0.0 0.000704 0.001974 9.712303 25.642761 -18.917786 54.214165 -29.88636 -10.372678 24.530539 0.0 -0.0 0.0 0.0 -0.0 0.0 1.560195 0.375098 -1.406302 -1.574694 -0.339407 -8.296517 0.0 -0.0 0.0 -2.345381 -3.741133 -2.252148 0.0 -0.0 0.0 -8.680352 -3.883042 -3.13835 8.888373 3.355701 -6.015839 0.0 -0.0 0.0 -0.789304 -7.285017 -3.385952 0.0 -0.0 0.0 -12.266362 -6.770043 -3.829185 12.748711 5.779631 -4.507649 0.0 -0.0 0.0 -0.002125 2.297532 1.077113 0.0 -0.0 0.0 -16.653231 -16.879332 -5.818032 18.858604 14.33904 0.985165 0.0 -0.0 0.0 1.68497 -4.635244 -1.805353 0.0 -0.0 0.0 90.181915 -69.738167 89.97924 20.234636 -4e-06 1e-06 0.010699 -0.0 0.0 0.000698 0.001975 9.712301 25.642763 -18.917789 54.214169 -29.886368 -10.372681 24.530539 0.0 -0.0 0.0 0.0 -0.0 0.0 1.562406 0.379639 -1.402784 -1.576997 -0.344016 -8.299985 0.0 -0.0 0.0 -2.344502 -3.741118 -2.25218 0.0 -0.0 0.0 -8.680535 -3.881308 -3.138472 8.888452 3.353951 -6.015964 0.0 -0.0 0.0 -0.789081 -7.285012 -3.385969 0.0 -0.0 0.0 -12.266361 -6.770046 -3.829185 12.748709 5.779632 -4.507646 0.0 -0.0 0.0 -0.001557 2.295775 1.076246 0.0 -0.0 0.0 -16.652988 -16.879618 -5.819845 18.85882 14.338744 0.986972 0.0 -0.0 0.0 1.684433 -4.633524 -1.803554 0.0 -0.0 0.0 -178.745667 -0.0 0.0 3.659674 -0.0 0.0 -73.798668 0.0 0.0 -4.726109 0.08116 0.023582 -0.997327 3.3e-05 1e-06 1.25456 -0.0 0.0 3.659674 -0.0 0.0 -73.798668 3e-06 0.0 -4.726109 0.081185 0.023581 -0.997327 6e-06 2e-06 
0.0 0.0 0.0 0.0 -0.0 0.0 0.0 100.87085 0.0 90.000328 0.190163 90.000328 -0.049287 1e-06 -3e-06 -5.927024 3e-06 -0.0 5.964053 5e-06 0.0 16.829426 1e-05 2e-06 1.052974 2.1e-05 -2e-06 -24.428869 4e-05 -2e-05 -0.0 -7.4e-05 3.1e-05 0.0 7.9e-05 0.0 10.592797 -0.254773 3.786015 10.592787 0.254987 -3.785956 -89.776634 -69.738167 89.979286 20.234638 -3e-06 -1e-06 0.010686 -0.0 0.0 0.000704 0.001974 9.712303 25.642761 -18.917786 54.214165 -29.88636 -10.372678 24.530539 0.0 -0.0 0.0 0.0 -0.0 0.0 1.560195 0.375098 -1.406302 -1.574694 -0.339407 -8.296517 0.0 -0.0 0.0 -2.345381 -3.741133 -2.252148 0.0 -0.0 0.0 -8.680352 -3.883042 -3.13835 8.888373 3.355701 -6.015839 0.0 -0.0 0.0 -0.789304 -7.285017 -3.385952 0.0 -0.0 0.0 -12.266362 -6.770043 -3.829185 12.748711 5.779631 -4.507649 0.0 -0.0 0.0 -0.002125 2.297532 1.077113 0.0 -0.0 0.0 -16.653231 -16.879332 -5.818032 18.858604 14.33904 0.985165 0.0 -0.0 0.0 1.68497 -4.635244 -1.805353 0.0 -0.0 0.0 90.181915 -69.738167 89.97924 20.234636 -4e-06 1e-06 0.010699 -0.0 0.0 0.000698 0.001975 9.712301 25.642763 -18.917789 54.214169 -29.886368 -10.372681 24.530539 0.0 -0.0 0.0 0.0 -0.0 0.0 1.562406 0.379639 -1.402784 -1.576997 -0.344016 -8.299985 0.0 -0.0 0.0 -2.344502 -3.741118 -2.25218 0.0 -0.0 0.0 -8.680535 -3.881308 -3.138472 8.888452 3.353951 -6.015964 0.0 -0.0 0.0 -0.789081 -7.285012 -3.385969 0.0 -0.0 0.0 -12.266361 -6.770046 -3.829185 12.748709 5.779632 -4.507646 0.0 -0.0 0.0 -0.001557 2.295775 1.076246 0.0 -0.0 0.0 -16.652988 -16.879618 -5.819845 18.85882 14.338744 0.986972 0.0 -0.0 0.0 1.684433 -4.633524 -1.803554 0.0 -0.0 0.0 -178.745667 -0.0 0.0 3.659674 -0.0 0.0 -73.798668 0.0 0.0 -4.726109 0.08116 0.023582 -0.997327 3.3e-05 1e-06 1.25456 -0.0 0.0 3.659674 -0.0 0.0 -73.798668 3e-06 0.0 -4.726109 0.081185 0.023581 -0.997327 6e-06 2e-06 
0.0 0.0 0.0 0.0 -0.0 0.0 0.0 100.87085 0.0 90.000328 0.190163 90.000328 -0.049287 1e-06 -3e-06 -5.927024 3e-06 -0.0 5.964053 5e-06 0.0 16.829426 1e-05 2e-06 1.052974 2.1e-05 -2e-06 -24.428869 4e-05 -2e-05 -0.0 -7.4e-05 3.1e-05 0.0 7.9e-05 0.0 10.592797 -0.254773 3.786015 10.592787 0.254987 -3.785956 -89.776634 -69.738167 89.979286 20.234638 -3e-06 -1e-06 0.010686 -0.0 0.0 0.000704 0.001974 9.712303 25.642761 -18.917786 54.214165 -29.88636 -10.372678 24.530539 0.0 -0.0 0.0 0.0 -0.0 0.0 1.560195 0.375098 -1.406302 -1.574694 -0.339407 -8.296517 0.0 -0.0 0.0 -2.345381 -3.741133 -2.252148 0.0 -0.0 0.0 -8.680352 -3.883042 -3.13835 8.888373 3.355701 -6.015839 0.0 -0.0 0.0 -0.789304 -7.285017 -3.385952 0.0 -0.0 0.0 -12.266362 -6.770043 -3.829185 12.748711 5.779631 -4.507649 0.0 -0.0 0.0 -0.002125 2.297532 1.077113 0.0 -0.0 0.0 -16.653231 -16.879332 -5.818032 18.858604 14.33904 0.985165 0.0 -0.0 0.0 1.68497 -4.635244 -1.805353 0.0 -0.0 0.0 90.181915 -69.738167 89.97924 20.234636 -4e-06 1e-06 0.010699 -0.0 0.0 0.000698 0.001975 9.712301 25.642763 -18.917789 54.214169 -29.886368 -10.372681 24.530539 0.0 -0.0 0.0 0.0 -0.0 0.0 1.562406 0.379639 -1.402784 -1.576997 -0.344016 -8.299985 0.0 -0.0 0.0 -2.344502 -3.741118 -2.25218 0.0 -0.0 0.0 -8.680535 -3.881308 -3.138472 8.888452 3.353951 -6.015964 0.0 -0.0 0.0 -0.789081 -7.285012 -3.385969 0.0 -0.0 0.0 -12.266361 -6.770046 -3.829185 12.748709 5.779632 -4.507646 0.0 -0.0 0.0 -0.001557 2.295775 1.076246 0.0 -0.0 0.0 -16.652988 -16.879618 -5.819845 18.85882 14.338744 0.986972 0.0 -0.0 0.0 1.684433 -4.633524 -1.803554 0.0 -0.0 0.0 -178.745667 -0.0 0.0 3.659674 -0.0 0.0 -73.798668 0.0 0.0 -4.726109 0.08116 0.023582 -0.997327 3.3e-05 1e-06 1.25456 -0.0 0.0 3.659674 -0.0 0.0 -73.798668 3e-06 0.0 -4.726109 0.081185 0.023581 -0.997327 6e-06 2e-06 
0.0 0.0 0.0 0.0 -0.0 0.0 0.0 100.87085 0.0 90.000328 0.190163 90.000328 -0.049287 1e-06 -3e-06 -5.927024 3e-06 -0.0 5.964053 5e-06 0.0 16.829426 1e-05 2e-06 1.052974 2.1e-05 -2e-06 -24.428869 4e-05 -2e-05 -0.0 -7.4e-05 3.1e-05 0.0 7.9e-05 0.0 10.592797 -0.254773 3.786015 10.592787 0.254987 -3.785956 -89.776634 -69.738167 89.979286 20.234638 -3e-06 -1e-06 0.010686 -0.0 0.0 0.000704 0.001974 9.712303 25.642761 -18.917786 54.214165 -29.88636 -10.372678 24.530539 0.0 -0.0 0.0 0.0 -0.0 0.0 1.560195 0.375098 -1.406302 -1.574694 -0.339407 -8.296517 0.0 -0.0 0.0 -2.345381 -3.741133 -2.252148 0.0 -0.0 0.0 -8.680352 -3.883042 -3.13835 8.888373 3.355701 -6.015839 0.0 -0.0 0.0 -0.789304 -7.285017 -3.385952 0.0 -0.0 0.0 -12.266362 -6.770043 -3.829185 12.748711 5.779631 -4.507649 0.0 -0.0 0.0 -0.002125 2.297532 1.077113 0.0 -0.0 0.0 -16.653231 -16.879332 -5.818032 18.858604 14.33904 0.985165 0.0 -0.0 0.0 1.68497 -4.635244 -1.805353 0.0 -0.0 0.0 90.181915 -69.738167 89.97924 20.234636 -4e-06 1e-06 0.010699 -0.0 0.0 0.000698 0.001975 9.712301 25.642763 -18.917789 54.214169 -29.886368 -10.372681 24.530539 0.0 -0.0 0.0 0.0 -0.0 0.0 1.562406 0.379639 -1.402784 -1.576997 -0.344016 -8.299985 0.0 -0.0 0.0 -2.344502 -3.741118 -2.25218 0.0 -0.0 0.0 -8.680535 -3.881308 -3.138472 8.888452 3.353951 -6.015964 0.0 -0.0 0.0 -0.789081 -7.285012 -3.385969 0.0 -0.0 0.0 -12.266361 -6.770046 -3.829185 12.748709 5.779632 -4.507646 0.0 -0.0 0.0 -0.001557 2.295775 1.076246 0.0 -0.0 0.0 -16.652988 -16.879618 -5.819845 18.85882 14.338744 0.986972 0.0 -0.0 0.0 1.684433 -4.633524 -1.803554 0.0 -0.0 0.0 -178.745667 -0.0 0.0 3.659674 -0.0 0.0 -73.798668 0.0 0.0 -4.726109 0.08116 0.023582 -0.997327 3.3e-05 1e-06 1.25456 -0.0 0.0 3.659674 -0.0 0.0 -73.798668 3e-06 0.0 -4.726109 0.081185 0.023581 -0.997327 6e-06 2e-06 
0.0 0.0 0.0 0.0 -0.0 0.0 0.0 100.87085 0.0 90.000328 0.190163 90.000328 -0.049287 1e-06 -3e-06 -5.927024 3e-06 -0.0 5.964053 5e-06 0.0 16.829426 1e-05 2e-06 1.052974 2.1e-05 -2e-06 -24.428869 4e-05 -2e-05 -0.0 -7.4e-05 3.1e-05 0.0 7.9e-05 0.0 10.592797 -0.254773 3.786015 10.592787 0.254987 -3.785956 -89.776634 -69.738167 89.979286 20.234638 -3e-06 -1e-06 0.010686 -0.0 0.0 0.000704 0.001974 9.712303 25.642761 -18.917786 54.214165 -29.88636 -10.372678 24.530539 0.0 -0.0 0.0 0.0 -0.0 0.0 1.560195 0.375098 -1.406302 -1.574694 -0.339407 -8.296517 0.0 -0.0 0.0 -2.345381 -3.741133 -2.252148 0.0 -0.0 0.0 -8.680352 -3.883042 -3.13835 8.888373 3.355701 -6.015839 0.0 -0.0 0.0 -0.789304 -7.285017 -3.385952 0.0 -0.0 0.0 -12.266362 -6.770043 -3.829185 12.748711 5.779631 -4.507649 0.0 -0.0 0.0 -0.002125 2.297532 1.077113 0.0 -0.0 0.0 -16.653231 -16.879332 -5.818032 18.858604 14.33904 0.985165 0.0 -0.0 0.0 1.68497 -4.635244 -1.805353 0.0 -0.0 0.0 90.181915 -69.738167 89.97924 20.234636 -4e-06 1e-06 0.010699 -0.0 0.0 0.000698 0.001975 9.712301 25.642763 -18.917789 54.214169 -29.886368 -10.372681 24.530539 0.0 -0.0 0.0 0.0 -0.0 0.0 1.562406 0.379639 -1.402784 -1.576997 -0.344016 -8.299985 0.0 -0.0 0.0 -2.344502 -3.741118 -2.25218 0.0 -0.0 0.0 -8.680535 -3.881308 -3.138472 8.888452 3.353951 -6.015964 0.0 -0.0 0.0 -0.789081 -7.285012 -3.385969 0.0 -0.0 0.0 -12.266361 -6.770046 -3.829185 12.748709 5.779632 -4.507646 0.0 -0.0 0.0 -0.001557 2.295775 1.076246 0.0 -0.0 0.0 -16.652988 -16.879618 -5.819845 18.85882 14.338744 0.986972 0.0 -0.0 0.0 1.684433 -4.633524 -1.803554 0.0 -0.0 0.0 -178.745667 -0.0 0.0 3.659674 -0.0 0.0 -73.798668 0.0 0.0 -4.726109 0.08116 0.023582 -0.997327 3.3e-05 1e-06 1.25456 -0.0 0.0 3.659674 -0.0 0.0 -73.798668 3e-06 0.0 -4.726109 0.081185 0.023581 -0.997327 6e-06 2e-06 
0.0 0.0 0.0 0.0 -0.0 0.0 0.0 100.87085 0.0 90.000328 0.190163 90.000328 -0.049287 1e-06 -3e-06 -5.927024 3e-06 -0.0 5.964053 5e-06 0.0 16.829426 1e-05 2e-06 1.052974 2.1e-05 -2e-06 -24.428869 4e-05 -2e-05 -0.0 -7.4e-05 3.1e-05 0.0 7.9e-05 0.0 10.592797 -0.254773 3.786015 10.592787 0.254987 -3.785956 -89.776634 -69.738167 89.979286 20.234638 -3e-06 -1e-06 0.010686 -0.0 0.0 0.000704 0.001974 9.712303 25.642761 -18.917786 54.214165 -29.88636 -10.372678 24.530539 0.0 -0.0 0.0 0.0 -0.0 0.0 1.560195 0.375098 -1.406302 -1.574694 -0.339407 -8.296517 0.0 -0.0 0.0 -2.345381 -3.741133 -2.252148 0.0 -0.0 0.0 -8.680352 -3.883042 -3.13835 8.888373 3.355701 -6.015839 0.0 -0.0 0.0 -0.789304 -7.285017 -3.385952 0.0 -0.0 0.0 -12.266362 -6.770043 -3.829185 12.748711 5.779631 -4.507649 0.0 -0.0 0.0 -0.002125 2.297532 1.077113 0.0 -0.0 0.0 -16.653231 -16.879332 -5.818032 18.858604 14.33904 0.985165 0.0 -0.0 0.0 1.68497 -4.635244 -1.805353 0.0 -0.0 0.0 90.181915 -69.738167 89.97924 20.234636 -4e-06 1e-06 0.010699 -0.0 0.0 0.000698 0.001975 9.712301 25.642763 -18.917789 54.214169 -29.886368 -10.372681 24.530539 0.0 -0.0 0.0 0.0 -0.0 0.0 1.562406 0.379639 -1.402784 -1.576997 -0.344016 -8.299985 0.0 -0.0 0.0 -2.344502 -3.741118 -2.25218 0.0 -0.0 0.0 -8.680535 -3.881308 -3.138472 8.888452 3.353951 -6.015964 0.0 -0.0 0.0 -0.789081 -7.285012 -3.385969 0.0 -0.0 0.0 -12.266361 -6.770046 -3.829185 12.748709 5.779632 -4.507646 0.0 -0.0 0.0 -0.001557 2.295775 1.076246 0.0 -0.0 0.0 -16.652988 -16.879618 -5.819845 18.85882 14.338744 0.986972 0.0 -0.0 0.0 1.684433 -4.633524 -1.803554 0.0 -0.0 0.0 -178.745667 -0.0 0.0 3.659674 -0.0 0.0 -73.798668 0.0 0.0 -4.726109 0.08116 0.023582 -0.997327 3.3e-05 1e-06 1.25456 -0.0 0.0 3.659674 -0.0 0.0 -73.798668 3e-06 0.0 -4.726109 0.081185 0.023581 -0.997327 6e-06 2e-06 
0.0 0.0 0.0 0.0 -0.0 0.0 0.0 100.87085 0.0 90.000328 0.190163 90.000328 -0.049287 1e-06 -3e-06 -5.927024 3e-06 -0.0 5.964053 5e-06 0.0 16.829426 1e-05 2e-06 1.052974 2.1e-05 -2e-06 -24.428869 4e-05 -2e-05 -0.0 -7.4e-05 3.1e-05 0.0 7.9e-05 0.0 10.592797 -0.254773 3.786015 10.592787 0.254987 -3.785956 -89.776634 -69.738167 89.979286 20.234638 -3e-06 -1e-06 0.010686 -0.0 0.0 0.000704 0.001974 9.712303 25.642761 -18.917786 54.214165 -29.88636 -10.372678 24.530539 0.0 -0.0 0.0 0.0 -0.0 0.0 1.560195 0.375098 -1.406302 -1.574694 -0.339407 -8.296517 0.0 -0.0 0.0 -2.345381 -3.741133 -2.252148 0.0 -0.0 0.0 -8.680352 -3.883042 -3.13835 8.888373 3.355701 -6.015839 0.0 -0.0 0.0 -0.789304 -7.285017 -3.385952 0.0 -0.0 0.0 -12.266362 -6.770043 -3.829185 12.748711 5.779631 -4.507649 0.0 -0.0 0.0 -0.002125 2.297532 1.077113 0.0 -0.0 0.0 -16.653231 -16.879332 -5.818032 18.858604 14.33904 0.985165 0.0 -0.0 0.0 1.68497 -4.635244 -1.805353 0.0 -0.0 0.0 90.181915 -69.738167 89.97924 20.234636 -4e-06 1e-06 0.010699 -0.0 0.0 0.000698 0.001975 9.712301 25.642763 -18.917789 54.214169 -29.886368 -10.372681 24.530539 0.0 -0.0 0.0 0.0 -0.0 0.0 1.562406 0.379639 -1.402784 -1.576997 -0.344016 -8.299985 0.0 -0.0 0.0 -2.344502 -3.741118 -2.25218 0.0 -0.0 0.0 -8.680535 -3.881308 -3.138472 8.888452 3.353951 -6.015964 0.0 -0.0 0.0 -0.789081 -7.285012 -3.385969 0.0 -0.0 0.0 -12.266361 -6.770046 -3.829185 12.748709 5.779632 -4.507646 0.0 -0.0 0.0 -0.001557 2.295775 1.076246 0.0 -0.0 0.0 -16.652988 -16.879618 -5.819845 18.85882 14.338744 0.986972 0.0 -0.0 0.0 1.684433 -4.633524 -1.803554 0.0 -0.0 0.0 -178.745667 -0.0 0.0 3.659674 -0.0 0.0 -73.798668 0.0 0.0 -4.726109 0.08116 0.023582 -0.997327 3.3e-05 1e-06 1.25456 -0.0 0.0 3.659674 -0.0 0.0 -73.798668 3e-06 0.0 -4.726109 0.081185 0.023581 -0.997327 6e-06 2e-06 
0.0 0.0 0.0 0.0 -0.0 0.0 0.0 100.87085 0.0 90.000328 0.190163 90.000328 -0.049287 1e-06 -3e-06 -5.927024 3e-06 -0.0 5.964053 5e-06 0.0 16.829426 1e-05 2e-06 1.052974 2.1e-05 -2e-06 -24.428869 4e-05 -2e-05 -0.0 -7.4e-05 3.1e-05 0.0 7.9e-05 0.0 10.592797 -0.254773 3.786015 10.592787 0.254987 -3.785956 -89.776634 -69.738167 89.979286 20.234638 -3e-06 -1e-06 0.010686 -0.0 0.0 0.000704 0.001974 9.712303 25.642761 -18.917786 54.214165 -29.88636 -10.372678 24.530539 0.0 -0.0 0.0 0.0 -0.0 0.0 1.560195 0.375098 -1.406302 -1.574694 -0.339407 -8.296517 0.0 -0.0 0.0 -2.345381 -3.741133 -2.252148 0.0 -0.0 0.0 -8.680352 -3.883042 -3.13835 8.888373 3.355701 -6.015839 0.0 -0.0 0.0 -0.789304 -7.285017 -3.385952 0.0 -0.0 0.0 -12.266362 -6.770043 -3.829185 12.748711 5.779631 -4.507649 0.0 -0.0 0.0 -0.002125 2.297532 1.077113 0.0 -0.0 0.0 -16.653231 -16.879332 -5.818032 18.858604 14.33904 0.985165 0.0 -0.0 0.0 1.68497 -4.635244 -1.805353 0.0 -0.0 0.0 90.181915 -69.738167 89.97924 20.234636 -4e-06 1e-06 0.010699 -0.0 0.0 0.000698 0.001975 9.712301 25.642763 -18.917789 54.214169 -29.886368 -10.372681 24.530539 0.0 -0.0 0.0 0.0 -0.0 0.0 1.562406 0.379639 -1.402784 -1.576997 -0.344016 -8.299985 0.0 -0.0 0.0 -2.344502 -3.741118 -2.25218 0.0 -0.0 0.0 -8.680535 -3.881308 -3.138472 8.888452 3.353951 -6.015964 0.0 -0.0 0.0 -0.789081 -7.285012 -3.385969 0.0 -0.0 0.0 -12.266361 -6.770046 -3.829185 12.748709 5.779632 -4.507646 0.0 -0.0 0.0 -0.001557 2.295775 1.076246 0.0 -0.0 0.0 -16.652988 -16.879618 -5.819845 18.85882 14.338744 0.986972 0.0 -0.0 0.0 1.684433 -4.633524 -1.803554 0.0 -0.0 0.0 -178.745667 -0.0 0.0 3.659674 -0.0 0.0 -73.798668 0.0 0.0 -4.726109 0.08116 0.023582 -0.997327 3.3e-05 1e-06 1.25456 -0.0 0.0 3.659674 -0.0 0.0 -73.798668 3e-06 0.0 -4.726109 0.081185 0.023581 -0.997327 6e-06 2e-06 
0.0 0.0 0.0 0.0 -0.0 0.0 0.0 100.87085 0.0 90.000328 0.190163 90.000328 -0.049287 1e-06 -3e-06 -5.927024 3e-06 -0.0 5.964053 5e-06 0.0 16.829426 1e-05 2e-06 1.052974 2.1e-05 -2e-06 -24.428869 4e-05 -2e-05 -0.0 -7.4e-05 3.1e-05 0.0 7.9e-05 0.0 10.592797 -0.254773 3.786015 10.592787 0.254987 -3.785956 -89.776634 -69.738167 89.979286 20.234638 -3e-06 -1e-06 0.010686 -0.0 0.0 0.000704 0.001974 9.712303 25.642761 -18.917786 54.214165 -29.88636 -10.372678 24.530539 0.0 -0.0 0.0 0.0 -0.0 0.0 1.560195 0.375098 -1.406302 -1.574694 -0.339407 -8.296517 0.0 -0.0 0.0 -2.345381 -3.741133 -2.252148 0.0 -0.0 0.0 -8.680352 -3.883042 -3.13835 8.888373 3.355701 -6.015839 0.0 -0.0 0.0 -0.789304 -7.285017 -3.385952 0.0 -0.0 0.0 -12.266362 -6.770043 -3.829185 12.748711 5.779631 -4.507649 0.0 -0.0 0.0 -0.002125 2.297532 1.077113 0.0 -0.0 0.0 -16.653231 -16.879332 -5.818032 18.858604 14.33904 0.985165 0.0 -0.0 0.0 1.68497 -4.635244 -1.805353 0.0 -0.0 0.0 90.181915 -69.738167 89.97924 20.234636 -4e-06 1e-06 0.010699 -0.0 0.0 0.000698 0.001975 9.712301 25.642763 -18.917789 54.214169 -29.886368 -10.372681 24.530539 0.0 -0.0 0.0 0.0 -0.0 0.0 1.562406 0.379639 -1.402784 -1.576997 -0.344016 -8.299985 0.0 -0.0 0.0 -2.344502 -3.741118 -2.25218 0.0 -0.0 0.0 -8.680535 -3.881308 -3.138472 8.888452 3.353951 -6.015964 0.0 -0.0 0.0 -0.789081 -7.285012 -3.385969 0.0 -0.0 0.0 -12.266361 -6.770046 -3.829185 12.748709 5.779632 -4.507646 0.0 -0.0 0.0 -0.001557 2.295775 1.076246 0.0 -0.0 0.0 -16.652988 -16.879618 -5.819845 18.85882 14.338744 0.986972 0.0 -0.0 0.0 1.684433 -4.633524 -1.803554 0.0 -0.0 0.0 -178.745667 -0.0 0.0 3.659674 -0.0 0.0 -73.798668 0.0 0.0 -4.726109 0.08116 0.023582 -0.997327 3.3e-05 1e-06 1.25456 -0.0 0.0 3.659674 -0.0 0.0 -73.798668 3e-06 0.0 -4.726109 0.081185 0.023581 -0.997327 6e-06 2e-06 
0.0 0.0 0.0 0.0 -0.0 0.0 0.0 100.87085 0.0 90.000328 0.190163 90.000328 -0.049287 1e-06 -3e-06 -5.927024 3e-06 -0.0 5.964053 5e-06 0.0 16.829426 1e-05 2e-06 1.052974 2.1e-05 -2e-06 -24.428869 4e-05 -2e-05 -0.0 -7.4e-05 3.1e-05 0.0 7.9e-05 0.0 10.592797 -0.254773 3.786015 10.592787 0.254987 -3.785956 -89.776634 -69.738167 89.979286 20.234638 -3e-06 -1e-06 0.010686 -0.0 0.0 0.000704 0.001974 9.712303 25.642761 -18.917786 54.214165 -29.88636 -10.372678 24.530539 0.0 -0.0 0.0 0.0 -0.0 0.0 1.560195 0.375098 -1.406302 -1.574694 -0.339407 -8.296517 0.0 -0.0 0.0 -2.345381 -3.741133 -2.252148 0.0 -0.0 0.0 -8.680352 -3.883042 -3.13835 8.888373 3.355701 -6.015839 0.0 -0.0 0.0 -0.789304 -7.285017 -3.385952 0.0 -0.0 0.0 -12.266362 -6.770043 -3.829185 12.748711 5.779631 -4.507649 0.0 -0.0 0.0 -0.002125 2.297532 1.077113 0.0 -0.0 0.0 -16.653231 -16.879332 -5.818032 18.858604 14.33904 0.985165 0.0 -0.0 0.0 1.68497 -4.635244 -1.805353 0.0 -0.0 0.0 90.181915 -69.738167 89.97924 20.234636 -4e-06 1e-06 0.010699 -0.0 0.0 0.000698 0.001975 9.712301 25.642763 -18.917789 54.214169 -29.886368 -10.372681 24.530539 0.0 -0.0 0.0 0.0 -0.0 0.0 1.562406 0.379639 -1.402784 -1.576997 -0.344016 -8.299985 0.0 -0.0 0.0 -2.344502 -3.741118 -2.25218 0.0 -0.0 0.0 -8.680535 -3.881308 -3.138472 8.888452 3.353951 -6.015964 0.0 -0.0 0.0 -0.789081 -7.285012 -3.385969 0.0 -0.0 0.0 -12.266361 -6.770046 -3.829185 12.748709 5.779632 -4.507646 0.0 -0.0 0.0 -0.001557 2.295775 1.076246 0.0 -0.0 0.0 -16.652988 -16.879618 -5.819845 18.85882 14.338744 0.986972 0.0 -0.0 0.0 1.684433 -4.633524 -1.803554 0.0 -0.0 0.0 -178.745667 -0.0 0.0 3.659674 -0.0 0.0 -73.798668 0.0 0.0 -4.726109 0.08116 0.023582 -0.997327 3.3e-05 1e-06 1.25456 -0.0 0.0 3.659674 -0.0 0.0 -73.798668 3e-06 0.0 -4.726109 0.081185 0.023581 -0.997327 6e-06 2e-06 
0.0 0.0 0.0 0.0 -0.0 0.0 0.0 100.87085 0.0 90.000328 0.190163 90.000328 -0.049287 1e-06 -3e-06 -5.927024 3e-06 -0.0 5.964053 5e-06 0.0 16.829426 1e-05 2e-06 1.052974 2.1e-05 -2e-06 -24.428869 4e-05 -2e-05 -0.0 -7.4e-05 3.1e-05 0.0 7.9e-05 0.0 10.592797 -0.254773 3.786015 10.592787 0.254987 -3.785956 -89.776634 -69.738167 89.979286 20.234638 -3e-06 -1e-06 0.010686 -0.0 0.0 0.000704 0.001974 9.712303 25.642761 -18.917786 54.214165 -29.88636 -10.372678 24.530539 0.0 -0.0 0.0 0.0 -0.0 0.0 1.560195 0.375098 -1.406302 -1.574694 -0.339407 -8.296517 0.0 -0.0 0.0 -2.345381 -3.741133 -2.252148 0.0 -0.0 0.0 -8.680352 -3.883042 -3.13835 8.888373 3.355701 -6.015839 0.0 -0.0 0.0 -0.789304 -7.285017 -3.385952 0.0 -0.0 0.0 -12.266362 -6.770043 -3.829185 12.748711 5.779631 -4.507649 0.0 -0.0 0.0 -0.002125 2.297532 1.077113 0.0 -0.0 0.0 -16.653231 -16.879332 -5.818032 18.858604 14.33904 0.985165 0.0 -0.0 0.0 1.68497 -4.635244 -1.805353 0.0 -0.0 0.0 90.181915 -69.738167 89.97924 20.234636 -4e-06 1e-06 0.010699 -0.0 0.0 0.000698 0.001975 9.712301 25.642763 -18.917789 54.214169 -29.886368 -10.372681 24.530539 0.0 -0.0 0.0 0.0 -0.0 0.0 1.562406 0.379639 -1.402784 -1.576997 -0.344016 -8.299985 0.0 -0.0 0.0 -2.344502 -3.741118 -2.25218 0.0 -0.0 0.0 -8.680535 -3.881308 -3.138472 8.888452 3.353951 -6.015964 0.0 -0.0 0.0 -0.789081 -7.285012 -3.385969 0.0 -0.0 0.0 -12.266361 -6.770046 -3.829185 12.748709 5.779632 -4.507646 0.0 -0.0 0.0 -0.001557 2.295775 1.076246 0.0 -0.0 0.0 -16.652988 -16.879618 -5.819845 18.85882 14.338744 0.986972 0.0 -0.0 0.0 1.684433 -4.633524 -1.803554 0.0 -0.0 0.0 -178.745667 -0.0 0.0 3.659674 -0.0 0.0 -73.798668 0.0 0.0 -4.726109 0.08116 0.023582 -0.997327 3.3e-05 1e-06 1.25456 -0.0 0.0 3.659674 -0.0 0.0 -73.798668 3e-06 0.0 -4.726109 0.081185 0.023581 -0.997327 6e-06 2e-06 
0.0 0.0 0.0 0.0 -0.0 0.0 0.0 100.87085 0.0 90.000328 0.190163 90.000328 -0.049287 1e-06 -3e-06 -5.927024 3e-06 -0.0 5.964053 5e-06 0.0 16.829426 1e-05 2e-06 1.052974 2.1e-05 -2e-06 -24.428869 4e-05 -2e-05 -0.0 -7.4e-05 3.1e-05 0.0 7.9e-05 0.0 10.592797 -0.254773 3.786015 10.592787 0.254987 -3.785956 -89.776634 -69.738167 89.979286 20.234638 -3e-06 -1e-06 0.010686 -0.0 0.0 0.000704 0.001974 9.712303 25.642761 -18.917786 54.214165 -29.88636 -10.372678 24.530539 0.0 -0.0 0.0 0.0 -0.0 0.0 1.560195 0.375098 -1.406302 -1.574694 -0.339407 -8.296517 0.0 -0.0 0.0 -2.345381 -3.741133 -2.252148 0.0 -0.0 0.0 -8.680352 -3.883042 -3.13835 8.888373 3.355701 -6.015839 0.0 -0.0 0.0 -0.789304 -7.285017 -3.385952 0.0 -0.0 0.0 -12.266362 -6.770043 -3.829185 12.748711 5.779631 -4.507649 0.0 -0.0 0.0 -0.002125 2.297532 1.077113 0.0 -0.0 0.0 -16.653231 -16.879332 -5.818032 18.858604 14.33904 0.985165 0.0 -0.0 0.0 1.68497 -4.635244 -1.805353 0.0 -0.0 0.0 90.181915 -69.738167 89.97924 20.234636 -4e-06 1e-06 0.010699 -0.0 0.0 0.000698 0.001975 9.712301 25.642763 -18.917789 54.214169 -29.886368 -10.372681 24.530539 0.0 -0.0 0.0 0.0 -0.0 0.0 1.562406 0.379639 -1.402784 -1.576997 -0.344016 -8.299985 0.0 -0.0 0.0 -2.344502 -3.741118 -2.25218 0.0 -0.0 0.0 -8.680535 -3.881308 -3.138472 8.888452 3.353951 -6.015964 0.0 -0.0 0.0 -0.789081 -7.285012 -3.385969 0.0 -0.0 0.0 -12.266361 -6.770046 -3.829185 12.748709 5.779632 -4.507646 0.0 -0.0 0.0 -0.001557 2.295775 1.076246 0.0 -0.0 0.0 -16.652988 -16.879618 -5.819845 18.85882 14.338744 0.986972 0.0 -0.0 0.0 1.684433 -4.633524 -1.803554 0.0 -0.0 0.0 -178.745667 -0.0 0.0 3.659674 -0.0 0.0 -73.798668 0.0 0.0 -4.726109 0.08116 0.023582 -0.997327 3.3e-05 1e-06 1.25456 -0.0 0.0 3.659674 -0.0 0.0 -73.798668 3e-06 0.0 -4.726109 0.081185 0.023581 -0.997327 6e-06 2e-06 
0.0 0.0 0.0 0.0 -0.0 0.0 0.0 100.87085 0.0 90.000328 0.190163 90.000328 -0.049287 1e-06 -3e-06 -5.927024 3e-06 -0.0 5.964053 5e-06 0.0 16.829426 1e-05 2e-06 1.052974 2.1e-05 -2e-06 -24.428869 4e-05 -2e-05 -0.0 -7.4e-05 3.1e-05 0.0 7.9e-05 0.0 10.592797 -0.254773 3.786015 10.592787 0.254987 -3.785956 -89.776634 -69.738167 89.979286 20.234638 -3e-06 -1e-06 0.010686 -0.0 0.0 0.000704 0.001974 9.712303 25.642761 -18.917786 54.214165 -29.88636 -10.372678 24.530539 0.0 -0.0 0.0 0.0 -0.0 0.0 1.560195 0.375098 -1.406302 -1.574694 -0.339407 -8.296517 0.0 -0.0 0.0 -2.345381 -3.741133 -2.252148 0.0 -0.0 0.0 -8.680352 -3.883042 -3.13835 8.888373 3.355701 -6.015839 0.0 -0.0 0.0 -0.789304 -7.285017 -3.385952 0.0 -0.0 0.0 -12.266362 -6.770043 -3.829185 12.748711 5.779631 -4.507649 0.0 -0.0 0.0 -0.002125 2.297532 1.077113 0.0 -0.0 0.0 -16.653231 -16.879332 -5.818032 18.858604 14.33904 0.985165 0.0 -0.0 0.0 1.68497 -4.635244 -1.805353 0.0 -0.0 0.0 90.181915 -69.738167 89.97924 20.234636 -4e-06 1e-06 0.010699 -0.0 0.0 0.000698 0.001975 9.712301 25.642763 -18.917789 54.214169 -29.886368 -10.372681 24.530539 0.0 -0.0 0.0 0.0 -0.0 0.0 1.562406 0.379639 -1.402784 -1.576997 -0.344016 -8.299985 0.0 -0.0 0.0 -2.344502 -3.741118 -2.25218 0.0 -0.0 0.0 -8.680535 -3.881308 -3.138472 8.888452 3.353951 -6.015964 0.0 -0.0 0.0 -0.789081 -7.285012 -3.385969 0.0 -0.0 0.0 -12.266361 -6.770046 -3.829185 12.748709 5.779632 -4.507646 0.0 -0.0 0.0 -0.001557 2.295775 1.076246 0.0 -0.0 0.0 -16.652988 -16.879618 -5.819845 18.85882 14.338744 0.986972 0.0 -0.0 0.0 1.684433 -4.633524 -1.803554 0.0 -0.0 0.0 -178.745667 -0.0 0.0 3.659674 -0.0 0.0 -73.798668 0.0 0.0 -4.726109 0.08116 0.023582 -0.997327 3.3e-05 1e-06 1.25456 -0.0 0.0 3.659674 -0.0 0.0 -73.798668 3e-06 0.0 -4.726109 0.081185 0.023581 -0.997327 6e-06 2e-06 
0.0 0.0 0.0 0.0 -0.0 0.0 0.0 100.87085 0.0 90.000328 0.190163 90.000328 -0.049287 1e-06 -3e-06 -5.927024 3e-06 -0.0 5.964053 5e-06 0.0 16.829426 1e-05 2e-06 1.052974 2.1e-05 -2e-06 -24.428869 4e-05 -2e-05 -0.0 -7.4e-05 3.1e-05 0.0 7.9e-05 0.0 10.592797 -0.254773 3.786015 10.592787 0.254987 -3.785956 -89.776634 -69.738167 89.979286 20.234638 -3e-06 -1e-06 0.010686 -0.0 0.0 0.000704 0.001974 9.712303 25.642761 -18.917786 54.214165 -29.88636 -10.372678 24.530539 0.0 -0.0 0.0 0.0 -0.0 0.0 1.560195 0.375098 -1.406302 -1.574694 -0.339407 -8.296517 0.0 -0.0 0.0 -2.345381 -3.741133 -2.252148 0.0 -0.0 0.0 -8.680352 -3.883042 -3.13835 8.888373 3.355701 -6.015839 0.0 -0.0 0.0 -0.789304 -7.285017 -3.385952 0.0 -0.0 0.0 -12.266362 -6.770043 -3.829185 12.748711 5.779631 -4.507649 0.0 -0.0 0.0 -0.002125 2.297532 1.077113 0.0 -0.0 0.0 -16.653231 -16.879332 -5.818032 18.858604 14.33904 0.985165 0.0 -0.0 0.0 1.68497 -4.635244 -1.805353 0.0 -0.0 0.0 90.181915 -69.738167 89.97924 20.234636 -4e-06 1e-06 0.010699 -0.0 0.0 0.000698 0.001975 9.712301 25.642763 -18.917789 54.214169 -29.886368 -10.372681 24.530539 0.0 -0.0 0.0 0.0 -0.0 0.0 1.562406 0.379639 -1.402784 -1.576997 -0.344016 -8.299985 0.0 -0.0 0.0 -2.344502 -3.741118 -2.25218 0.0 -0.0 0.0 -8.680535 -3.881308 -3.138472 8.888452 3.353951 -6.015964 0.0 -0.0 0.0 -0.789081 -7.285012 -3.385969 0.0 -0.0 0.0 -12.266361 -6.770046 -3.829185 12.748709 5.779632 -4.507646 0.0 -0.0 0.0 -0.001557 2.295775 1.076246 0.0 -0.0 0.0 -16.652988 -16.879618 -5.819845 18.85882 14.338744 0.986972 0.0 -0.0 0.0 1.684433 -4.633524 -1.803554 0.0 -0.0 0.0 -178.745667 -0.0 0.0 3.659674 -0.0 0.0 -73.798668 0.0 0.0 -4.726109 0.08116 0.023582 -0.997327 3.3e-05 1e-06 1.25456 -0.0 0.0 3.659674 -0.0 0.0 -73.798668 3e-06 0.0 -4.726109 0.081185 0.023581 -0.997327 6e-06 2e-06 
0.0 0.0 0.0 0.0 -0.0 0.0 0.0 100.87085 0.0 90.000328 0.190163 90.000328 -0.049287 1e-06 -3e-06 -5.927024 3e-06 -0.0 5.964053 5e-06 0.0 16.829426 1e-05 2e-06 1.052974 2.1e-05 -2e-06 -24.428869 4e-05 -2e-05 -0.0 -7.4e-05 3.1e-05 0.0 7.9e-05 0.0 10.592797 -0.254773 3.786015 10.592787 0.254987 -3.785956 -89.776634 -69.738167 89.979286 20.234638 -3e-06 -1e-06 0.010686 -0.0 0.0 0.000704 0.001974 9.712303 25.642761 -18.917786 54.214165 -29.88636 -10.372678 24.530539 0.0 -0.0 0.0 0.0 -0.0 0.0 1.560195 0.375098 -1.406302 -1.574694 -0.339407 -8.296517 0.0 -0.0 0.0 -2.345381 -3.741133 -2.252148 0.0 -0.0 0.0 -8.680352 -3.883042 -3.13835 8.888373 3.355701 -6.015839 0.0 -0.0 0.0 -0.789304 -7.285017 -3.385952 0.0 -0.0 0.0 -12.266362 -6.770043 -3.829185 12.748711 5.779631 -4.507649 0.0 -0.0 0.0 -0.002125 2.297532 1.077113 0.0 -0.0 0.0 -16.653231 -16.879332 -5.818032 18.858604 14.33904 0.985165 0.0 -0.0 0.0 1.68497 -4.635244 -1.805353 0.0 -0.0 0.0 90.181915 -69.738167 89.97924 20.234636 -4e-06 1e-06 0.010699 -0.0 0.0 0.000698 0.001975 9.712301 25.642763 -18.917789 54.214169 -29.886368 -10.372681 24.530539 0.0 -0.0 0.0 0.0 -0.0 0.0 1.562406 0.379639 -1.402784 -1.576997 -0.344016 -8.299985 0.0 -0.0 0.0 -2.344502 -3.741118 -2.25218 0.0 -0.0 0.0 -8.680535 -3.881308 -3.138472 8.888452 3.353951 -6.015964 0.0 -0.0 0.0 -0.789081 -7.285012 -3.385969 0.0 -0.0 0.0 -12.266361 -6.770046 -3.829185 12.748709 5.779632 -4.507646 0.0 -0.0 0.0 -0.001557 2.295775 1.076246 0.0 -0.0 0.0 -16.652988 -16.879618 -5.819845 18.85882 14.338744 0.986972 0.0 -0.0 0.0 1.684433 -4.633524 -1.803554 0.0 -0.0 0.0 -178.745667 -0.0 0.0 3.659674 -0.0 0.0 -73.798668 0.0 0.0 -4.726109 0.08116 0.023582 -0.997327 3.3e-05 1e-06 1.25456 -0.0 0.0 3.659674 -0.0 0.0 -73.798668 3e-06 0.0 -4.726109 0.081185 0.023581 -0.997327 6e-06 2e-06 
0.0 0.0 0.0 0.0 -0.0 0.0 0.0 100.87085 0.0 90.000328 0.190163 90.000328 -0.049287 1e-06 -3e-06 -5.927024 3e-06 -0.0 5.964053 5e-06 0.0 16.829426 1e-05 2e-06 1.052974 2.1e-05 -2e-06 -24.428869 4e-05 -2e-05 -0.0 -7.4e-05 3.1e-05 0.0 7.9e-05 0.0 10.592797 -0.254773 3.786015 10.592787 0.254987 -3.785956 -89.776634 -69.738167 89.979286 20.234638 -3e-06 -1e-06 0.010686 -0.0 0.0 0.000704 0.001974 9.712303 25.642761 -18.917786 54.214165 -29.88636 -10.372678 24.530539 0.0 -0.0 0.0 0.0 -0.0 0.0 1.560195 0.375098 -1.406302 -1.574694 -0.339407 -8.296517 0.0 -0.0 0.0 -2.345381 -3.741133 -2.252148 0.0 -0.0 0.0 -8.680352 -3.883042 -3.13835 8.888373 3.355701 -6.015839 0.0 -0.0 0.0 -0.789304 -7.285017 -3.385952 0.0 -0.0 0.0 -12.266362 -6.770043 -3.829185 12.748711 5.779631 -4.507649 0.0 -0.0 0.0 -0.002125 2.297532 1.077113 0.0 -0.0 0.0 -16.653231 -16.879332 -5.818032 18.858604 14.33904 0.985165 0.0 -0.0 0.0 1.68497 -4.635244 -1.805353 0.0 -0.0 0.0 90.181915 -69.738167 89.97924 20.234636 -4e-06 1e-06 0.010699 -0.0 0.0 0.000698 0.001975 9.712301 25.642763 -18.917789 54.214169 -29.886368 -10.372681 24.530539 0.0 -0.0 0.0 0.0 -0.0 0.0 1.562406 0.379639 -1.402784 -1.576997 -0.344016 -8.299985 0.0 -0.0 0.0 -2.344502 -3.741118 -2.25218 0.0 -0.0 0.0 -8.680535 -3.881308 -3.138472 8.888452 3.353951 -6.015964 0.0 -0.0 0.0 -0.789081 -7.285012 -3.385969 0.0 -0.0 0.0 -12.266361 -6.770046 -3.829185 12.748709 5.779632 -4.507646 0.0 -0.0 0.0 -0.001557 2.295775 1.076246 0.0 -0.0 0.0 -16.652988 -16.879618 -5.819845 18.85882 14.338744 0.986972 0.0 -0.0 0.0 1.684433 -4.633524 -1.803554 0.0 -0.0 0.0 -178.745667 -0.0 0.0 3.659674 -0.0 0.0 -73.798668 0.0 0.0 -4.726109 0.08116 0.023582 -0.997327 3.3e-05 1e-06 1.25456 -0.0 0.0 3.659674 -0.0 0.0 -73.798668 3e-06 0.0 -4.726109 0.081185 0.023581 -0.997327 6e-06 2e-06 
0.0 0.0 0.0 0.0 -0.0 0.0 0.0 100.87085 0.0 90.000328 0.190163 90.000328 -0.049287 1e-06 -3e-06 -5.927024 3e-06 -0.0 5.964053 5e-06 0.0 16.829426 1e-05 2e-06 1.052974 2.1e-05 -2e-06 -24.428869 4e-05 -2e-05 -0.0 -7.4e-05 3.1e-05 0.0 7.9e-05 0.0 10.592797 -0.254773 3.786015 10.592787 0.254987 -3.785956 -89.776634 -69.738167 89.979286 20.234638 -3e-06 -1e-06 0.010686 -0.0 0.0 0.000704 0.001974 9.712303 25.642761 -18.917786 54.214165 -29.88636 -10.372678 24.530539 0.0 -0.0 0.0 0.0 -0.0 0.0 1.560195 0.375098 -1.406302 -1.574694 -0.339407 -8.296517 0.0 -0.0 0.0 -2.345381 -3.741133 -2.252148 0.0 -0.0 0.0 -8.680352 -3.883042 -3.13835 8.888373 3.355701 -6.015839 0.0 -0.0 0.0 -0.789304 -7.285017 -3.385952 0.0 -0.0 0.0 -12.266362 -6.770043 -3.829185 12.748711 5.779631 -4.507649 0.0 -0.0 0.0 -0.002125 2.297532 1.077113 0.0 -0.0 0.0 -16.653231 -16.879332 -5.818032 18.858604 14.33904 0.985165 0.0 -0.0 0.0 1.68497 -4.635244 -1.805353 0.0 -0.0 0.0 90.181915 -69.738167 89.97924 20.234636 -4e-06 1e-06 0.010699 -0.0 0.0 0.000698 0.001975 9.712301 25.642763 -18.917789 54.214169 -29.886368 -10.372681 24.530539 0.0 -0.0 0.0 0.0 -0.0 0.0 1.562406 0.379639 -1.402784 -1.576997 -0.344016 -8.299985 0.0 -0.0 0.0 -2.344502 -3.741118 -2.25218 0.0 -0.0 0.0 -8.680535 -3.881308 -3.138472 8.888452 3.353951 -6.015964 0.0 -0.0 0.0 -0.789081 -7.285012 -3.385969 0.0 -0.0 0.0 -12.266361 -6.770046 -3.829185 12.748709 5.779632 -4.507646 0.0 -0.0 0.0 -0.001557 2.295775 1.076246 0.0 -0.0 0.0 -16.652988 -16.879618 -5.819845 18.85882 14.338744 0.986972 0.0 -0.0 0.0 1.684433 -4.633524 -1.803554 0.0 -0.0 0.0 -178.745667 -0.0 0.0 3.659674 -0.0 0.0 -73.798668 0.0 0.0 -4.726109 0.08116 0.023582 -0.997327 3.3e-05 1e-06 1.25456 -0.0 0.0 3.659674 -0.0 0.0 -73.798668 3e-06 0.0 -4.726109 0.081185 0.023581 -0.997327 6e-06 2e-06 
0.0 0.0 0.0 0.0 -0.0 0.0 0.0 100.87085 0.0 90.000328 0.190163 90.000328 -0.049287 1e-06 -3e-06 -5.927024 3e-06 -0.0 5.964053 5e-06 0.0 16.829426 1e-05 2e-06 1.052974 2.1e-05 -2e-06 -24.428869 4e-05 -2e-05 -0.0 -7.4e-05 3.1e-05 0.0 7.9e-05 0.0 10.592797 -0.254773 3.786015 10.592787 0.254987 -3.785956 -89.776634 -69.738167 89.979286 20.234638 -3e-06 -1e-06 0.010686 -0.0 0.0 0.000704 0.001974 9.712303 25.642761 -18.917786 54.214165 -29.88636 -10.372678 24.530539 0.0 -0.0 0.0 0.0 -0.0 0.0 1.560195 0.375098 -1.406302 -1.574694 -0.339407 -8.296517 0.0 -0.0 0.0 -2.345381 -3.741133 -2.252148 0.0 -0.0 0.0 -8.680352 -3.883042 -3.13835 8.888373 3.355701 -6.015839 0.0 -0.0 0.0 -0.789304 -7.285017 -3.385952 0.0 -0.0 0.0 -12.266362 -6.770043 -3.829185 12.748711 5.779631 -4.507649 0.0 -0.0 0.0 -0.002125 2.297532 1.077113 0.0 -0.0 0.0 -16.653231 -16.879332 -5.818032 18.858604 14.33904 0.985165 0.0 -0.0 0.0 1.68497 -4.635244 -1.805353 0.0 -0.0 0.0 90.181915 -69.738167 89.97924 20.234636 -4e-06 1e-06 0.010699 -0.0 0.0 0.000698 0.001975 9.712301 25.642763 -18.917789 54.214169 -29.886368 -10.372681 24.530539 0.0 -0.0 0.0 0.0 -0.0 0.0 1.562406 0.379639 -1.402784 -1.576997 -0.344016 -8.299985 0.0 -0.0 0.0 -2.344502 -3.741118 -2.25218 0.0 -0.0 0.0 -8.680535 -3.881308 -3.138472 8.888452 3.353951 -6.015964 0.0 -0.0 0.0 -0.789081 -7.285012 -3.385969 0.0 -0.0 0.0 -12.266361 -6.770046 -3.829185 12.748709 5.779632 -4.507646 0.0 -0.0 0.0 -0.001557 2.295775 1.076246 0.0 -0.0 0.0 -16.652988 -16.879618 -5.819845 18.85882 14.338744 0.986972 0.0 -0.0 0.0 1.684433 -4.633524 -1.803554 0.0 -0.0 0.0 -178.745667 -0.0 0.0 3.659674 -0.0 0.0 -73.798668 0.0 0.0 -4.726109 0.08116 0.023582 -0.997327 3.3e-05 1e-06 1.25456 -0.0 0.0 3.659674 -0.0 0.0 -73.798668 3e-06 0.0 -4.726109 0.081185 0.023581 -0.997327 6e-06 2e-06 
0.0 0.0 0.0 0.0 -0.0 0.0 0.0 100.87085 0.0 90.000328 0.190163 90.000328 -0.049287 1e-06 -3e-06 -5.927024 3e-06 -0.0 5.964053 5e-06 0.0 16.829426 1e-05 2e-06 1.052974 2.1e-05 -2e-06 -24.428869 4e-05 -2e-05 -0.0 -7.4e-05 3.1e-05 0.0 7.9e-05 0.0 10.592797 -0.254773 3.786015 10.592787 0.254987 -3.785956 -89.776634 -69.738167 89.979286 20.234638 -3e-06 -1e-06 0.010686 -0.0 0.0 0.000704 0.001974 9.712303 25.642761 -18.917786 54.214165 -29.88636 -10.372678 24.530539 0.0 -0.0 0.0 0.0 -0.0 0.0 1.560195 0.375098 -1.406302 -1.574694 -0.339407 -8.296517 0.0 -0.0 0.0 -2.345381 -3.741133 -2.252148 0.0 -0.0 0.0 -8.680352 -3.883042 -3.13835 8.888373 3.355701 -6.015839 0.0 -0.0 0.0 -0.789304 -7.285017 -3.385952 0.0 -0.0 0.0 -12.266362 -6.770043 -3.829185 12.748711 5.779631 -4.507649 0.0 -0.0 0.0 -0.002125 2.297532 1.077113 0.0 -0.0 0.0 -16.653231 -16.879332 -5.818032 18.858604 14.33904 0.985165 0.0 -0.0 0.0 1.68497 -4.635244 -1.805353 0.0 -0.0 0.0 90.181915 -69.738167 89.97924 20.234636 -4e-06 1e-06 0.010699 -0.0 0.0 0.000698 0.001975 9.712301 25.642763 -18.917789 54.214169 -29.886368 -10.372681 24.530539 0.0 -0.0 0.0 0.0 -0.0 0.0 1.562406 0.379639 -1.402784 -1.576997 -0.344016 -8.299985 0.0 -0.0 0.0 -2.344502 -3.741118 -2.25218 0.0 -0.0 0.0 -8.680535 -3.881308 -3.138472 8.888452 3.353951 -6.015964 0.0 -0.0 0.0 -0.789081 -7.285012 -3.385969 0.0 -0.0 0.0 -12.266361 -6.770046 -3.829185 12.748709 5.779632 -4.507646 0.0 -0.0 0.0 -0.001557 2.295775 1.076246 0.0 -0.0 0.0 -16.652988 -16.879618 -5.819845 18.85882 14.338744 0.986972 0.0 -0.0 0.0 1.684433 -4.633524 -1.803554 0.0 -0.0 0.0 -178.745667 -0.0 0.0 3.659674 -0.0 0.0 -73.798668 0.0 0.0 -4.726109 0.08116 0.023582 -0.997327 3.3e-05 1e-06 1.25456 -0.0 0.0 3.659674 -0.0 0.0 -73.798668 3e-06 0.0 -4.726109 0.081185 0.023581 -0.997327 6e-06 2e-06 
0.0 0.0 0.0 0.0 -0.0 0.0 0.0 100.87085 0.0 90.000328 0.190163 90.000328 -0.049287 1e-06 -3e-06 -5.927024 3e-06 -0.0 5.964053 5e-06 0.0 16.829426 1e-05 2e-06 1.052974 2.1e-05 -2e-06 -24.428869 4e-05 -2e-05 -0.0 -7.4e-05 3.1e-05 0.0 7.9e-05 0.0 10.592797 -0.254773 3.786015 10.592787 0.254987 -3.785956 -89.776634 -69.738167 89.979286 20.234638 -3e-06 -1e-06 0.010686 -0.0 0.0 0.000704 0.001974 9.712303 25.642761 -18.917786 54.214165 -29.88636 -10.372678 24.530539 0.0 -0.0 0.0 0.0 -0.0 0.0 1.560195 0.375098 -1.406302 -1.574694 -0.339407 -8.296517 0.0 -0.0 0.0 -2.345381 -3.741133 -2.252148 0.0 -0.0 0.0 -8.680352 -3.883042 -3.13835 8.888373 3.355701 -6.015839 0.0 -0.0 0.0 -0.789304 -7.285017 -3.385952 0.0 -0.0 0.0 -12.266362 -6.770043 -3.829185 12.748711 5.779631 -4.507649 0.0 -0.0 0.0 -0.002125 2.297532 1.077113 0.0 -0.0 0.0 -16.653231 -16.879332 -5.818032 18.858604 14.33904 0.985165 0.0 -0.0 0.0 1.68497 -4.635244 -1.805353 0.0 -0.0 0.0 90.181915 -69.738167 89.97924 20.234636 -4e-06 1e-06 0.010699 -0.0 0.0 0.000698 0.001975 9.712301 25.642763 -18.917789 54.214169 -29.886368 -10.372681 24.530539 0.0 -0.0 0.0 0.0 -0.0 0.0 1.562406 0.379639 -1.402784 -1.576997 -0.344016 -8.299985 0.0 -0.0 0.0 -2.344502 -3.741118 -2.25218 0.0 -0.0 0.0 -8.680535 -3.881308 -3.138472 8.888452 3.353951 -6.015964 0.0 -0.0 0.0 -0.789081 -7.285012 -3.385969 0.0 -0.0 0.0 -12.266361 -6.770046 -3.829185 12.748709 5.779632 -4.507646 0.0 -0.0 0.0 -0.001557 2.295775 1.076246 0.0 -0.0 0.0 -16.652988 -16.879618 -5.819845 18.85882 14.338744 0.986972 0.0 -0.0 0.0 1.684433 -4.633524 -1.803554 0.0 -0.0 0.0 -178.745667 -0.0 0.0 3.659674 -0.0 0.0 -73.798668 0.0 0.0 -4.726109 0.08116 0.023582 -0.997327 3.3e-05 1e-06 1.25456 -0.0 0.0 3.659674 -0.0 0.0 -73.798668 3e-06 0.0 -4.726109 0.081185 0.023581 -0.997327 6e-06 2e-06 
0.0 0.0 0.0 0.0 -0.0 0.0 0.0 100.87085 0.0 90.000328 0.190163 90.000328 -0.049287 1e-06 -3e-06 -5.927024 3e-06 -0.0 5.964053 5e-06 0.0 16.829426 1e-05 2e-06 1.052974 2.1e-05 -2e-06 -24.428869 4e-05 -2e-05 -0.0 -7.4e-05 3.1e-05 0.0 7.9e-05 0.0 10.592797 -0.254773 3.786015 10.592787 0.254987 -3.785956 -89.776634 -69.738167 89.979286 20.234638 -3e-06 -1e-06 0.010686 -0.0 0.0 0.000704 0.001974 9.712303 25.642761 -18.917786 54.214165 -29.88636 -10.372678 24.530539 0.0 -0.0 0.0 0.0 -0.0 0.0 1.560195 0.375098 -1.406302 -1.574694 -0.339407 -8.296517 0.0 -0.0 0.0 -2.345381 -3.741133 -2.252148 0.0 -0.0 0.0 -8.680352 -3.883042 -3.13835 8.888373 3.355701 -6.015839 0.0 -0.0 0.0 -0.789304 -7.285017 -3.385952 0.0 -0.0 0.0 -12.266362 -6.770043 -3.829185 12.748711 5.779631 -4.507649 0.0 -0.0 0.0 -0.002125 2.297532 1.077113 0.0 -0.0 0.0 -16.653231 -16.879332 -5.818032 18.858604 14.33904 0.985165 0.0 -0.0 0.0 1.68497 -4.635244 -1.805353 0.0 -0.0 0.0 90.181915 -69.738167 89.97924 20.234636 -4e-06 1e-06 0.010699 -0.0 0.0 0.000698 0.001975 9.712301 25.642763 -18.917789 54.214169 -29.886368 -10.372681 24.530539 0.0 -0.0 0.0 0.0 -0.0 0.0 1.562406 0.379639 -1.402784 -1.576997 -0.344016 -8.299985 0.0 -0.0 0.0 -2.344502 -3.741118 -2.25218 0.0 -0.0 0.0 -8.680535 -3.881308 -3.138472 8.888452 3.353951 -6.015964 0.0 -0.0 0.0 -0.789081 -7.285012 -3.385969 0.0 -0.0 0.0 -12.266361 -6.770046 -3.829185 12.748709 5.779632 -4.507646 0.0 -0.0 0.0 -0.001557 2.295775 1.076246 0.0 -0.0 0.0 -16.652988 -16.879618 -5.819845 18.85882 14.338744 0.986972 0.0 -0.0 0.0 1.684433 -4.633524 -1.803554 0.0 -0.0 0.0 -178.745667 -0.0 0.0 3.659674 -0.0 0.0 -73.798668 0.0 0.0 -4.726109 0.08116 0.023582 -0.997327 3.3e-05 1e-06 1.25456 -0.0 0.0 3.659674 -0.0 0.0 -73.798668 3e-06 0.0 -4.726109 0.081185 0.023581 -0.997327 6e-06 2e-06 
0.0 0.0 0.0 0.0 -0.0 0.0 0.0 100.87085 0.0 90.000328 0.190163 90.000328 -0.049287 1e-06 -3e-06 -5.927024 3e-06 -0.0 5.964053 5e-06 0.0 16.829426 1e-05 2e-06 1.052974 2.1e-05 -2e-06 -24.428869 4e-05 -2e-05 -0.0 -7.4e-05 3.1e-05 0.0 7.9e-05 0.0 10.592797 -0.254773 3.786015 10.592787 0.254987 -3.785956 -89.776634 -69.738167 89.979286 20.234638 -3e-06 -1e-06 0.010686 -0.0 0.0 0.000704 0.001974 9.712303 25.642761 -18.917786 54.214165 -29.88636 -10.372678 24.530539 0.0 -0.0 0.0 0.0 -0.0 0.0 1.560195 0.375098 -1.406302 -1.574694 -0.339407 -8.296517 0.0 -0.0 0.0 -2.345381 -3.741133 -2.252148 0.0 -0.0 0.0 -8.680352 -3.883042 -3.13835 8.888373 3.355701 -6.015839 0.0 -0.0 0.0 -0.789304 -7.285017 -3.385952 0.0 -0.0 0.0 -12.266362 -6.770043 -3.829185 12.748711 5.779631 -4.507649 0.0 -0.0 0.0 -0.002125 2.297532 1.077113 0.0 -0.0 0.0 -16.653231 -16.879332 -5.818032 18.858604 14.33904 0.985165 0.0 -0.0 0.0 1.68497 -4.635244 -1.805353 0.0 -0.0 0.0 90.181915 -69.738167 89.97924 20.234636 -4e-06 1e-06 0.010699 -0.0 0.0 0.000698 0.001975 9.712301 25.642763 -18.917789 54.214169 -29.886368 -10.372681 24.530539 0.0 -0.0 0.0 0.0 -0.0 0.0 1.562406 0.379639 -1.402784 -1.576997 -0.344016 -8.299985 0.0 -0.0 0.0 -2.344502 -3.741118 -2.25218 0.0 -0.0 0.0 -8.680535 -3.881308 -3.138472 8.888452 3.353951 -6.015964 0.0 -0.0 0.0 -0.789081 -7.285012 -3.385969 0.0 -0.0 0.0 -12.266361 -6.770046 -3.829185 12.748709 5.779632 -4.507646 0.0 -0.0 0.0 -0.001557 2.295775 1.076246 0.0 -0.0 0.0 -16.652988 -16.879618 -5.819845 18.85882 14.338744 0.986972 0.0 -0.0 0.0 1.684433 -4.633524 -1.803554 0.0 -0.0 0.0 -178.745667 -0.0 0.0 3.659674 -0.0 0.0 -73.798668 0.0 0.0 -4.726109 0.08116 0.023582 -0.997327 3.3e-05 1e-06 1.25456 -0.0 0.0 3.659674 -0.0 0.0 -73.798668 3e-06 0.0 -4.726109 0.081185 0.023581 -0.997327 6e-06 2e-06 
0.0 0.0 0.0 0.0 -0.0 0.0 0.0 100.87085 0.0 90.000328 0.190163 90.000328 -0.049287 1e-06 -3e-06 -5.927024 3e-06 -0.0 5.964053 5e-06 0.0 16.829426 1e-05 2e-06 1.052974 2.1e-05 -2e-06 -24.428869 4e-05 -2e-05 -0.0 -7.4e-05 3.1e-05 0.0 7.9e-05 0.0 10.592797 -0.254773 3.786015 10.592787 0.254987 -3.785956 -89.776634 -69.738167 89.979286 20.234638 -3e-06 -1e-06 0.010686 -0.0 0.0 0.000704 0.001974 9.712303 25.642761 -18.917786 54.214165 -29.88636 -10.372678 24.530539 0.0 -0.0 0.0 0.0 -0.0 0.0 1.560195 0.375098 -1.406302 -1.574694 -0.339407 -8.296517 0.0 -0.0 0.0 -2.345381 -3.741133 -2.252148 0.0 -0.0 0.0 -8.680352 -3.883042 -3.13835 8.888373 3.355701 -6.015839 0.0 -0.0 0.0 -0.789304 -7.285017 -3.385952 0.0 -0.0 0.0 -12.266362 -6.770043 -3.829185 12.748711 5.779631 -4.507649 0.0 -0.0 0.0 -0.002125 2.297532 1.077113 0.0 -0.0 0.0 -16.653231 -16.879332 -5.818032 18.858604 14.33904 0.985165 0.0 -0.0 0.0 1.68497 -4.635244 -1.805353 0.0 -0.0 0.0 90.181915 -69.738167 89.97924 20.234636 -4e-06 1e-06 0.010699 -0.0 0.0 0.000698 0.001975 9.712301 25.642763 -18.917789 54.214169 -29.886368 -10.372681 24.530539 0.0 -0.0 0.0 0.0 -0.0 0.0 1.562406 0.379639 -1.402784 -1.576997 -0.344016 -8.299985 0.0 -0.0 0.0 -2.344502 -3.741118 -2.25218 0.0 -0.0 0.0 -8.680535 -3.881308 -3.138472 8.888452 3.353951 -6.015964 0.0 -0.0 0.0 -0.789081 -7.285012 -3.385969 0.0 -0.0 0.0 -12.266361 -6.770046 -3.829185 12.748709 5.779632 -4.507646 0.0 -0.0 0.0 -0.001557 2.295775 1.076246 0.0 -0.0 0.0 -16.652988 -16.879618 -5.819845 18.85882 14.338744 0.986972 0.0 -0.0 0.0 1.684433 -4.633524 -1.803554 0.0 -0.0 0.0 -178.745667 -0.0 0.0 3.659674 -0.0 0.0 -73.798668 0.0 0.0 -4.726109 0.08116 0.023582 -0.997327 3.3e-05 1e-06 1.25456 -0.0 0.0 3.659674 -0.0 0.0 -73.798668 3e-06 0.0 -4.726109 0.081185 0.023581 -0.997327 6e-06 2e-06 
0.0 0.0 0.0 0.0 -0.0 0.0 0.0 100.87085 0.0 90.000328 0.190163 90.000328 -0.049287 1e-06 -3e-06 -5.927024 3e-06 -0.0 5.964053 5e-06 0.0 16.829426 1e-05 2e-06 1.052974 2.1e-05 -2e-06 -24.428869 4e-05 -2e-05 -0.0 -7.4e-05 3.1e-05 0.0 7.9e-05 0.0 10.592797 -0.254773 3.786015 10.592787 0.254987 -3.785956 -89.776634 -69.738167 89.979286 20.234638 -3e-06 -1e-06 0.010686 -0.0 0.0 0.000704 0.001974 9.712303 25.642761 -18.917786 54.214165 -29.88636 -10.372678 24.530539 0.0 -0.0 0.0 0.0 -0.0 0.0 1.560195 0.375098 -1.406302 -1.574694 -0.339407 -8.296517 0.0 -0.0 0.0 -2.345381 -3.741133 -2.252148 0.0 -0.0 0.0 -8.680352 -3.883042 -3.13835 8.888373 3.355701 -6.015839 0.0 -0.0 0.0 -0.789304 -7.285017 -3.385952 0.0 -0.0 0.0 -12.266362 -6.770043 -3.829185 12.748711 5.779631 -4.507649 0.0 -0.0 0.0 -0.002125 2.297532 1.077113 0.0 -0.0 0.0 -16.653231 -16.879332 -5.818032 18.858604 14.33904 0.985165 0.0 -0.0 0.0 1.68497 -4.635244 -1.805353 0.0 -0.0 0.0 90.181915 -69.738167 89.97924 20.234636 -4e-06 1e-06 0.010699 -0.0 0.0 0.000698 0.001975 9.712301 25.642763 -18.917789 54.214169 -29.886368 -10.372681 24.530539 0.0 -0.0 0.0 0.0 -0.0 0.0 1.562406 0.379639 -1.402784 -1.576997 -0.344016 -8.299985 0.0 -0.0 0.0 -2.344502 -3.741118 -2.25218 0.0 -0.0 0.0 -8.680535 -3.881308 -3.138472 8.888452 3.353951 -6.015964 0.0 -0.0 0.0 -0.789081 -7.285012 -3.385969 0.0 -0.0 0.0 -12.266361 -6.770046 -3.829185 12.748709 5.779632 -4.507646 0.0 -0.0 0.0 -0.001557 2.295775 1.076246 0.0 -0.0 0.0 -16.652988 -16.879618 -5.819845 18.85882 14.338744 0.986972 0.0 -0.0 0.0 1.684433 -4.633524 -1.803554 0.0 -0.0 0.0 -178.745667 -0.0 0.0 3.659674 -0.0 0.0 -73.798668 0.0 0.0 -4.726109 0.08116 0.023582 -0.997327 3.3e-05 1e-06 1.25456 -0.0 0.0 3.659674 -0.0 0.0 -73.798668 3e-06 0.0 -4.726109 0.081185 0.023581 -0.997327 6e-06 2e-06 
0.0 0.0 0.0 0.0 -0.0 0.0 0.0 100.87085 0.0 90.000328 0.190163 90.000328 -0.049287 1e-06 -3e-06 -5.927024 3e-06 -0.0 5.964053 5e-06 0.0 16.829426 1e-05 2e-06 1.052974 2.1e-05 -2e-06 -24.428869 4e-05 -2e-05 -0.0 -7.4e-05 3.1e-05 0.0 7.9e-05 0.0 10.592797 -0.254773 3.786015 10.592787 0.254987 -3.785956 -89.776634 -69.738167 89.979286 20.234638 -3e-06 -1e-06 0.010686 -0.0 0.0 0.000704 0.001974 9.712303 25.642761 -18.917786 54.214165 -29.88636 -10.372678 24.530539 0.0 -0.0 0.0 0.0 -0.0 0.0 1.560195 0.375098 -1.406302 -1.574694 -0.339407 -8.296517 0.0 -0.0 0.0 -2.345381 -3.741133 -2.252148 0.0 -0.0 0.0 -8.680352 -3.883042 -3.13835 8.888373 3.355701 -6.015839 0.0 -0.0 0.0 -0.789304 -7.285017 -3.385952 0.0 -0.0 0.0 -12.266362 -6.770043 -3.829185 12.748711 5.779631 -4.507649 0.0 -0.0 0.0 -0.002125 2.297532 1.077113 0.0 -0.0 0.0 -16.653231 -16.879332 -5.818032 18.858604 14.33904 0.985165 0.0 -0.0 0.0 1.68497 -4.635244 -1.805353 0.0 -0.0 0.0 90.181915 -69.738167 89.97924 20.234636 -4e-06 1e-06 0.010699 -0.0 0.0 0.000698 0.001975 9.712301 25.642763 -18.917789 54.214169 -29.886368 -10.372681 24.530539 0.0 -0.0 0.0 0.0 -0.0 0.0 1.562406 0.379639 -1.402784 -1.576997 -0.344016 -8.299985 0.0 -0.0 0.0 -2.344502 -3.741118 -2.25218 0.0 -0.0 0.0 -8.680535 -3.881308 -3.138472 8.888452 3.353951 -6.015964 0.0 -0.0 0.0 -0.789081 -7.285012 -3.385969 0.0 -0.0 0.0 -12.266361 -6.770046 -3.829185 12.748709 5.779632 -4.507646 0.0 -0.0 0.0 -0.001557 2.295775 1.076246 0.0 -0.0 0.0 -16.652988 -16.879618 -5.819845 18.85882 14.338744 0.986972 0.0 -0.0 0.0 1.684433 -4.633524 -1.803554 0.0 -0.0 0.0 -178.745667 -0.0 0.0 3.659674 -0.0 0.0 -73.798668 0.0 0.0 -4.726109 0.08116 0.023582 -0.997327 3.3e-05 1e-06 1.25456 -0.0 0.0 3.659674 -0.0 0.0 -73.798668 3e-06 0.0 -4.726109 0.081185 0.023581 -0.997327 6e-06 2e-06 
0.0 0.0 0.0 0.0 -0.0 0.0 0.0 100.87085 0.0 90.000328 0.190163 90.000328 -0.049287 1e-06 -3e-06 -5.927024 3e-06 -0.0 5.964053 5e-06 0.0 16.829426 1e-05 2e-06 1.052974 2.1e-05 -2e-06 -24.428869 4e-05 -2e-05 -0.0 -7.4e-05 3.1e-05 0.0 7.9e-05 0.0 10.592797 -0.254773 3.786015 10.592787 0.254987 -3.785956 -89.776634 -69.738167 89.979286 20.234638 -3e-06 -1e-06 0.010686 -0.0 0.0 0.000704 0.001974 9.712303 25.642761 -18.917786 54.214165 -29.88636 -10.372678 24.530539 0.0 -0.0 0.0 0.0 -0.0 0.0 1.560195 0.375098 -1.406302 -1.574694 -0.339407 -8.296517 0.0 -0.0 0.0 -2.345381 -3.741133 -2.252148 0.0 -0.0 0.0 -8.680352 -3.883042 -3.13835 8.888373 3.355701 -6.015839 0.0 -0.0 0.0 -0.789304 -7.285017 -3.385952 0.0 -0.0 0.0 -12.266362 -6.770043 -3.829185 12.748711 5.779631 -4.507649 0.0 -0.0 0.0 -0.002125 2.297532 1.077113 0.0 -0.0 0.0 -16.653231 -16.879332 -5.818032 18.858604 14.33904 0.985165 0.0 -0.0 0.0 1.68497 -4.635244 -1.805353 0.0 -0.0 0.0 90.181915 -69.738167 89.97924 20.234636 -4e-06 1e-06 0.010699 -0.0 0.0 0.000698 0.001975 9.712301 25.642763 -18.917789 54.214169 -29.886368 -10.372681 24.530539 0.0 -0.0 0.0 0.0 -0.0 0.0 1.562406 0.379639 -1.402784 -1.576997 -0.344016 -8.299985 0.0 -0.0 0.0 -2.344502 -3.741118 -2.25218 0.0 -0.0 0.0 -8.680535 -3.881308 -3.138472 8.888452 3.353951 -6.015964 0.0 -0.0 0.0 -0.789081 -7.285012 -3.385969 0.0 -0.0 0.0 -12.266361 -6.770046 -3.829185 12.748709 5.779632 -4.507646 0.0 -0.0 0.0 -0.001557 2.295775 1.076246 0.0 -0.0 0.0 -16.652988 -16.879618 -5.819845 18.85882 14.338744 0.986972 0.0 -0.0 0.0 1.684433 -4.633524 -1.803554 0.0 -0.0 0.0 -178.745667 -0.0 0.0 3.659674 -0.0 0.0 -73.798668 0.0 0.0 -4.726109 0.08116 0.023582 -0.997327 3.3e-05 1e-06 1.25456 -0.0 0.0 3.659674 -0.0 0.0 -73.798668 3e-06 0.0 -4.726109 0.081185 0.023581 -0.997327 6e-06 2e-06 
0.0 0.0 0.0 0.0 -0.0 0.0 0.0 100.87085 0.0 90.000328 0.190163 90.000328 -0.049287 1e-06 -3e-06 -5.927024 3e-06 -0.0 5.964053 5e-06 0.0 16.829426 1e-05 2e-06 1.052974 2.1e-05 -2e-06 -24.428869 4e-05 -2e-05 -0.0 -7.4e-05 3.1e-05 0.0 7.9e-05 0.0 10.592797 -0.254773 3.786015 10.592787 0.254987 -3.785956 -89.776634 -69.738167 89.979286 20.234638 -3e-06 -1e-06 0.010686 -0.0 0.0 0.000704 0.001974 9.712303 25.642761 -18.917786 54.214165 -29.88636 -10.372678 24.530539 0.0 -0.0 0.0 0.0 -0.0 0.0 1.560195 0.375098 -1.406302 -1.574694 -0.339407 -8.296517 0.0 -0.0 0.0 -2.345381 -3.741133 -2.252148 0.0 -0.0 0.0 -8.680352 -3.883042 -3.13835 8.888373 3.355701 -6.015839 0.0 -0.0 0.0 -0.789304 -7.285017 -3.385952 0.0 -0.0 0.0 -12.266362 -6.770043 -3.829185 12.748711 5.779631 -4.507649 0.0 -0.0 0.0 -0.002125 2.297532 1.077113 0.0 -0.0 0.0 -16.653231 -16.879332 -5.818032 18.858604 14.33904 0.985165 0.0 -0.0 0.0 1.68497 -4.635244 -1.805353 0.0 -0.0 0.0 90.181915 -69.738167 89.97924 20.234636 -4e-06 1e-06 0.010699 -0.0 0.0 0.000698 0.001975 9.712301 25.642763 -18.917789 54.214169 -29.886368 -10.372681 24.530539 0.0 -0.0 0.0 0.0 -0.0 0.0 1.562406 0.379639 -1.402784 -1.576997 -0.344016 -8.299985 0.0 -0.0 0.0 -2.344502 -3.741118 -2.25218 0.0 -0.0 0.0 -8.680535 -3.881308 -3.138472 8.888452 3.353951 -6.015964 0.0 -0.0 0.0 -0.789081 -7.285012 -3.385969 0.0 -0.0 0.0 -12.266361 -6.770046 -3.829185 12.748709 5.779632 -4.507646 0.0 -0.0 0.0 -0.001557 2.295775 1.076246 0.0 -0.0 0.0 -16.652988 -16.879618 -5.819845 18.85882 14.338744 0.986972 0.0 -0.0 0.0 1.684433 -4.633524 -1.803554 0.0 -0.0 0.0 -178.745667 -0.0 0.0 3.659674 -0.0 0.0 -73.798668 0.0 0.0 -4.726109 0.08116 0.023582 -0.997327 3.3e-05 1e-06 1.25456 -0.0 0.0 3.659674 -0.0 0.0 -73.798668 3e-06 0.0 -4.726109 0.081185 0.023581 -0.997327 6e-06 2e-06 
0.0 0.0 0.0 0.0 -0.0 0.0 0.0 100.87085 0.0 90.000328 0.190163 90.000328 -0.049287 1e-06 -3e-06 -5.927024 3e-06 -0.0 5.964053 5e-06 0.0 16.829426 1e-05 2e-06 1.052974 2.1e-05 -2e-06 -24.428869 4e-05 -2e-05 -0.0 -7.4e-05 3.1e-05 0.0 7.9e-05 0.0 10.592797 -0.254773 3.786015 10.592787 0.254987 -3.785956 -89.776634 -69.738167 89.979286 20.234638 -3e-06 -1e-06 0.010686 -0.0 0.0 0.000704 0.001974 9.712303 25.642761 -18.917786 54.214165 -29.88636 -10.372678 24.530539 0.0 -0.0 0.0 0.0 -0.0 0.0 1.560195 0.375098 -1.406302 -1.574694 -0.339407 -8.296517 0.0 -0.0 0.0 -2.345381 -3.741133 -2.252148 0.0 -0.0 0.0 -8.680352 -3.883042 -3.13835 8.888373 3.355701 -6.015839 0.0 -0.0 0.0 -0.789304 -7.285017 -3.385952 0.0 -0.0 0.0 -12.266362 -6.770043 -3.829185 12.748711 5.779631 -4.507649 0.0 -0.0 0.0 -0.002125 2.297532 1.077113 0.0 -0.0 0.0 -16.653231 -16.879332 -5.818032 18.858604 14.33904 0.985165 0.0 -0.0 0.0 1.68497 -4.635244 -1.805353 0.0 -0.0 0.0 90.181915 -69.738167 89.97924 20.234636 -4e-06 1e-06 0.010699 -0.0 0.0 0.000698 0.001975 9.712301 25.642763 -18.917789 54.214169 -29.886368 -10.372681 24.530539 0.0 -0.0 0.0 0.0 -0.0 0.0 1.562406 0.379639 -1.402784 -1.576997 -0.344016 -8.299985 0.0 -0.0 0.0 -2.344502 -3.741118 -2.25218 0.0 -0.0 0.0 -8.680535 -3.881308 -3.138472 8.888452 3.353951 -6.015964 0.0 -0.0 0.0 -0.789081 -7.285012 -3.385969 0.0 -0.0 0.0 -12.266361 -6.770046 -3.829185 12.748709 5.779632 -4.507646 0.0 -0.0 0.0 -0.001557 2.295775 1.076246 0.0 -0.0 0.0 -16.652988 -16.879618 -5.819845 18.85882 14.338744 0.986972 0.0 -0.0 0.0 1.684433 -4.633524 -1.803554 0.0 -0.0 0.0 -178.745667 -0.0 0.0 3.659674 -0.0 0.0 -73.798668 0.0 0.0 -4.726109 0.08116 0.023582 -0.997327 3.3e-05 1e-06 1.25456 -0.0 0.0 3.659674 -0.0 0.0 -73.798668 3e-06 0.0 -4.726109 0.081185 0.023581 -0.997327 6e-06 2e-06 
0.0 0.0 0.0 0.0 -0.0 0.0 0.0 100.87085 0.0 90.000328 0.190163 90.000328 -0.049287 1e-06 -3e-06 -5.927024 3e-06 -0.0 5.964053 5e-06 0.0 16.829426 1e-05 2e-06 1.052974 2.1e-05 -2e-06 -24.428869 4e-05 -2e-05 -0.0 -7.4e-05 3.1e-05 0.0 7.9e-05 0.0 10.592797 -0.254773 3.786015 10.592787 0.254987 -3.785956 -89.776634 -69.738167 89.979286 20.234638 -3e-06 -1e-06 0.010686 -0.0 0.0 0.000704 0.001974 9.712303 25.642761 -18.917786 54.214165 -29.88636 -10.372678 24.530539 0.0 -0.0 0.0 0.0 -0.0 0.0 1.560195 0.375098 -1.406302 -1.574694 -0.339407 -8.296517 0.0 -0.0 0.0 -2.345381 -3.741133 -2.252148 0.0 -0.0 0.0 -8.680352 -3.883042 -3.13835 8.888373 3.355701 -6.015839 0.0 -0.0 0.0 -0.789304 -7.285017 -3.385952 0.0 -0.0 0.0 -12.266362 -6.770043 -3.829185 12.748711 5.779631 -4.507649 0.0 -0.0 0.0 -0.002125 2.297532 1.077113 0.0 -0.0 0.0 -16.653231 -16.879332 -5.818032 18.858604 14.33904 0.985165 0.0 -0.0 0.0 1.68497 -4.635244 -1.805353 0.0 -0.0 0.0 90.181915 -69.738167 89.97924 20.234636 -4e-06 1e-06 0.010699 -0.0 0.0 0.000698 0.001975 9.712301 25.642763 -18.917789 54.214169 -29.886368 -10.372681 24.530539 0.0 -0.0 0.0 0.0 -0.0 0.0 1.562406 0.379639 -1.402784 -1.576997 -0.344016 -8.299985 0.0 -0.0 0.0 -2.344502 -3.741118 -2.25218 0.0 -0.0 0.0 -8.680535 -3.881308 -3.138472 8.888452 3.353951 -6.015964 0.0 -0.0 0.0 -0.789081 -7.285012 -3.385969 0.0 -0.0 0.0 -12.266361 -6.770046 -3.829185 12.748709 5.779632 -4.507646 0.0 -0.0 0.0 -0.001557 2.295775 1.076246 0.0 -0.0 0.0 -16.652988 -16.879618 -5.819845 18.85882 14.338744 0.986972 0.0 -0.0 0.0 1.684433 -4.633524 -1.803554 0.0 -0.0 0.0 -178.745667 -0.0 0.0 3.659674 -0.0 0.0 -73.798668 0.0 0.0 -4.726109 0.08116 0.023582 -0.997327 3.3e-05 1e-06 1.25456 -0.0 0.0 3.659674 -0.0 0.0 -73.798668 3e-06 0.0 -4.726109 0.081185 0.023581 -0.997327 6e-06 2e-06 
0.0 0.0 0.0 0.0 -0.0 0.0 0.0 100.87085 0.0 90.000328 0.190163 90.000328 -0.049287 1e-06 -3e-06 -5.927024 3e-06 -0.0 5.964053 5e-06 0.0 16.829426 1e-05 2e-06 1.052974 2.1e-05 -2e-06 -24.428869 4e-05 -2e-05 -0.0 -7.4e-05 3.1e-05 0.0 7.9e-05 0.0 10.592797 -0.254773 3.786015 10.592787 0.254987 -3.785956 -89.776634 -69.738167 89.979286 20.234638 -3e-06 -1e-06 0.010686 -0.0 0.0 0.000704 0.001974 9.712303 25.642761 -18.917786 54.214165 -29.88636 -10.372678 24.530539 0.0 -0.0 0.0 0.0 -0.0 0.0 1.560195 0.375098 -1.406302 -1.574694 -0.339407 -8.296517 0.0 -0.0 0.0 -2.345381 -3.741133 -2.252148 0.0 -0.0 0.0 -8.680352 -3.883042 -3.13835 8.888373 3.355701 -6.015839 0.0 -0.0 0.0 -0.789304 -7.285017 -3.385952 0.0 -0.0 0.0 -12.266362 -6.770043 -3.829185 12.748711 5.779631 -4.507649 0.0 -0.0 0.0 -0.002125 2.297532 1.077113 0.0 -0.0 0.0 -16.653231 -16.879332 -5.818032 18.858604 14.33904 0.985165 0.0 -0.0 0.0 1.68497 -4.635244 -1.805353 0.0 -0.0 0.0 90.181915 -69.738167 89.97924 20.234636 -4e-06 1e-06 0.010699 -0.0 0.0 0.000698 0.001975 9.712301 25.642763 -18.917789 54.214169 -29.886368 -10.372681 24.530539 0.0 -0.0 0.0 0.0 -0.0 0.0 1.562406 0.379639 -1.402784 -1.576997 -0.344016 -8.299985 0.0 -0.0 0.0 -2.344502 -3.741118 -2.25218 0.0 -0.0 0.0 -8.680535 -3.881308 -3.138472 8.888452 3.353951 -6.015964 0.0 -0.0 0.0 -0.789081 -7.285012 -3.385969 0.0 -0.0 0.0 -12.266361 -6.770046 -3.829185 12.748709 5.779632 -4.507646 0.0 -0.0 0.0 -0.001557 2.295775 1.076246 0.0 -0.0 0.0 -16.652988 -16.879618 -5.819845 18.85882 14.338744 0.986972 0.0 -0.0 0.0 1.684433 -4.633524 -1.803554 0.0 -0.0 0.0 -178.745667 -0.0 0.0 3.659674 -0.0 0.0 -73.798668 0.0 0.0 -4.726109 0.08116 0.023582 -0.997327 3.3e-05 1e-06 1.25456 -0.0 0.0 3.659674 -0.0 0.0 -73.798668 3e-06 0.0 -4.726109 0.081185 0.023581 -0.997327 6e-06 2e-06 
0.0 0.0 0.0 0.0 -0.0 0.0 0.0 100.87085 0.0 90.000328 0.190163 90.000328 -0.049287 1e-06 -3e-06 -5.927024 3e-06 -0.0 5.964053 5e-06 0.0 16.829426 1e-05 2e-06 1.052974 2.1e-05 -2e-06 -24.428869 4e-05 -2e-05 -0.0 -7.4e-05 3.1e-05 0.0 7.9e-05 0.0 10.592797 -0.254773 3.786015 10.592787 0.254987 -3.785956 -89.776634 -69.738167 89.979286 20.234638 -3e-06 -1e-06 0.010686 -0.0 0.0 0.000704 0.001974 9.712303 25.642761 -18.917786 54.214165 -29.88636 -10.372678 24.530539 0.0 -0.0 0.0 0.0 -0.0 0.0 1.560195 0.375098 -1.406302 -1.574694 -0.339407 -8.296517 0.0 -0.0 0.0 -2.345381 -3.741133 -2.252148 0.0 -0.0 0.0 -8.680352 -3.883042 -3.13835 8.888373 3.355701 -6.015839 0.0 -0.0 0.0 -0.789304 -7.285017 -3.385952 0.0 -0.0 0.0 -12.266362 -6.770043 -3.829185 12.748711 5.779631 -4.507649 0.0 -0.0 0.0 -0.002125 2.297532 1.077113 0.0 -0.0 0.0 -16.653231 -16.879332 -5.818032 18.858604 14.33904 0.985165 0.0 -0.0 0.0 1.68497 -4.635244 -1.805353 0.0 -0.0 0.0 90.181915 -69.738167 89.97924 20.234636 -4e-06 1e-06 0.010699 -0.0 0.0 0.000698 0.001975 9.712301 25.642763 -18.917789 54.214169 -29.886368 -10.372681 24.530539 0.0 -0.0 0.0 0.0 -0.0 0.0 1.562406 0.379639 -1.402784 -1.576997 -0.344016 -8.299985 0.0 -0.0 0.0 -2.344502 -3.741118 -2.25218 0.0 -0.0 0.0 -8.680535 -3.881308 -3.138472 8.888452 3.353951 -6.015964 0.0 -0.0 0.0 -0.789081 -7.285012 -3.385969 0.0 -0.0 0.0 -12.266361 -6.770046 -3.829185 12.748709 5.779632 -4.507646 0.0 -0.0 0.0 -0.001557 2.295775 1.076246 0.0 -0.0 0.0 -16.652988 -16.879618 -5.819845 18.85882 14.338744 0.986972 0.0 -0.0 0.0 1.684433 -4.633524 -1.803554 0.0 -0.0 0.0 -178.745667 -0.0 0.0 3.659674 -0.0 0.0 -73.798668 0.0 0.0 -4.726109 0.08116 0.023582 -0.997327 3.3e-05 1e-06 1.25456 -0.0 0.0 3.659674 -0.0 0.0 -73.798668 3e-06 0.0 -4.726109 0.081185 0.023581 -0.997327 6e-06 2e-06 
0.0 0.0 0.0 0.0 -0.0 0.0 0.0 100.87085 0.0 90.000328 0.190163 90.000328 -0.049287 1e-06 -3e-06 -5.927024 3e-06 -0.0 5.964053 5e-06 0.0 16.829426 1e-05 2e-06 1.052974 2.1e-05 -2e-06 -24.428869 4e-05 -2e-05 -0.0 -7.4e-05 3.1e-05 0.0 7.9e-05 0.0 10.592797 -0.254773 3.786015 10.592787 0.254987 -3.785956 -89.776634 -69.738167 89.979286 20.234638 -3e-06 -1e-06 0.010686 -0.0 0.0 0.000704 0.001974 9.712303 25.642761 -18.917786 54.214165 -29.88636 -10.372678 24.530539 0.0 -0.0 0.0 0.0 -0.0 0.0 1.560195 0.375098 -1.406302 -1.574694 -0.339407 -8.296517 0.0 -0.0 0.0 -2.345381 -3.741133 -2.252148 0.0 -0.0 0.0 -8.680352 -3.883042 -3.13835 8.888373 3.355701 -6.015839 0.0 -0.0 0.0 -0.789304 -7.285017 -3.385952 0.0 -0.0 0.0 -12.266362 -6.770043 -3.829185 12.748711 5.779631 -4.507649 0.0 -0.0 0.0 -0.002125 2.297532 1.077113 0.0 -0.0 0.0 -16.653231 -16.879332 -5.818032 18.858604 14.33904 0.985165 0.0 -0.0 0.0 1.68497 -4.635244 -1.805353 0.0 -0.0 0.0 90.181915 -69.738167 89.97924 20.234636 -4e-06 1e-06 0.010699 -0.0 0.0 0.000698 0.001975 9.712301 25.642763 -18.917789 54.214169 -29.886368 -10.372681 24.530539 0.0 -0.0 0.0 0.0 -0.0 0.0 1.562406 0.379639 -1.402784 -1.576997 -0.344016 -8.299985 0.0 -0.0 0.0 -2.344502 -3.741118 -2.25218 0.0 -0.0 0.0 -8.680535 -3.881308 -3.138472 8.888452 3.353951 -6.015964 0.0 -0.0 0.0 -0.789081 -7.285012 -3.385969 0.0 -0.0 0.0 -12.266361 -6.770046 -3.829185 12.748709 5.779632 -4.507646 0.0 -0.0 0.0 -0.001557 2.295775 1.076246 0.0 -0.0 0.0 -16.652988 -16.879618 -5.819845 18.85882 14.338744 0.986972 0.0 -0.0 0.0 1.684433 -4.633524 -1.803554 0.0 -0.0 0.0 -178.745667 -0.0 0.0 3.659674 -0.0 0.0 -73.798668 0.0 0.0 -4.726109 0.08116 0.023582 -0.997327 3.3e-05 1e-06 1.25456 -0.0 0.0 3.659674 -0.0 0.0 -73.798668 3e-06 0.0 -4.726109 0.081185 0.023581 -0.997327 6e-06 2e-06 
0.0 0.0 0.0 0.0 -0.0 0.0 0.0 100.87085 0.0 90.000328 0.190163 90.000328 -0.049287 1e-06 -3e-06 -5.927024 3e-06 -0.0 5.964053 5e-06 0.0 16.829426 1e-05 2e-06 1.052974 2.1e-05 -2e-06 -24.428869 4e-05 -2e-05 -0.0 -7.4e-05 3.1e-05 0.0 7.9e-05 0.0 10.592797 -0.254773 3.786015 10.592787 0.254987 -3.785956 -89.776634 -69.738167 89.979286 20.234638 -3e-06 -1e-06 0.010686 -0.0 0.0 0.000704 0.001974 9.712303 25.642761 -18.917786 54.214165 -29.88636 -10.372678 24.530539 0.0 -0.0 0.0 0.0 -0.0 0.0 1.560195 0.375098 -1.406302 -1.574694 -0.339407 -8.296517 0.0 -0.0 0.0 -2.345381 -3.741133 -2.252148 0.0 -0.0 0.0 -8.680352 -3.883042 -3.13835 8.888373 3.355701 -6.015839 0.0 -0.0 0.0 -0.789304 -7.285017 -3.385952 0.0 -0.0 0.0 -12.266362 -6.770043 -3.829185 12.748711 5.779631 -4.507649 0.0 -0.0 0.0 -0.002125 2.297532 1.077113 0.0 -0.0 0.0 -16.653231 -16.879332 -5.818032 18.858604 14.33904 0.985165 0.0 -0.0 0.0 1.68497 -4.635244 -1.805353 0.0 -0.0 0.0 90.181915 -69.738167 89.97924 20.234636 -4e-06 1e-06 0.010699 -0.0 0.0 0.000698 0.001975 9.712301 25.642763 -18.917789 54.214169 -29.886368 -10.372681 24.530539 0.0 -0.0 0.0 0.0 -0.0 0.0 1.562406 0.379639 -1.402784 -1.576997 -0.344016 -8.299985 0.0 -0.0 0.0 -2.344502 -3.741118 -2.25218 0.0 -0.0 0.0 -8.680535 -3.881308 -3.138472 8.888452 3.353951 -6.015964 0.0 -0.0 0.0 -0.789081 -7.285012 -3.385969 0.0 -0.0 0.0 -12.266361 -6.770046 -3.829185 12.748709 5.779632 -4.507646 0.0 -0.0 0.0 -0.001557 2.295775 1.076246 0.0 -0.0 0.0 -16.652988 -16.879618 -5.819845 18.85882 14.338744 0.986972 0.0 -0.0 0.0 1.684433 -4.633524 -1.803554 0.0 -0.0 0.0 -178.745667 -0.0 0.0 3.659674 -0.0 0.0 -73.798668 0.0 0.0 -4.726109 0.08116 0.023582 -0.997327 3.3e-05 1e-06 1.25456 -0.0 0.0 3.659674 -0.0 0.0 -73.798668 3e-06 0.0 -4.726109 0.081185 0.023581 -0.997327 6e-06 2e-06 
0.0 0.0 0.0 0.0 -0.0 0.0 0.0 100.87085 0.0 90.000328 0.190163 90.000328 -0.049287 1e-06 -3e-06 -5.927024 3e-06 -0.0 5.964053 5e-06 0.0 16.829426 1e-05 2e-06 1.052974 2.1e-05 -2e-06 -24.428869 4e-05 -2e-05 -0.0 -7.4e-05 3.1e-05 0.0 7.9e-05 0.0 10.592797 -0.254773 3.786015 10.592787 0.254987 -3.785956 -89.776634 -69.738167 89.979286 20.234638 -3e-06 -1e-06 0.010686 -0.0 0.0 0.000704 0.001974 9.712303 25.642761 -18.917786 54.214165 -29.88636 -10.372678 24.530539 0.0 -0.0 0.0 0.0 -0.0 0.0 1.560195 0.375098 -1.406302 -1.574694 -0.339407 -8.296517 0.0 -0.0 0.0 -2.345381 -3.741133 -2.252148 0.0 -0.0 0.0 -8.680352 -3.883042 -3.13835 8.888373 3.355701 -6.015839 0.0 -0.0 0.0 -0.789304 -7.285017 -3.385952 0.0 -0.0 0.0 -12.266362 -6.770043 -3.829185 12.748711 5.779631 -4.507649 0.0 -0.0 0.0 -0.002125 2.297532 1.077113 0.0 -0.0 0.0 -16.653231 -16.879332 -5.818032 18.858604 14.33904 0.985165 0.0 -0.0 0.0 1.68497 -4.635244 -1.805353 0.0 -0.0 0.0 90.181915 -69.738167 89.97924 20.234636 -4e-06 1e-06 0.010699 -0.0 0.0 0.000698 0.001975 9.712301 25.642763 -18.917789 54.214169 -29.886368 -10.372681 24.530539 0.0 -0.0 0.0 0.0 -0.0 0.0 1.562406 0.379639 -1.402784 -1.576997 -0.344016 -8.299985 0.0 -0.0 0.0 -2.344502 -3.741118 -2.25218 0.0 -0.0 0.0 -8.680535 -3.881308 -3.138472 8.888452 3.353951 -6.015964 0.0 -0.0 0.0 -0.789081 -7.285012 -3.385969 0.0 -0.0 0.0 -12.266361 -6.770046 -3.829185 12.748709 5.779632 -4.507646 0.0 -0.0 0.0 -0.001557 2.295775 1.076246 0.0 -0.0 0.0 -16.652988 -16.879618 -5.819845 18.85882 14.338744 0.986972 0.0 -0.0 0.0 1.684433 -4.633524 -1.803554 0.0 -0.0 0.0 -178.745667 -0.0 0.0 3.659674 -0.0 0.0 -73.798668 0.0 0.0 -4.726109 0.08116 0.023582 -0.997327 3.3e-05 1e-06 1.25456 -0.0 0.0 3.659674 -0.0 0.0 -73.798668 3e-06 0.0 -4.726109 0.081185 0.023581 -0.997327 6e-06 2e-06 
0.0 0.0 0.0 0.0 -0.0 0.0 0.0 100.87085 0.0 90.000328 0.190163 90.000328 -0.049287 1e-06 -3e-06 -5.927024 3e-06 -0.0 5.964053 5e-06 0.0 16.829426 1e-05 2e-06 1.052974 2.1e-05 -2e-06 -24.428869 4e-05 -2e-05 -0.0 -7.4e-05 3.1e-05 0.0 7.9e-05 0.0 10.592797 -0.254773 3.786015 10.592787 0.254987 -3.785956 -89.776634 -69.738167 89.979286 20.234638 -3e-06 -1e-06 0.010686 -0.0 0.0 0.000704 0.001974 9.712303 25.642761 -18.917786 54.214165 -29.88636 -10.372678 24.530539 0.0 -0.0 0.0 0.0 -0.0 0.0 1.560195 0.375098 -1.406302 -1.574694 -0.339407 -8.296517 0.0 -0.0 0.0 -2.345381 -3.741133 -2.252148 0.0 -0.0 0.0 -8.680352 -3.883042 -3.13835 8.888373 3.355701 -6.015839 0.0 -0.0 0.0 -0.789304 -7.285017 -3.385952 0.0 -0.0 0.0 -12.266362 -6.770043 -3.829185 12.748711 5.779631 -4.507649 0.0 -0.0 0.0 -0.002125 2.297532 1.077113 0.0 -0.0 0.0 -16.653231 -16.879332 -5.818032 18.858604 14.33904 0.985165 0.0 -0.0 0.0 1.68497 -4.635244 -1.805353 0.0 -0.0 0.0 90.181915 -69.738167 89.97924 20.234636 -4e-06 1e-06 0.010699 -0.0 0.0 0.000698 0.001975 9.712301 25.642763 -18.917789 54.214169 -29.886368 -10.372681 24.530539 0.0 -0.0 0.0 0.0 -0.0 0.0 1.562406 0.379639 -1.402784 -1.576997 -0.344016 -8.299985 0.0 -0.0 0.0 -2.344502 -3.741118 -2.25218 0.0 -0.0 0.0 -8.680535 -3.881308 -3.138472 8.888452 3.353951 -6.015964 0.0 -0.0 0.0 -0.789081 -7.285012 -3.385969 0.0 -0.0 0.0 -12.266361 -6.770046 -3.829185 12.748709 5.779632 -4.507646 0.0 -0.0 0.0 -0.001557 2.295775 1.076246 0.0 -0.0 0.0 -16.652988 -16.879618 -5.819845 18.85882 14.338744 0.986972 0.0 -0.0 0.0 1.684433 -4.633524 -1.803554 0.0 -0.0 0.0 -178.745667 -0.0 0.0 3.659674 -0.0 0.0 -73.798668 0.0 0.0 -4.726109 0.08116 0.023582 -0.997327 3.3e-05 1e-06 1.25456 -0.0 0.0 3.659674 -0.0 0.0 -73.798668 3e-06 0.0 -4.726109 0.081185 0.023581 -0.997327 6e-06 2e-06 
0.0 0.0 0.0 0.0 -0.0 0.0 0.0 100.87085 0.0 90.000328 0.190163 90.000328 -0.049287 1e-06 -3e-06 -5.927024 3e-06 -0.0 5.964053 5e-06 0.0 16.829426 1e-05 2e-06 1.052974 2.1e-05 -2e-06 -24.428869 4e-05 -2e-05 -0.0 -7.4e-05 3.1e-05 0.0 7.9e-05 0.0 10.592797 -0.254773 3.786015 10.592787 0.254987 -3.785956 -89.776634 -69.738167 89.979286 20.234638 -3e-06 -1e-06 0.010686 -0.0 0.0 0.000704 0.001974 9.712303 25.642761 -18.917786 54.214165 -29.88636 -10.372678 24.530539 0.0 -0.0 0.0 0.0 -0.0 0.0 1.560195 0.375098 -1.406302 -1.574694 -0.339407 -8.296517 0.0 -0.0 0.0 -2.345381 -3.741133 -2.252148 0.0 -0.0 0.0 -8.680352 -3.883042 -3.13835 8.888373 3.355701 -6.015839 0.0 -0.0 0.0 -0.789304 -7.285017 -3.385952 0.0 -0.0 0.0 -12.266362 -6.770043 -3.829185 12.748711 5.779631 -4.507649 0.0 -0.0 0.0 -0.002125 2.297532 1.077113 0.0 -0.0 0.0 -16.653231 -16.879332 -5.818032 18.858604 14.33904 0.985165 0.0 -0.0 0.0 1.68497 -4.635244 -1.805353 0.0 -0.0 0.0 90.181915 -69.738167 89.97924 20.234636 -4e-06 1e-06 0.010699 -0.0 0.0 0.000698 0.001975 9.712301 25.642763 -18.917789 54.214169 -29.886368 -10.372681 24.530539 0.0 -0.0 0.0 0.0 -0.0 0.0 1.562406 0.379639 -1.402784 -1.576997 -0.344016 -8.299985 0.0 -0.0 0.0 -2.344502 -3.741118 -2.25218 0.0 -0.0 0.0 -8.680535 -3.881308 -3.138472 8.888452 3.353951 -6.015964 0.0 -0.0 0.0 -0.789081 -7.285012 -3.385969 0.0 -0.0 0.0 -12.266361 -6.770046 -3.829185 12.748709 5.779632 -4.507646 0.0 -0.0 0.0 -0.001557 2.295775 1.076246 0.0 -0.0 0.0 -16.652988 -16.879618 -5.819845 18.85882 14.338744 0.986972 0.0 -0.0 0.0 1.684433 -4.633524 -1.803554 0.0 -0.0 0.0 -178.745667 -0.0 0.0 3.659674 -0.0 0.0 -73.798668 0.0 0.0 -4.726109 0.08116 0.023582 -0.997327 3.3e-05 1e-06 1.25456 -0.0 0.0 3.659674 -0.0 0.0 -73.798668 3e-06 0.0 -4.726109 0.081185 0.023581 -0.997327 6e-06 2e-06 
0.0 0.0 0.0 0.0 -0.0 0.0 0.0 100.87085 0.0 90.000328 0.190163 90.000328 -0.049287 1e-06 -3e-06 -5.927024 3e-06 -0.0 5.964053 5e-06 0.0 16.829426 1e-05 2e-06 1.052974 2.1e-05 -2e-06 -24.428869 4e-05 -2e-05 -0.0 -7.4e-05 3.1e-05 0.0 7.9e-05 0.0 10.592797 -0.254773 3.786015 10.592787 0.254987 -3.785956 -89.776634 -69.738167 89.979286 20.234638 -3e-06 -1e-06 0.010686 -0.0 0.0 0.000704 0.001974 9.712303 25.642761 -18.917786 54.214165 -29.88636 -10.372678 24.530539 0.0 -0.0 0.0 0.0 -0.0 0.0 1.560195 0.375098 -1.406302 -1.574694 -0.339407 -8.296517 0.0 -0.0 0.0 -2.345381 -3.741133 -2.252148 0.0 -0.0 0.0 -8.680352 -3.883042 -3.13835 8.888373 3.355701 -6.015839 0.0 -0.0 0.0 -0.789304 -7.285017 -3.385952 0.0 -0.0 0.0 -12.266362 -6.770043 -3.829185 12.748711 5.779631 -4.507649 0.0 -0.0 0.0 -0.002125 2.297532 1.077113 0.0 -0.0 0.0 -16.653231 -16.879332 -5.818032 18.858604 14.33904 0.985165 0.0 -0.0 0.0 1.68497 -4.635244 -1.805353 0.0 -0.0 0.0 90.181915 -69.738167 89.97924 20.234636 -4e-06 1e-06 0.010699 -0.0 0.0 0.000698 0.001975 9.712301 25.642763 -18.917789 54.214169 -29.886368 -10.372681 24.530539 0.0 -0.0 0.0 0.0 -0.0 0.0 1.562406 0.379639 -1.402784 -1.576997 -0.344016 -8.299985 0.0 -0.0 0.0 -2.344502 -3.741118 -2.25218 0.0 -0.0 0.0 -8.680535 -3.881308 -3.138472 8.888452 3.353951 -6.015964 0.0 -0.0 0.0 -0.789081 -7.285012 -3.385969 0.0 -0.0 0.0 -12.266361 -6.770046 -3.829185 12.748709 5.779632 -4.507646 0.0 -0.0 0.0 -0.001557 2.295775 1.076246 0.0 -0.0 0.0 -16.652988 -16.879618 -5.819845 18.85882 14.338744 0.986972 0.0 -0.0 0.0 1.684433 -4.633524 -1.803554 0.0 -0.0 0.0 -178.745667 -0.0 0.0 3.659674 -0.0 0.0 -73.798668 0.0 0.0 -4.726109 0.08116 0.023582 -0.997327 3.3e-05 1e-06 1.25456 -0.0 0.0 3.659674 -0.0 0.0 -73.798668 3e-06 0.0 -4.726109 0.081185 0.023581 -0.997327 6e-06 2e-06 
0.0 0.0 0.0 0.0 -0.0 0.0 0.0 100.87085 0.0 90.000328 0.190163 90.000328 -0.049287 1e-06 -3e-06 -5.927024 3e-06 -0.0 5.964053 5e-06 0.0 16.829426 1e-05 2e-06 1.052974 2.1e-05 -2e-06 -24.428869 4e-05 -2e-05 -0.0 -7.4e-05 3.1e-05 0.0 7.9e-05 0.0 10.592797 -0.254773 3.786015 10.592787 0.254987 -3.785956 -89.776634 -69.738167 89.979286 20.234638 -3e-06 -1e-06 0.010686 -0.0 0.0 0.000704 0.001974 9.712303 25.642761 -18.917786 54.214165 -29.88636 -10.372678 24.530539 0.0 -0.0 0.0 0.0 -0.0 0.0 1.560195 0.375098 -1.406302 -1.574694 -0.339407 -8.296517 0.0 -0.0 0.0 -2.345381 -3.741133 -2.252148 0.0 -0.0 0.0 -8.680352 -3.883042 -3.13835 8.888373 3.355701 -6.015839 0.0 -0.0 0.0 -0.789304 -7.285017 -3.385952 0.0 -0.0 0.0 -12.266362 -6.770043 -3.829185 12.748711 5.779631 -4.507649 0.0 -0.0 0.0 -0.002125 2.297532 1.077113 0.0 -0.0 0.0 -16.653231 -16.879332 -5.818032 18.858604 14.33904 0.985165 0.0 -0.0 0.0 1.68497 -4.635244 -1.805353 0.0 -0.0 0.0 90.181915 -69.738167 89.97924 20.234636 -4e-06 1e-06 0.010699 -0.0 0.0 0.000698 0.001975 9.712301 25.642763 -18.917789 54.214169 -29.886368 -10.372681 24.530539 0.0 -0.0 0.0 0.0 -0.0 0.0 1.562406 0.379639 -1.402784 -1.576997 -0.344016 -8.299985 0.0 -0.0 0.0 -2.344502 -3.741118 -2.25218 0.0 -0.0 0.0 -8.680535 -3.881308 -3.138472 8.888452 3.353951 -6.015964 0.0 -0.0 0.0 -0.789081 -7.285012 -3.385969 0.0 -0.0 0.0 -12.266361 -6.770046 -3.829185 12.748709 5.779632 -4.507646 0.0 -0.0 0.0 -0.001557 2.295775 1.076246 0.0 -0.0 0.0 -16.652988 -16.879618 -5.819845 18.85882 14.338744 0.986972 0.0 -0.0 0.0 1.684433 -4.633524 -1.803554 0.0 -0.0 0.0 -178.745667 -0.0 0.0 3.659674 -0.0 0.0 -73.798668 0.0 0.0 -4.726109 0.08116 0.023582 -0.997327 3.3e-05 1e-06 1.25456 -0.0 0.0 3.659674 -0.0 0.0 -73.798668 3e-06 0.0 -4.726109 0.081185 0.023581 -0.997327 6e-06 2e-06 
0.0 0.0 0.0 0.0 -0.0 0.0 0.0 100.87085 0.0 90.000328 0.190163 90.000328 -0.049287 1e-06 -3e-06 -5.927024 3e-06 -0.0 5.964053 5e-06 0.0 16.829426 1e-05 2e-06 1.052974 2.1e-05 -2e-06 -24.428869 4e-05 -2e-05 -0.0 -7.4e-05 3.1e-05 0.0 7.9e-05 0.0 10.592797 -0.254773 3.786015 10.592787 0.254987 -3.785956 -89.776634 -69.738167 89.979286 20.234638 -3e-06 -1e-06 0.010686 -0.0 0.0 0.000704 0.001974 9.712303 25.642761 -18.917786 54.214165 -29.88636 -10.372678 24.530539 0.0 -0.0 0.0 0.0 -0.0 0.0 1.560195 0.375098 -1.406302 -1.574694 -0.339407 -8.296517 0.0 -0.0 0.0 -2.345381 -3.741133 -2.252148 0.0 -0.0 0.0 -8.680352 -3.883042 -3.13835 8.888373 3.355701 -6.015839 0.0 -0.0 0.0 -0.789304 -7.285017 -3.385952 0.0 -0.0 0.0 -12.266362 -6.770043 -3.829185 12.748711 5.779631 -4.507649 0.0 -0.0 0.0 -0.002125 2.297532 1.077113 0.0 -0.0 0.0 -16.653231 -16.879332 -5.818032 18.858604 14.33904 0.985165 0.0 -0.0 0.0 1.68497 -4.635244 -1.805353 0.0 -0.0 0.0 90.181915 -69.738167 89.97924 20.234636 -4e-06 1e-06 0.010699 -0.0 0.0 0.000698 0.001975 9.712301 25.642763 -18.917789 54.214169 -29.886368 -10.372681 24.530539 0.0 -0.0 0.0 0.0 -0.0 0.0 1.562406 0.379639 -1.402784 -1.576997 -0.344016 -8.299985 0.0 -0.0 0.0 -2.344502 -3.741118 -2.25218 0.0 -0.0 0.0 -8.680535 -3.881308 -3.138472 8.888452 3.353951 -6.015964 0.0 -0.0 0.0 -0.789081 -7.285012 -3.385969 0.0 -0.0 0.0 -12.266361 -6.770046 -3.829185 12.748709 5.779632 -4.507646 0.0 -0.0 0.0 -0.001557 2.295775 1.076246 0.0 -0.0 0.0 -16.652988 -16.879618 -5.819845 18.85882 14.338744 0.986972 0.0 -0.0 0.0 1.684433 -4.633524 -1.803554 0.0 -0.0 0.0 -178.745667 -0.0 0.0 3.659674 -0.0 0.0 -73.798668 0.0 0.0 -4.726109 0.08116 0.023582 -0.997327 3.3e-05 1e-06 1.25456 -0.0 0.0 3.659674 -0.0 0.0 -73.798668 3e-06 0.0 -4.726109 0.081185 0.023581 -0.997327 6e-06 2e-06 
0.0 0.0 0.0 0.0 -0.0 0.0 0.0 100.87085 0.0 90.000328 0.190163 90.000328 -0.049287 1e-06 -3e-06 -5.927024 3e-06 -0.0 5.964053 5e-06 0.0 16.829426 1e-05 2e-06 1.052974 2.1e-05 -2e-06 -24.428869 4e-05 -2e-05 -0.0 -7.4e-05 3.1e-05 0.0 7.9e-05 0.0 10.592797 -0.254773 3.786015 10.592787 0.254987 -3.785956 -89.776634 -69.738167 89.979286 20.234638 -3e-06 -1e-06 0.010686 -0.0 0.0 0.000704 0.001974 9.712303 25.642761 -18.917786 54.214165 -29.88636 -10.372678 24.530539 0.0 -0.0 0.0 0.0 -0.0 0.0 1.560195 0.375098 -1.406302 -1.574694 -0.339407 -8.296517 0.0 -0.0 0.0 -2.345381 -3.741133 -2.252148 0.0 -0.0 0.0 -8.680352 -3.883042 -3.13835 8.888373 3.355701 -6.015839 0.0 -0.0 0.0 -0.789304 -7.285017 -3.385952 0.0 -0.0 0.0 -12.266362 -6.770043 -3.829185 12.748711 5.779631 -4.507649 0.0 -0.0 0.0 -0.002125 2.297532 1.077113 0.0 -0.0 0.0 -16.653231 -16.879332 -5.818032 18.858604 14.33904 0.985165 0.0 -0.0 0.0 1.68497 -4.635244 -1.805353 0.0 -0.0 0.0 90.181915 -69.738167 89.97924 20.234636 -4e-06 1e-06 0.010699 -0.0 0.0 0.000698 0.001975 9.712301 25.642763 -18.917789 54.214169 -29.886368 -10.372681 24.530539 0.0 -0.0 0.0 0.0 -0.0 0.0 1.562406 0.379639 -1.402784 -1.576997 -0.344016 -8.299985 0.0 -0.0 0.0 -2.344502 -3.741118 -2.25218 0.0 -0.0 0.0 -8.680535 -3.881308 -3.138472 8.888452 3.353951 -6.015964 0.0 -0.0 0.0 -0.789081 -7.285012 -3.385969 0.0 -0.0 0.0 -12.266361 -6.770046 -3.829185 12.748709 5.779632 -4.507646 0.0 -0.0 0.0 -0.001557 2.295775 1.076246 0.0 -0.0 0.0 -16.652988 -16.879618 -5.819845 18.85882 14.338744 0.986972 0.0 -0.0 0.0 1.684433 -4.633524 -1.803554 0.0 -0.0 0.0 -178.745667 -0.0 0.0 3.659674 -0.0 0.0 -73.798668 0.0 0.0 -4.726109 0.08116 0.023582 -0.997327 3.3e-05 1e-06 1.25456 -0.0 0.0 3.659674 -0.0 0.0 -73.798668 3e-06 0.0 -4.726109 0.081185 0.023581 -0.997327 6e-06 2e-06 
